version 1
nodes
0 "Implicit" -1
end
skeleton
time 0
0  0.000000 0.000000 0.000000  0.000000 0.000000 0.000000
end
triangles
Roof_Dish001
0  20.815861 1.623799 64.106125  -0.866025 -0.000003 -0.500000  0.818157 0.146840
0  21.753361 1.623799 62.482330  -0.866026 -0.000001 -0.499999  0.818157 0.118070
0  20.347111 0.000001 64.918030  -0.866026 -0.000000 -0.499999  0.793241 0.161225
Roof_Dish001
0  21.753361 1.623799 62.482330  -0.866026 -0.000001 -0.499999  0.818157 0.118070
0  22.222111 0.000001 61.670429  -0.866026 0.000000 -0.499999  0.793241 0.103685
0  20.347111 0.000001 64.918030  -0.866026 -0.000000 -0.499999  0.793241 0.161225
Roof_Dish001
0  22.222111 0.000001 61.670429  -0.866026 0.000000 -0.499999  0.793241 0.103685
0  21.753361 -1.623797 62.482330  -0.866026 0.000001 -0.499999  0.768326 0.118070
0  20.347111 0.000001 64.918030  -0.866026 -0.000000 -0.499999  0.793241 0.161225
Roof_Dish001
0  21.753361 -1.623797 62.482330  -0.866026 0.000001 -0.499999  0.768326 0.118070
0  20.815861 -1.623797 64.106125  -0.866025 0.000003 -0.500000  0.768326 0.146840
0  20.347111 0.000001 64.918030  -0.866026 -0.000000 -0.499999  0.793241 0.161225
Roof_Dish001
0  9.343555 3.635494 45.976742  -0.866025 -0.000001 -0.500000  0.670704 0.723839
0  9.705129 0.000000 45.350479  -0.866025 0.000000 -0.500001  0.645335 0.718792
0  8.313886 6.717515 47.760185  -0.866025 -0.000000 -0.500000  0.692212 0.738209
Roof_Dish001
0  9.705129 0.000000 45.350479  -0.866025 0.000000 -0.500001  0.645335 0.718792
0  9.343555 -3.635493 45.976742  -0.866026 0.000000 -0.499999  0.619965 0.723839
0  8.313886 6.717515 47.760185  -0.866025 -0.000000 -0.500000  0.692212 0.738209
Roof_Dish001
0  9.343555 -3.635493 45.976742  -0.866026 0.000000 -0.499999  0.619965 0.723839
0  8.313886 -6.717515 47.760185  -0.866026 0.000000 -0.499999  0.598458 0.738209
0  8.313886 6.717515 47.760185  -0.866025 -0.000000 -0.500000  0.692212 0.738209
Roof_Dish001
0  8.313886 -6.717515 47.760185  -0.866026 0.000000 -0.499999  0.598458 0.738209
0  6.772875 -8.776855 50.429295  -0.866025 -0.000000 -0.500000  0.584087 0.759717
0  8.313886 6.717515 47.760185  -0.866025 -0.000000 -0.500000  0.692212 0.738209
Roof_Dish001
0  6.772875 -8.776855 50.429295  -0.866025 -0.000000 -0.500000  0.584087 0.759717
0  4.955130 -9.500000 53.577721  -0.866025 0.000000 -0.500000  0.579040 0.785087
0  8.313886 6.717515 47.760185  -0.866025 -0.000000 -0.500000  0.692212 0.738209
Roof_Dish001
0  4.955130 -9.500000 53.577721  -0.866025 0.000000 -0.500000  0.579040 0.785087
0  3.137383 -8.776855 56.726151  -0.866025 0.000000 -0.500000  0.584087 0.810456
0  8.313886 6.717515 47.760185  -0.866025 -0.000000 -0.500000  0.692212 0.738209
Roof_Dish001
0  3.137383 -8.776855 56.726151  -0.866025 0.000000 -0.500000  0.584087 0.810456
0  1.596373 -6.717515 59.395260  -0.866025 0.000000 -0.500000  0.598458 0.831964
0  8.313886 6.717515 47.760185  -0.866025 -0.000000 -0.500000  0.692212 0.738209
Roof_Dish001
0  1.596373 -6.717515 59.395260  -0.866025 0.000000 -0.500000  0.598458 0.831964
0  0.566702 -3.635493 61.178703  -0.866026 -0.000000 -0.500000  0.619965 0.846335
0  8.313886 6.717515 47.760185  -0.866025 -0.000000 -0.500000  0.692212 0.738209
Roof_Dish001
0  0.566702 -3.635493 61.178703  -0.866026 -0.000000 -0.500000  0.619965 0.846335
0  0.205130 0.000000 61.804962  -0.866026 -0.000000 -0.500000  0.645335 0.851381
0  8.313886 6.717515 47.760185  -0.866025 -0.000000 -0.500000  0.692212 0.738209
Roof_Dish001
0  0.205130 0.000000 61.804962  -0.866026 -0.000000 -0.500000  0.645335 0.851381
0  0.566702 3.635493 61.178703  -0.866026 0.000000 -0.500000  0.670704 0.846335
0  8.313886 6.717515 47.760185  -0.866025 -0.000000 -0.500000  0.692212 0.738209
Roof_Dish001
0  0.566702 3.635493 61.178703  -0.866026 0.000000 -0.500000  0.670704 0.846335
0  1.596373 6.717515 59.395260  -0.866025 -0.000000 -0.500000  0.692212 0.831964
0  8.313886 6.717515 47.760185  -0.866025 -0.000000 -0.500000  0.692212 0.738209
Roof_Dish001
0  1.596373 6.717515 59.395260  -0.866025 -0.000000 -0.500000  0.692212 0.831964
0  3.137383 8.776855 56.726151  -0.866025 -0.000000 -0.500000  0.706583 0.810456
0  8.313886 6.717515 47.760185  -0.866025 -0.000000 -0.500000  0.692212 0.738209
Roof_Dish001
0  3.137383 8.776855 56.726151  -0.866025 -0.000000 -0.500000  0.706583 0.810456
0  4.955129 9.500000 53.577721  -0.866026 -0.000001 -0.500000  0.711629 0.785087
0  8.313886 6.717515 47.760185  -0.866025 -0.000000 -0.500000  0.692212 0.738209
Roof_Dish001
0  4.955129 9.500000 53.577721  -0.866026 -0.000001 -0.500000  0.711629 0.785087
0  6.772874 8.776855 50.429295  -0.866025 -0.000001 -0.500000  0.706583 0.759717
0  8.313886 6.717515 47.760185  -0.866025 -0.000000 -0.500000  0.692212 0.738209
Roof_Dish001
0  0.205130 0.000000 61.804962  0.500001 0.000089 -0.866025  0.997867 0.997335
0  0.566702 -3.635493 61.178703  0.461940 0.382685 -0.800102  0.997867 0.978046
0  -0.444389 -0.000000 61.429962  0.500001 0.000089 -0.866025  0.992382 0.997335
Roof_Dish001
0  0.566702 -3.635493 61.178703  0.461940 0.382685 -0.800102  0.997867 0.978046
0  -0.082817 -3.635493 60.803703  0.461941 0.382681 -0.800104  0.992382 0.978046
0  -0.444389 -0.000000 61.429962  0.500001 0.000089 -0.866025  0.992382 0.997335
Roof_Dish001
0  0.566702 -3.635493 61.178703  0.461940 0.382685 -0.800102  0.997867 0.978046
0  1.596373 -6.717515 59.395260  0.353552 0.707109 -0.612371  0.997867 0.958757
0  -0.082817 -3.635493 60.803703  0.461941 0.382681 -0.800104  0.992382 0.978046
Roof_Dish001
0  1.596373 -6.717515 59.395260  0.353552 0.707109 -0.612371  0.997867 0.958757
0  0.946854 -6.717515 59.020260  0.353554 0.707105 -0.612373  0.992382 0.958757
0  -0.082817 -3.635493 60.803703  0.461941 0.382681 -0.800104  0.992382 0.978046
Roof_Dish001
0  1.596373 -6.717515 59.395260  0.353552 0.707109 -0.612371  0.997867 0.958757
0  3.137383 -8.776855 56.726151  0.191342 0.923880 -0.331412  0.997867 0.939468
0  0.946854 -6.717515 59.020260  0.353554 0.707105 -0.612373  0.992382 0.958757
Roof_Dish001
0  3.137383 -8.776855 56.726151  0.191342 0.923880 -0.331412  0.997867 0.939468
0  2.487864 -8.776855 56.351151  0.191344 0.923878 -0.331415  0.992382 0.939468
0  0.946854 -6.717515 59.020260  0.353554 0.707105 -0.612373  0.992382 0.958757
Roof_Dish001
0  3.137383 -8.776855 56.726151  0.191342 0.923880 -0.331412  0.997867 0.939468
0  4.955130 -9.500000 53.577721  -0.000001 1.000000 0.000003  0.997867 0.920178
0  2.487864 -8.776855 56.351151  0.191344 0.923878 -0.331415  0.992382 0.939468
Roof_Dish001
0  4.955130 -9.500000 53.577721  -0.000001 1.000000 0.000003  0.997867 0.920178
0  4.305611 -9.500000 53.202721  0.000001 1.000000 -0.000001  0.992382 0.920178
0  2.487864 -8.776855 56.351151  0.191344 0.923878 -0.331415  0.992382 0.939468
Roof_Dish001
0  4.955130 -9.500000 53.577721  -0.000001 1.000000 0.000003  0.997867 0.920178
0  6.772875 -8.776855 50.429295  -0.191345 0.923879 0.331414  0.997867 0.900889
0  4.305611 -9.500000 53.202721  0.000001 1.000000 -0.000001  0.992382 0.920178
Roof_Dish001
0  6.772875 -8.776855 50.429295  -0.191345 0.923879 0.331414  0.997867 0.900889
0  6.123356 -8.776855 50.054295  -0.191342 0.923881 0.331410  0.992382 0.900889
0  4.305611 -9.500000 53.202721  0.000001 1.000000 -0.000001  0.992382 0.920178
Roof_Dish001
0  6.772875 -8.776855 50.429295  -0.191345 0.923879 0.331414  0.997867 0.900889
0  8.313886 -6.717515 47.760185  -0.353555 0.707105 0.612373  0.997867 0.881600
0  6.123356 -8.776855 50.054295  -0.191342 0.923881 0.331410  0.992382 0.900889
Roof_Dish001
0  8.313886 -6.717515 47.760185  -0.353555 0.707105 0.612373  0.997867 0.881600
0  7.664368 -6.717515 47.385185  -0.353553 0.707109 0.612371  0.992382 0.881600
0  6.123356 -8.776855 50.054295  -0.191342 0.923881 0.331410  0.992382 0.900889
Roof_Dish001
0  8.313886 -6.717515 47.760185  -0.353555 0.707105 0.612373  0.997867 0.881600
0  9.343555 -3.635493 45.976742  -0.461942 0.382681 0.800103  0.997867 0.862311
0  7.664368 -6.717515 47.385185  -0.353553 0.707109 0.612371  0.992382 0.881600
Roof_Dish001
0  9.343555 -3.635493 45.976742  -0.461942 0.382681 0.800103  0.997867 0.862311
0  8.694037 -3.635493 45.601742  -0.461940 0.382685 0.800102  0.992382 0.862311
0  7.664368 -6.717515 47.385185  -0.353553 0.707109 0.612371  0.992382 0.881600
Roof_Dish001
0  9.343555 -3.635493 45.976742  -0.461942 0.382681 0.800103  0.997867 0.862311
0  9.705129 0.000000 45.350479  -0.500001 -0.000002 0.866025  0.997867 0.843021
0  8.694037 -3.635493 45.601742  -0.461940 0.382685 0.800102  0.992382 0.862311
Roof_Dish001
0  9.705129 0.000000 45.350479  -0.500001 -0.000002 0.866025  0.997867 0.843021
0  9.055610 0.000000 44.975479  -0.500001 0.000003 0.866025  0.992382 0.843021
0  8.694037 -3.635493 45.601742  -0.461940 0.382685 0.800102  0.992382 0.862311
Roof_Dish001
0  9.705129 0.000000 45.350479  -0.500001 -0.000002 0.866025  0.997867 0.843021
0  9.343555 3.635494 45.976742  -0.461940 -0.382686 0.800102  0.997867 0.823732
0  9.055610 0.000000 44.975479  -0.500001 0.000003 0.866025  0.992382 0.843021
Roof_Dish001
0  9.343555 3.635494 45.976742  -0.461940 -0.382686 0.800102  0.997867 0.823732
0  8.694037 3.635494 45.601742  -0.461941 -0.382682 0.800103  0.992382 0.823732
0  9.055610 0.000000 44.975479  -0.500001 0.000003 0.866025  0.992382 0.843021
Roof_Dish001
0  9.343555 3.635494 45.976742  -0.461940 -0.382686 0.800102  0.997867 0.823732
0  8.313886 6.717515 47.760185  -0.353555 -0.707108 0.612370  0.997867 0.804443
0  8.694037 3.635494 45.601742  -0.461941 -0.382682 0.800103  0.992382 0.823732
Roof_Dish001
0  8.313886 6.717515 47.760185  -0.353555 -0.707108 0.612370  0.997867 0.804443
0  7.664367 6.717515 47.385185  -0.353556 -0.707105 0.612373  0.992382 0.804443
0  8.694037 3.635494 45.601742  -0.461941 -0.382682 0.800103  0.992382 0.823732
Roof_Dish001
0  8.313886 6.717515 47.760185  -0.353555 -0.707108 0.612370  0.997867 0.804443
0  6.772874 8.776855 50.429295  -0.191340 -0.923881 0.331412  0.997867 0.785154
0  7.664367 6.717515 47.385185  -0.353556 -0.707105 0.612373  0.992382 0.804443
Roof_Dish001
0  6.772874 8.776855 50.429295  -0.191340 -0.923881 0.331412  0.997867 0.785154
0  6.123355 8.776855 50.054295  -0.191342 -0.923879 0.331416  0.992382 0.785154
0  7.664367 6.717515 47.385185  -0.353556 -0.707105 0.612373  0.992382 0.804443
Roof_Dish001
0  6.772874 8.776855 50.429295  -0.191340 -0.923881 0.331412  0.997867 0.785154
0  4.955129 9.500000 53.577721  0.000001 -1.000000 -0.000002  0.997867 0.765864
0  6.123355 8.776855 50.054295  -0.191342 -0.923879 0.331416  0.992382 0.785154
Roof_Dish001
0  4.955129 9.500000 53.577721  0.000001 -1.000000 -0.000002  0.997867 0.765864
0  4.305610 9.500000 53.202721  -0.000001 -1.000000 0.000002  0.992382 0.765864
0  6.123355 8.776855 50.054295  -0.191342 -0.923879 0.331416  0.992382 0.785154
Roof_Dish001
0  4.955129 9.500000 53.577721  0.000001 -1.000000 -0.000002  0.997867 0.765864
0  3.137383 8.776855 56.726151  0.191342 -0.923879 -0.331415  0.997867 0.746575
0  4.305610 9.500000 53.202721  -0.000001 -1.000000 0.000002  0.992382 0.765864
Roof_Dish001
0  3.137383 8.776855 56.726151  0.191342 -0.923879 -0.331415  0.997867 0.746575
0  2.487864 8.776855 56.351151  0.191340 -0.923881 -0.331411  0.992382 0.746575
0  4.305610 9.500000 53.202721  -0.000001 -1.000000 0.000002  0.992382 0.765864
Roof_Dish001
0  3.137383 8.776855 56.726151  0.191342 -0.923879 -0.331415  0.997867 0.746575
0  1.596373 6.717515 59.395260  0.353556 -0.707105 -0.612373  0.997867 0.727286
0  2.487864 8.776855 56.351151  0.191340 -0.923881 -0.331411  0.992382 0.746575
Roof_Dish001
0  1.596373 6.717515 59.395260  0.353556 -0.707105 -0.612373  0.997867 0.727286
0  0.946854 6.717515 59.020260  0.353555 -0.707108 -0.612370  0.992382 0.727286
0  2.487864 8.776855 56.351151  0.191340 -0.923881 -0.331411  0.992382 0.746575
Roof_Dish001
0  1.596373 6.717515 59.395260  0.353556 -0.707105 -0.612373  0.997867 0.727286
0  0.566702 3.635493 61.178703  0.461941 -0.382681 -0.800104  0.997867 0.707997
0  0.946854 6.717515 59.020260  0.353555 -0.707108 -0.612370  0.992382 0.727286
Roof_Dish001
0  0.566702 3.635493 61.178703  0.461941 -0.382681 -0.800104  0.997867 0.707997
0  -0.082817 3.635493 60.803703  0.461940 -0.382685 -0.800102  0.992382 0.707997
0  0.946854 6.717515 59.020260  0.353555 -0.707108 -0.612370  0.992382 0.727286
Roof_Dish001
0  0.566702 3.635493 61.178703  0.461941 -0.382681 -0.800104  0.997867 0.707997
0  0.205130 0.000000 61.804962  0.500001 -0.000089 -0.866025  0.997867 0.688707
0  -0.082817 3.635493 60.803703  0.461940 -0.382685 -0.800102  0.992382 0.707997
Roof_Dish001
0  0.205130 0.000000 61.804962  0.500001 -0.000089 -0.866025  0.997867 0.688707
0  -0.444389 -0.000000 61.429962  0.500001 -0.000089 -0.866025  0.992382 0.688707
0  -0.082817 3.635493 60.803703  0.461940 -0.382685 -0.800102  0.992382 0.707997
Roof_Dish001
0  22.339464 21.801210 38.318897  0.502238 -0.408792 0.762001  0.797949 0.202588
0  22.164743 21.673468 38.365528  0.084471 -0.627820 0.773762  0.797067 0.203470
0  24.254204 17.125877 35.002476  0.466231 -0.321229 0.824282  0.765684 0.176160
Roof_Dish001
0  22.164743 21.673468 38.365528  0.084471 -0.627820 0.773762  0.797067 0.203470
0  22.339464 21.801210 38.318897  0.502238 -0.408792 0.762001  0.797949 0.202588
0  20.001797 25.630684 42.367855  0.545968 -0.480760 0.686140  0.824377 0.234853
Roof_Dish001
0  19.840773 25.480505 42.390759  0.151689 -0.738271 0.657226  0.823340 0.235546
0  22.164743 21.673468 38.365528  0.084471 -0.627820 0.773762  0.797067 0.203470
0  20.001797 25.630684 42.367855  0.545968 -0.480760 0.686140  0.824377 0.234853
Roof_Dish001
0  17.192806 28.317749 46.977173  0.228497 -0.820303 0.524301  0.842921 0.272094
0  19.840773 25.480505 42.390759  0.151689 -0.738271 0.657226  0.823340 0.235546
0  20.001797 25.630684 42.367855  0.545968 -0.480760 0.686140  0.824377 0.234853
Roof_Dish001
0  17.338223 28.484650 46.981300  0.596017 -0.534116 0.599570  0.844072 0.271617
0  17.192806 28.317749 46.977173  0.228497 -0.820303 0.524301  0.842921 0.272094
0  20.001797 25.630684 42.367855  0.545968 -0.480760 0.686140  0.824377 0.234853
Roof_Dish001
0  17.192806 28.317749 46.977173  0.228497 -0.820303 0.524301  0.842921 0.272094
0  17.338223 28.484650 46.981300  0.596017 -0.534116 0.599570  0.844072 0.271617
0  14.445764 30.233454 51.991188  0.650189 -0.567088 0.505634  0.856141 0.311539
Roof_Dish001
0  14.317295 30.056305 51.957706  0.311736 -0.870859 0.380034  0.854919 0.311783
0  17.192806 28.317749 46.977173  0.228497 -0.820303 0.524301  0.842921 0.272094
0  14.445764 30.233454 51.991188  0.650189 -0.567088 0.505634  0.856141 0.311539
Roof_Dish001
0  11.328012 30.650909 57.135300  0.398382 -0.887903 0.230043  0.859022 0.353042
0  14.317295 30.056305 51.957706  0.311736 -0.870859 0.380034  0.854919 0.311783
0  14.445764 30.233454 51.991188  0.650189 -0.567088 0.505634  0.856141 0.311539
Roof_Dish001
0  11.438861 30.831564 57.199299  0.706630 -0.578125 0.407977  0.860269 0.353042
0  11.328012 30.650909 57.135300  0.398382 -0.887903 0.230043  0.859022 0.353042
0  14.445764 30.233454 51.991188  0.650189 -0.567088 0.505634  0.856141 0.311539
Roof_Dish001
0  11.328012 30.650909 57.135300  0.398382 -0.887903 0.230043  0.859022 0.353042
0  11.438861 30.831564 57.199299  0.706630 -0.578125 0.407977  0.860269 0.353042
0  8.431957 30.233454 62.407410  0.762986 -0.567092 0.310257  0.856141 0.394544
Roof_Dish001
0  8.338725 30.056305 62.312893  0.484955 -0.870872 0.079997  0.854919 0.394301
0  11.328012 30.650909 57.135300  0.398382 -0.887903 0.230043  0.859022 0.353042
0  8.431957 30.233454 62.407410  0.762986 -0.567092 0.310257  0.856141 0.394544
Roof_Dish001
0  5.463212 28.317749 67.293427  0.568273 -0.820330 -0.064228  0.842921 0.433989
0  8.338725 30.056305 62.312893  0.484955 -0.870872 0.079997  0.854919 0.394301
0  8.431957 30.233454 62.407410  0.762986 -0.567092 0.310257  0.856141 0.394544
Roof_Dish001
0  5.539496 28.484650 67.417297  0.817249 -0.534123 0.216372  0.844072 0.434467
0  5.463212 28.317749 67.293427  0.568273 -0.820330 -0.064228  0.842921 0.433989
0  8.431957 30.233454 62.407410  0.762986 -0.567092 0.310257  0.856141 0.394544
Roof_Dish001
0  5.463212 28.317749 67.293427  0.568273 -0.820330 -0.064228  0.842921 0.433989
0  5.539496 28.484650 67.417297  0.817249 -0.534123 0.216372  0.844072 0.434467
0  2.875923 25.630684 72.030739  0.867195 -0.480768 0.129751  0.824377 0.471230
Roof_Dish001
0  2.815246 25.480505 71.879837  0.644988 -0.738309 -0.197205  0.823340 0.470538
0  5.463212 28.317749 67.293427  0.568273 -0.820330 -0.064228  0.842921 0.433989
0  2.875923 25.630684 72.030739  0.867195 -0.480768 0.129751  0.824377 0.471230
Roof_Dish001
0  0.491277 21.673466 75.905067  0.712316 -0.627854 -0.313697  0.797067 0.502614
0  2.815246 25.480505 71.879837  0.644988 -0.738309 -0.197205  0.823340 0.470538
0  2.875923 25.630684 72.030739  0.867195 -0.480768 0.129751  0.824377 0.471230
Roof_Dish001
0  0.538257 21.801208 76.079697  0.911036 -0.408783 0.053942  0.797949 0.503495
0  0.491277 21.673466 75.905067  0.712316 -0.627854 -0.313697  0.797067 0.502614
0  2.875923 25.630684 72.030739  0.867195 -0.480768 0.129751  0.824377 0.471230
Roof_Dish001
0  0.491277 21.673466 75.905067  0.712316 -0.627854 -0.313697  0.797067 0.502614
0  0.538257 21.801208 76.079697  0.911036 -0.408783 0.053942  0.797949 0.503495
0  -1.376481 17.125875 79.396118  0.946960 -0.321242 -0.008397  0.765684 0.529923
Roof_Dish001
0  19.840776 -25.480505 42.390759  0.151723 0.738299 0.657187  0.471651 0.235546
0  17.192810 -28.317749 46.977173  0.228520 0.820327 0.524254  0.452071 0.272094
0  20.001801 -25.630684 42.367855  0.545974 0.480753 0.686140  0.470614 0.234853
Roof_Dish001
0  22.164743 -21.673464 38.365528  0.084488 0.627858 0.773729  0.497924 0.203470
0  19.840776 -25.480505 42.390759  0.151723 0.738299 0.657187  0.471651 0.235546
0  20.001801 -25.630684 42.367855  0.545974 0.480753 0.686140  0.470614 0.234853
Roof_Dish001
0  22.339464 -21.801207 38.318897  0.502234 0.408789 0.762005  0.497042 0.202588
0  22.164743 -21.673464 38.365528  0.084488 0.627858 0.773729  0.497924 0.203470
0  20.001801 -25.630684 42.367855  0.545974 0.480753 0.686140  0.470614 0.234853
Roof_Dish001
0  22.164743 -21.673464 38.365528  0.084488 0.627858 0.773729  0.497924 0.203470
0  22.339464 -21.801207 38.318897  0.502234 0.408789 0.762005  0.497042 0.202588
0  24.254204 -17.125874 35.002476  0.466216 0.321232 0.824289  0.529308 0.176160
Roof_Dish001
0  24.068262 -17.025526 35.068535  0.029235 0.493332 0.869350  0.530000 0.177197
0  22.164743 -21.673464 38.365528  0.084488 0.627858 0.773729  0.497924 0.203470
0  24.254204 -17.125874 35.002476  0.466216 0.321232 0.824289  0.529308 0.176160
Roof_Dish001
0  25.486885 -11.729594 32.611408  -0.011765 0.339812 0.940420  0.566548 0.157616
0  24.068262 -17.025526 35.068535  0.029235 0.493332 0.869350  0.530000 0.177197
0  24.254204 -17.125874 35.002476  0.466216 0.321232 0.824289  0.529308 0.176160
Roof_Dish001
0  25.681187 -11.798728 32.530869  0.439563 0.221240 0.870539  0.566071 0.156465
0  25.486885 -11.729594 32.611408  -0.011765 0.339812 0.940420  0.566548 0.157616
0  24.254204 -17.125874 35.002476  0.466216 0.321232 0.824289  0.529308 0.176160
Roof_Dish001
0  25.486885 -11.729594 32.611408  -0.011765 0.339812 0.940420  0.566548 0.157616
0  25.681187 -11.798728 32.530869  0.439563 0.221240 0.870539  0.566071 0.156465
0  26.555588 -6.013807 31.016357  0.423044 0.112802 0.899060  0.605993 0.144396
Roof_Dish001
0  26.356163 -5.978569 31.105774  -0.037068 0.173255 0.984179  0.606237 0.145618
0  25.486885 -11.729594 32.611408  -0.011765 0.339812 0.940420  0.566548 0.157616
0  26.555588 -6.013807 31.016357  0.423044 0.112802 0.899060  0.605993 0.144396
Roof_Dish001
0  26.653465 0.000001 30.590830  -0.045565 0.000029 0.998961  0.647496 0.141515
0  26.356163 -5.978569 31.105774  -0.037068 0.173255 0.984179  0.606237 0.145618
0  26.555588 -6.013807 31.016357  0.423044 0.112802 0.899060  0.605993 0.144396
Roof_Dish001
0  26.854643 0.000001 30.498379  0.417559 0.000000 0.908650  0.647496 0.140268
0  26.653465 0.000001 30.590830  -0.045565 0.000029 0.998961  0.647496 0.141515
0  26.555588 -6.013807 31.016357  0.423044 0.112802 0.899060  0.605993 0.144396
Roof_Dish001
0  26.653465 0.000001 30.590830  -0.045565 0.000029 0.998961  0.647496 0.141515
0  26.854643 0.000001 30.498379  0.417559 0.000000 0.908650  0.647496 0.140268
0  26.555588 6.013809 31.016357  0.423050 -0.112802 0.899058  0.688998 0.144396
Roof_Dish001
0  26.356163 5.978571 31.105774  -0.037113 -0.173203 0.984187  0.688755 0.145618
0  26.653465 0.000001 30.590830  -0.045565 0.000029 0.998961  0.647496 0.141515
0  26.555588 6.013809 31.016357  0.423050 -0.112802 0.899058  0.688998 0.144396
Roof_Dish001
0  25.486885 11.729596 32.611408  -0.011776 -0.339758 0.940439  0.728443 0.157616
0  26.356163 5.978571 31.105774  -0.037113 -0.173203 0.984187  0.688755 0.145618
0  26.555588 6.013809 31.016357  0.423050 -0.112802 0.899058  0.688998 0.144396
Roof_Dish001
0  25.681187 11.798730 32.530869  0.439563 -0.221240 0.870539  0.728920 0.156465
0  25.486885 11.729596 32.611408  -0.011776 -0.339758 0.940439  0.728443 0.157616
0  26.555588 6.013809 31.016357  0.423050 -0.112802 0.899058  0.688998 0.144396
Roof_Dish001
0  25.486885 11.729596 32.611408  -0.011776 -0.339758 0.940439  0.728443 0.157616
0  25.681187 11.798730 32.530869  0.439563 -0.221240 0.870539  0.728920 0.156465
0  24.254204 17.125877 35.002476  0.466231 -0.321229 0.824282  0.765684 0.176160
Roof_Dish001
0  24.068262 17.025530 35.068535  0.029193 -0.493294 0.869372  0.764991 0.177197
0  25.486885 11.729596 32.611408  -0.011776 -0.339758 0.940439  0.728443 0.157616
0  24.254204 17.125877 35.002476  0.466231 -0.321229 0.824282  0.765684 0.176160
Roof_Dish001
0  22.164743 21.673468 38.365528  0.084471 -0.627820 0.773762  0.797067 0.203470
0  24.068262 17.025530 35.068535  0.029193 -0.493294 0.869372  0.764991 0.177197
0  24.254204 17.125877 35.002476  0.466231 -0.321229 0.824282  0.765684 0.176160
Roof_Dish001
0  -2.803463 -11.798729 81.867729  0.973692 0.221235 -0.054589  0.566071 0.549619
0  -2.830863 -11.729595 81.659187  0.808561 0.339755 -0.480412  0.566548 0.548467
0  -3.677864 -6.013808 83.382240  0.990132 0.112795 -0.083161  0.605993 0.561688
Roof_Dish001
0  -2.830863 -11.729595 81.659187  0.808561 0.339755 -0.480412  0.566548 0.548467
0  -2.803463 -11.798729 81.867729  0.973692 0.221235 -0.054589  0.566071 0.549619
0  -1.376479 -17.125875 79.396118  0.946961 0.321239 -0.008393  0.529308 0.529923
Roof_Dish001
0  -1.412239 -17.025528 79.202065  0.767507 0.493288 -0.409390  0.530000 0.528887
0  -2.830863 -11.729595 81.659187  0.808561 0.339755 -0.480412  0.566548 0.548467
0  -1.376479 -17.125875 79.396118  0.946961 0.321239 -0.008393  0.529308 0.529923
Roof_Dish001
0  0.491279 -21.673466 75.905067  0.712336 0.627812 -0.313733  0.497924 0.502614
0  -1.412239 -17.025528 79.202065  0.767507 0.493288 -0.409390  0.530000 0.528887
0  -1.376479 -17.125875 79.396118  0.946961 0.321239 -0.008393  0.529308 0.529923
Roof_Dish001
0  0.538259 -21.801208 76.079697  0.911036 0.408784 0.053942  0.497042 0.503495
0  0.491279 -21.673466 75.905067  0.712336 0.627812 -0.313733  0.497924 0.502614
0  -1.376479 -17.125875 79.396118  0.946961 0.321239 -0.008393  0.529308 0.529923
Roof_Dish001
0  0.491279 -21.673466 75.905067  0.712336 0.627812 -0.313733  0.497924 0.502614
0  0.538259 -21.801208 76.079697  0.911036 0.408784 0.053942  0.497042 0.503495
0  2.875925 -25.630684 72.030739  0.867191 0.480772 0.129760  0.470614 0.471230
Roof_Dish001
0  2.815248 -25.480505 71.879837  0.645010 0.738281 -0.197239  0.471651 0.470538
0  0.491279 -21.673466 75.905067  0.712336 0.627812 -0.313733  0.497924 0.502614
0  2.875925 -25.630684 72.030739  0.867191 0.480772 0.129760  0.470614 0.471230
Roof_Dish001
0  5.463215 -28.317749 67.293427  0.568300 0.820307 -0.064275  0.452071 0.433989
0  2.815248 -25.480505 71.879837  0.645010 0.738281 -0.197239  0.471651 0.470538
0  2.875925 -25.630684 72.030739  0.867191 0.480772 0.129760  0.470614 0.471230
Roof_Dish001
0  5.539499 -28.484650 67.417297  0.817249 0.534123 0.216372  0.450919 0.434467
0  5.463215 -28.317749 67.293427  0.568300 0.820307 -0.064275  0.452071 0.433989
0  2.875925 -25.630684 72.030739  0.867191 0.480772 0.129760  0.470614 0.471230
Roof_Dish001
0  5.463215 -28.317749 67.293427  0.568300 0.820307 -0.064275  0.452071 0.433989
0  5.539499 -28.484650 67.417297  0.817249 0.534123 0.216372  0.450919 0.434467
0  8.431959 -30.233454 62.407410  0.762988 0.567088 0.310259  0.438850 0.394544
Roof_Dish001
0  8.338727 -30.056305 62.312893  0.484988 0.870858 0.079951  0.440073 0.394301
0  5.463215 -28.317749 67.293427  0.568300 0.820307 -0.064275  0.452071 0.433989
0  8.431959 -30.233454 62.407410  0.762988 0.567088 0.310259  0.438850 0.394544
Roof_Dish001
0  11.328013 -30.650909 57.135300  0.398411 0.887903 0.229991  0.435969 0.353042
0  8.338727 -30.056305 62.312893  0.484988 0.870858 0.079951  0.440073 0.394301
0  8.431959 -30.233454 62.407410  0.762988 0.567088 0.310259  0.438850 0.394544
Roof_Dish001
0  11.438863 -30.831564 57.199299  0.706631 0.578125 0.407976  0.434722 0.353042
0  11.328013 -30.650909 57.135300  0.398411 0.887903 0.229991  0.435969 0.353042
0  8.431959 -30.233454 62.407410  0.762988 0.567088 0.310259  0.438850 0.394544
Roof_Dish001
0  11.328013 -30.650909 57.135300  0.398411 0.887903 0.229991  0.435969 0.353042
0  11.438863 -30.831564 57.199299  0.706631 0.578125 0.407976  0.434722 0.353042
0  14.445765 -30.233454 51.991188  0.650188 0.567090 0.505632  0.438850 0.311539
Roof_Dish001
0  14.317297 -30.056305 51.957706  0.311763 0.870872 0.379982  0.440073 0.311783
0  11.328013 -30.650909 57.135300  0.398411 0.887903 0.229991  0.435969 0.353042
0  14.445765 -30.233454 51.991188  0.650188 0.567090 0.505632  0.438850 0.311539
Roof_Dish001
0  17.192810 -28.317749 46.977173  0.228520 0.820327 0.524254  0.452071 0.272094
0  14.317297 -30.056305 51.957706  0.311763 0.870872 0.379982  0.440073 0.311783
0  14.445765 -30.233454 51.991188  0.650188 0.567090 0.505632  0.438850 0.311539
Roof_Dish001
0  17.338226 -28.484650 46.981300  0.596013 0.534118 0.599572  0.450919 0.271617
0  17.192810 -28.317749 46.977173  0.228520 0.820327 0.524254  0.452071 0.272094
0  14.445765 -30.233454 51.991188  0.650188 0.567090 0.505632  0.438850 0.311539
Roof_Dish001
0  17.192810 -28.317749 46.977173  0.228520 0.820327 0.524254  0.452071 0.272094
0  17.338226 -28.484650 46.981300  0.596013 0.534118 0.599572  0.450919 0.271617
0  20.001801 -25.630684 42.367855  0.545974 0.480753 0.686140  0.470614 0.234853
Roof_Dish001
0  -1.412241 17.025528 79.202065  0.767487 -0.493339 -0.409366  0.764991 0.528887
0  0.491277 21.673466 75.905067  0.712316 -0.627854 -0.313697  0.797067 0.502614
0  -1.376481 17.125875 79.396118  0.946960 -0.321242 -0.008397  0.765684 0.529923
Roof_Dish001
0  -2.830863 11.729595 81.659187  0.808550 -0.339809 -0.480392  0.728443 0.548467
0  -1.412241 17.025528 79.202065  0.767487 -0.493339 -0.409366  0.764991 0.528887
0  -1.376481 17.125875 79.396118  0.946960 -0.321242 -0.008397  0.765684 0.529923
Roof_Dish001
0  -2.803463 11.798729 81.867729  0.973691 -0.221235 -0.054589  0.728920 0.549619
0  -2.830863 11.729595 81.659187  0.808550 -0.339809 -0.480392  0.728443 0.548467
0  -1.376481 17.125875 79.396118  0.946960 -0.321242 -0.008397  0.765684 0.529923
Roof_Dish001
0  -2.830863 11.729595 81.659187  0.808550 -0.339809 -0.480392  0.728443 0.548467
0  -2.803463 11.798729 81.867729  0.973691 -0.221235 -0.054589  0.728920 0.549619
0  -3.677864 6.013808 83.382240  0.990132 -0.112793 -0.083160  0.688998 0.561688
Roof_Dish001
0  -3.700140 5.978570 83.164825  0.833769 -0.173251 -0.524227  0.688755 0.560465
0  -2.830863 11.729595 81.659187  0.808550 -0.339809 -0.480392  0.728443 0.548467
0  -3.677864 6.013808 83.382240  0.990132 -0.112793 -0.083160  0.688998 0.561688
Roof_Dish001
0  -3.997442 -0.000000 83.679764  0.842348 -0.000029 -0.538934  0.647496 0.564569
0  -3.700140 5.978570 83.164825  0.833769 -0.173251 -0.524227  0.688755 0.560465
0  -3.677864 6.013808 83.382240  0.990132 -0.112793 -0.083160  0.688998 0.561688
Roof_Dish001
0  -3.976919 -0.000000 83.900215  0.995694 0.000000 -0.092700  0.647496 0.565815
0  -3.997442 -0.000000 83.679764  0.842348 -0.000029 -0.538934  0.647496 0.564569
0  -3.677864 6.013808 83.382240  0.990132 -0.112793 -0.083160  0.688998 0.561688
Roof_Dish001
0  -3.997442 -0.000000 83.679764  0.842348 -0.000029 -0.538934  0.647496 0.564569
0  -3.976919 -0.000000 83.900215  0.995694 0.000000 -0.092700  0.647496 0.565815
0  -3.677864 -6.013808 83.382240  0.990132 0.112795 -0.083161  0.605993 0.561688
Roof_Dish001
0  -3.700140 -5.978570 83.164825  0.833799 0.173192 -0.524199  0.606237 0.560465
0  -3.997442 -0.000000 83.679764  0.842348 -0.000029 -0.538934  0.647496 0.564569
0  -3.677864 -6.013808 83.382240  0.990132 0.112795 -0.083161  0.605993 0.561688
Roof_Dish001
0  -2.830863 -11.729595 81.659187  0.808561 0.339755 -0.480412  0.566548 0.548467
0  -3.700140 -5.978570 83.164825  0.833799 0.173192 -0.524199  0.606237 0.560465
0  -3.677864 -6.013808 83.382240  0.990132 0.112795 -0.083161  0.605993 0.561688
Roof_Dish001
0  13.652194 -30.056305 51.573708  -0.097543 0.980785 0.168954  0.281250 0.000488
0  10.662910 -30.650909 56.751301  0.000001 1.000000 0.000000  0.250000 0.000488
0  14.317297 -30.056305 51.957706  0.311713 0.870873 0.380019  0.281250 0.006128
Roof_Dish001
0  10.662910 -30.650909 56.751301  0.000001 1.000000 0.000000  0.250000 0.000488
0  11.328013 -30.650909 57.135300  0.398370 0.887914 0.230024  0.250000 0.006128
0  14.317297 -30.056305 51.957706  0.311713 0.870873 0.380019  0.281250 0.006128
Roof_Dish001
0  8.338727 -30.056305 62.312893  0.484964 0.870873 0.079943  0.218750 0.006128
0  11.328013 -30.650909 57.135300  0.398370 0.887914 0.230024  0.250000 0.006128
0  10.662910 -30.650909 56.751301  0.000001 1.000000 0.000000  0.250000 0.000488
Roof_Dish001
0  7.673625 -30.056305 61.928894  0.097548 0.980785 -0.168951  0.218750 0.000488
0  8.338727 -30.056305 62.312893  0.484964 0.870873 0.079943  0.218750 0.006128
0  10.662910 -30.650909 56.751301  0.000001 1.000000 0.000000  0.250000 0.000488
Roof_Dish001
0  7.673625 -30.056305 61.928894  0.097548 0.980785 -0.168951  0.218750 0.000488
0  4.798113 -28.317749 66.909431  0.191338 0.923880 -0.331415  0.187500 0.000488
0  8.338727 -30.056305 62.312893  0.484964 0.870873 0.079943  0.218750 0.006128
Roof_Dish001
0  4.798113 -28.317749 66.909431  0.191338 0.923880 -0.331415  0.187500 0.000488
0  5.463215 -28.317749 67.293427  0.568281 0.820320 -0.064282  0.187500 0.006128
0  8.338727 -30.056305 62.312893  0.484964 0.870873 0.079943  0.218750 0.006128
Roof_Dish001
0  2.815248 -25.480505 71.879837  0.644992 0.738302 -0.197219  0.156250 0.006128
0  5.463215 -28.317749 67.293427  0.568281 0.820320 -0.064282  0.187500 0.006128
0  4.798113 -28.317749 66.909431  0.191338 0.923880 -0.331415  0.187500 0.000488
Roof_Dish001
0  2.150146 -25.480505 71.495842  0.277789 0.831468 -0.481138  0.156250 0.000488
0  2.815248 -25.480505 71.879837  0.644992 0.738302 -0.197219  0.156250 0.006128
0  4.798113 -28.317749 66.909431  0.191338 0.923880 -0.331415  0.187500 0.000488
Roof_Dish001
0  2.815248 -25.480505 71.879837  0.644992 0.738302 -0.197219  0.156250 0.006128
0  2.150146 -25.480505 71.495842  0.277789 0.831468 -0.481138  0.156250 0.000488
0  0.491279 -21.673466 75.905067  0.712309 0.627837 -0.313746  0.125000 0.006128
Roof_Dish001
0  2.150146 -25.480505 71.495842  0.277789 0.831468 -0.481138  0.156250 0.000488
0  -0.173823 -21.673466 75.521072  0.353551 0.707107 -0.612374  0.125000 0.000488
0  0.491279 -21.673466 75.905067  0.712309 0.627837 -0.313746  0.125000 0.006128
Roof_Dish001
0  -1.412239 -17.025528 79.202065  0.767485 0.493325 -0.409386  0.093750 0.006128
0  0.491279 -21.673466 75.905067  0.712309 0.627837 -0.313746  0.125000 0.006128
0  -0.173823 -21.673466 75.521072  0.353551 0.707107 -0.612374  0.125000 0.000488
Roof_Dish001
0  -2.077342 -17.025528 78.818069  0.415746 0.555567 -0.720070  0.093750 0.000488
0  -1.412239 -17.025528 79.202065  0.767485 0.493325 -0.409386  0.093750 0.006128
0  -0.173823 -21.673466 75.521072  0.353551 0.707107 -0.612374  0.125000 0.000488
Roof_Dish001
0  -2.077342 -17.025528 78.818069  0.415746 0.555567 -0.720070  0.093750 0.000488
0  -3.495965 -11.729595 81.275192  0.461931 0.382685 -0.800107  0.062500 0.000488
0  -1.412239 -17.025528 79.202065  0.767485 0.493325 -0.409386  0.093750 0.006128
Roof_Dish001
0  -3.495965 -11.729595 81.275192  0.461931 0.382685 -0.800107  0.062500 0.000488
0  -2.830863 -11.729595 81.659187  0.808566 0.339766 -0.480396  0.062500 0.006128
0  -1.412239 -17.025528 79.202065  0.767485 0.493325 -0.409386  0.093750 0.006128
Roof_Dish001
0  -3.700140 -5.978570 83.164825  0.833779 0.173249 -0.524211  0.031250 0.006128
0  -2.830863 -11.729595 81.659187  0.808566 0.339766 -0.480396  0.062500 0.006128
0  -3.495965 -11.729595 81.275192  0.461931 0.382685 -0.800107  0.062500 0.000488
Roof_Dish001
0  -4.365242 -5.978570 82.780823  0.490394 0.195090 -0.849384  0.031250 0.000488
0  -3.700140 -5.978570 83.164825  0.833779 0.173249 -0.524211  0.031250 0.006128
0  -3.495965 -11.729595 81.275192  0.461931 0.382685 -0.800107  0.062500 0.000488
Roof_Dish001
0  -3.700140 -5.978570 83.164825  0.833779 0.173249 -0.524211  0.031250 0.006128
0  -4.365242 -5.978570 82.780823  0.490394 0.195090 -0.849384  0.031250 0.000488
0  -3.997442 -0.000000 83.679764  0.842355 0.000002 -0.538923  0.000000 0.006128
Roof_Dish001
0  -4.365242 -5.978570 82.780823  0.490394 0.195090 -0.849384  0.031250 0.000488
0  -4.662545 -0.000000 83.295769  0.500001 0.000090 -0.866025  0.000000 0.000488
0  -3.997442 -0.000000 83.679764  0.842355 0.000002 -0.538923  0.000000 0.006128
Roof_Dish001
0  26.356163 5.978571 31.105774  -0.037103 -0.173207 0.984186  0.531250 0.006128
0  25.486885 11.729596 32.611408  -0.011782 -0.339809 0.940421  0.562500 0.006128
0  24.821781 11.729596 32.227413  -0.461942 -0.382682 0.800103  0.562500 0.000488
Roof_Dish001
0  25.691059 5.978571 30.721777  -0.490391 -0.195091 0.849386  0.531250 0.000488
0  26.356163 5.978571 31.105774  -0.037103 -0.173207 0.984186  0.531250 0.006128
0  24.821781 11.729596 32.227413  -0.461942 -0.382682 0.800103  0.562500 0.000488
Roof_Dish001
0  25.691059 5.978571 30.721777  -0.490391 -0.195091 0.849386  0.531250 0.000488
0  25.988363 0.000001 30.206833  -0.499999 0.000000 0.866026  0.500000 0.000488
0  26.356163 5.978571 31.105774  -0.037103 -0.173207 0.984186  0.531250 0.006128
Roof_Dish001
0  25.988363 0.000001 30.206833  -0.499999 0.000000 0.866026  0.500000 0.000488
0  26.653465 0.000001 30.590830  -0.045576 -0.000022 0.998961  0.500000 0.006128
0  26.356163 5.978571 31.105774  -0.037103 -0.173207 0.984186  0.531250 0.006128
Roof_Dish001
0  26.356163 -5.978569 31.105774  -0.037103 0.173208 0.984186  0.468750 0.006128
0  26.653465 0.000001 30.590830  -0.045576 -0.000022 0.998961  0.500000 0.006128
0  25.988363 0.000001 30.206833  -0.499999 0.000000 0.866026  0.500000 0.000488
Roof_Dish001
0  25.691059 -5.978569 30.721777  -0.490391 0.195091 0.849386  0.468750 0.000488
0  26.356163 -5.978569 31.105774  -0.037103 0.173208 0.984186  0.468750 0.006128
0  25.988363 0.000001 30.206833  -0.499999 0.000000 0.866026  0.500000 0.000488
Roof_Dish001
0  25.691059 -5.978569 30.721777  -0.490391 0.195091 0.849386  0.468750 0.000488
0  24.821781 -11.729594 32.227413  -0.461940 0.382682 0.800104  0.437500 0.000488
0  26.356163 -5.978569 31.105774  -0.037103 0.173208 0.984186  0.468750 0.006128
Roof_Dish001
0  24.821781 -11.729594 32.227413  -0.461940 0.382682 0.800104  0.437500 0.000488
0  25.486885 -11.729594 32.611408  -0.011786 0.339777 0.940432  0.437500 0.006128
0  26.356163 -5.978569 31.105774  -0.037103 0.173208 0.984186  0.468750 0.006128
Roof_Dish001
0  24.068262 -17.025526 35.068535  0.029179 0.493296 0.869372  0.406250 0.006128
0  25.486885 -11.729594 32.611408  -0.011786 0.339777 0.940432  0.437500 0.006128
0  24.821781 -11.729594 32.227413  -0.461940 0.382682 0.800104  0.437500 0.000488
Roof_Dish001
0  23.403160 -17.025526 34.684536  -0.415738 0.555571 0.720072  0.406250 0.000488
0  24.068262 -17.025526 35.068535  0.029179 0.493296 0.869372  0.406250 0.006128
0  24.821781 -11.729594 32.227413  -0.461940 0.382682 0.800104  0.437500 0.000488
Roof_Dish001
0  23.403160 -17.025526 34.684536  -0.415738 0.555571 0.720072  0.406250 0.000488
0  21.499641 -21.673466 37.981529  -0.353561 0.707105 0.612370  0.375000 0.000488
0  24.068262 -17.025526 35.068535  0.029179 0.493296 0.869372  0.406250 0.006128
Roof_Dish001
0  21.499641 -21.673466 37.981529  -0.353561 0.707105 0.612370  0.375000 0.000488
0  22.164743 -21.673464 38.365528  0.084454 0.627866 0.773726  0.375000 0.006128
0  24.068262 -17.025526 35.068535  0.029179 0.493296 0.869372  0.406250 0.006128
Roof_Dish001
0  19.840776 -25.480505 42.390759  0.151684 0.738302 0.657192  0.343750 0.006128
0  22.164743 -21.673464 38.365528  0.084454 0.627866 0.773726  0.375000 0.006128
0  21.499641 -21.673466 37.981529  -0.353561 0.707105 0.612370  0.375000 0.000488
Roof_Dish001
0  19.175674 -25.480505 42.006760  -0.277787 0.831469 0.481138  0.343750 0.000488
0  19.840776 -25.480505 42.390759  0.151684 0.738302 0.657192  0.343750 0.006128
0  21.499641 -21.673466 37.981529  -0.353561 0.707105 0.612370  0.375000 0.000488
Roof_Dish001
0  19.175674 -25.480505 42.006760  -0.277787 0.831469 0.481138  0.343750 0.000488
0  16.527708 -28.317749 46.593174  -0.191343 0.923879 0.331413  0.312500 0.000488
0  19.840776 -25.480505 42.390759  0.151684 0.738302 0.657192  0.343750 0.006128
Roof_Dish001
0  16.527708 -28.317749 46.593174  -0.191343 0.923879 0.331413  0.312500 0.000488
0  17.192810 -28.317749 46.977173  0.228494 0.820334 0.524254  0.312500 0.006128
0  19.840776 -25.480505 42.390759  0.151684 0.738302 0.657192  0.343750 0.006128
Roof_Dish001
0  14.317297 -30.056305 51.957706  0.311713 0.870873 0.380019  0.281250 0.006128
0  17.192810 -28.317749 46.977173  0.228494 0.820334 0.524254  0.312500 0.006128
0  16.527708 -28.317749 46.593174  -0.191343 0.923879 0.331413  0.312500 0.000488
Roof_Dish001
0  13.652194 -30.056305 51.573708  -0.097543 0.980785 0.168954  0.281250 0.000488
0  14.317297 -30.056305 51.957706  0.311713 0.870873 0.380019  0.281250 0.006128
0  16.527708 -28.317749 46.593174  -0.191343 0.923879 0.331413  0.312500 0.000488
Roof_Dish001
0  2.150144 25.480505 71.495842  0.277789 -0.831468 -0.481139  0.843750 0.000488
0  4.798110 28.317749 66.909431  0.191338 -0.923880 -0.331413  0.812500 0.000488
0  2.815246 25.480505 71.879837  0.644987 -0.738305 -0.197226  0.843750 0.006128
Roof_Dish001
0  4.798110 28.317749 66.909431  0.191338 -0.923880 -0.331413  0.812500 0.000488
0  5.463212 28.317749 67.293427  0.568282 -0.820320 -0.064280  0.812500 0.006128
0  2.815246 25.480505 71.879837  0.644987 -0.738305 -0.197226  0.843750 0.006128
Roof_Dish001
0  8.338725 30.056305 62.312893  0.484942 -0.870881 0.079979  0.781250 0.006128
0  5.463212 28.317749 67.293427  0.568282 -0.820320 -0.064280  0.812500 0.006128
0  4.798110 28.317749 66.909431  0.191338 -0.923880 -0.331413  0.812500 0.000488
Roof_Dish001
0  7.673623 30.056305 61.928894  0.097547 -0.980785 -0.168952  0.781250 0.000488
0  8.338725 30.056305 62.312893  0.484942 -0.870881 0.079979  0.781250 0.006128
0  4.798110 28.317749 66.909431  0.191338 -0.923880 -0.331413  0.812500 0.000488
Roof_Dish001
0  7.673623 30.056305 61.928894  0.097547 -0.980785 -0.168952  0.781250 0.000488
0  10.662908 30.650909 56.751301  0.000001 -1.000000 0.000000  0.750000 0.000488
0  8.338725 30.056305 62.312893  0.484942 -0.870881 0.079979  0.781250 0.006128
Roof_Dish001
0  10.662908 30.650909 56.751301  0.000001 -1.000000 0.000000  0.750000 0.000488
0  11.328012 30.650909 57.135300  0.398392 -0.887914 0.229986  0.750000 0.006128
0  8.338725 30.056305 62.312893  0.484942 -0.870881 0.079979  0.781250 0.006128
Roof_Dish001
0  14.317295 30.056305 51.957706  0.311713 -0.870873 0.380020  0.718750 0.006128
0  11.328012 30.650909 57.135300  0.398392 -0.887914 0.229986  0.750000 0.006128
0  10.662908 30.650909 56.751301  0.000001 -1.000000 0.000000  0.750000 0.000488
Roof_Dish001
0  13.652192 30.056305 51.573708  -0.097544 -0.980785 0.168955  0.718750 0.000488
0  14.317295 30.056305 51.957706  0.311713 -0.870873 0.380020  0.718750 0.006128
0  10.662908 30.650909 56.751301  0.000001 -1.000000 0.000000  0.750000 0.000488
Roof_Dish001
0  13.652192 30.056305 51.573708  -0.097544 -0.980785 0.168955  0.718750 0.000488
0  16.527704 28.317749 46.593174  -0.191343 -0.923880 0.331413  0.687500 0.000488
0  14.317295 30.056305 51.957706  0.311713 -0.870873 0.380020  0.718750 0.006128
Roof_Dish001
0  16.527704 28.317749 46.593174  -0.191343 -0.923880 0.331413  0.687500 0.000488
0  17.192806 28.317749 46.977173  0.228494 -0.820335 0.524253  0.687500 0.006128
0  14.317295 30.056305 51.957706  0.311713 -0.870873 0.380020  0.718750 0.006128
Roof_Dish001
0  19.840773 25.480505 42.390759  0.151670 -0.738284 0.657216  0.656250 0.006128
0  17.192806 28.317749 46.977173  0.228494 -0.820335 0.524253  0.687500 0.006128
0  16.527704 28.317749 46.593174  -0.191343 -0.923880 0.331413  0.687500 0.000488
Roof_Dish001
0  19.175671 25.480505 42.006760  -0.277786 -0.831470 0.481136  0.656250 0.000488
0  19.840773 25.480505 42.390759  0.151670 -0.738284 0.657216  0.656250 0.006128
0  16.527704 28.317749 46.593174  -0.191343 -0.923880 0.331413  0.687500 0.000488
Roof_Dish001
0  19.175671 25.480505 42.006760  -0.277786 -0.831470 0.481136  0.656250 0.000488
0  21.499641 21.673466 37.981529  -0.353559 -0.707105 0.612372  0.625000 0.000488
0  19.840773 25.480505 42.390759  0.151670 -0.738284 0.657216  0.656250 0.006128
Roof_Dish001
0  21.499641 21.673466 37.981529  -0.353559 -0.707105 0.612372  0.625000 0.000488
0  22.164743 21.673468 38.365528  0.084457 -0.627866 0.773726  0.625000 0.006128
0  19.840773 25.480505 42.390759  0.151670 -0.738284 0.657216  0.656250 0.006128
Roof_Dish001
0  24.068262 17.025530 35.068535  0.029180 -0.493296 0.869372  0.593750 0.006128
0  22.164743 21.673468 38.365528  0.084457 -0.627866 0.773726  0.625000 0.006128
0  21.499641 21.673466 37.981529  -0.353559 -0.707105 0.612372  0.625000 0.000488
Roof_Dish001
0  23.403160 17.025530 34.684536  -0.415738 -0.555570 0.720072  0.593750 0.000488
0  24.068262 17.025530 35.068535  0.029180 -0.493296 0.869372  0.593750 0.006128
0  21.499641 21.673466 37.981529  -0.353559 -0.707105 0.612372  0.625000 0.000488
Roof_Dish001
0  23.403160 17.025530 34.684536  -0.415738 -0.555570 0.720072  0.593750 0.000488
0  24.821781 11.729596 32.227413  -0.461942 -0.382682 0.800103  0.562500 0.000488
0  24.068262 17.025530 35.068535  0.029180 -0.493296 0.869372  0.593750 0.006128
Roof_Dish001
0  24.821781 11.729596 32.227413  -0.461942 -0.382682 0.800103  0.562500 0.000488
0  25.486885 11.729596 32.611408  -0.011782 -0.339809 0.940421  0.562500 0.006128
0  24.068262 17.025530 35.068535  0.029180 -0.493296 0.869372  0.593750 0.006128
Roof_Dish001
0  -4.662545 -0.000000 83.295769  0.499993 -0.000090 -0.866029  1.000000 0.000488
0  -4.365242 5.978570 82.780823  0.490394 -0.195090 -0.849384  0.968750 0.000488
0  -3.997442 -0.000000 83.679764  0.842355 -0.000002 -0.538922  1.000000 0.006128
Roof_Dish001
0  -4.365242 5.978570 82.780823  0.490394 -0.195090 -0.849384  0.968750 0.000488
0  -3.700140 5.978570 83.164825  0.833783 -0.173206 -0.524219  0.968750 0.006128
0  -3.997442 -0.000000 83.679764  0.842355 -0.000002 -0.538922  1.000000 0.006128
Roof_Dish001
0  -4.365242 5.978570 82.780823  0.490394 -0.195090 -0.849384  0.968750 0.000488
0  -3.495965 11.729595 81.275192  0.461931 -0.382685 -0.800107  0.937500 0.000488
0  -3.700140 5.978570 83.164825  0.833783 -0.173206 -0.524219  0.968750 0.006128
Roof_Dish001
0  -3.495965 11.729595 81.275192  0.461931 -0.382685 -0.800107  0.937500 0.000488
0  -2.830863 11.729595 81.659187  0.808566 -0.339764 -0.480397  0.937500 0.006128
0  -3.700140 5.978570 83.164825  0.833783 -0.173206 -0.524219  0.968750 0.006128
Roof_Dish001
0  -1.412241 17.025528 79.202065  0.767495 -0.493297 -0.409402  0.906250 0.006128
0  -2.830863 11.729595 81.659187  0.808566 -0.339764 -0.480397  0.937500 0.006128
0  -3.495965 11.729595 81.275192  0.461931 -0.382685 -0.800107  0.937500 0.000488
Roof_Dish001
0  -2.077344 17.025528 78.818069  0.415746 -0.555567 -0.720070  0.906250 0.000488
0  -1.412241 17.025528 79.202065  0.767495 -0.493297 -0.409402  0.906250 0.006128
0  -3.495965 11.729595 81.275192  0.461931 -0.382685 -0.800107  0.937500 0.000488
Roof_Dish001
0  -2.077344 17.025528 78.818069  0.415746 -0.555567 -0.720070  0.906250 0.000488
0  -0.173825 21.673466 75.521072  0.353551 -0.707107 -0.612373  0.875000 0.000488
0  -1.412241 17.025528 79.202065  0.767495 -0.493297 -0.409402  0.906250 0.006128
Roof_Dish001
0  -0.173825 21.673466 75.521072  0.353551 -0.707107 -0.612373  0.875000 0.000488
0  0.491277 21.673466 75.905067  0.712310 -0.627836 -0.313745  0.875000 0.006128
0  -1.412241 17.025528 79.202065  0.767495 -0.493297 -0.409402  0.906250 0.006128
Roof_Dish001
0  2.815246 25.480505 71.879837  0.644987 -0.738305 -0.197226  0.843750 0.006128
0  0.491277 21.673466 75.905067  0.712310 -0.627836 -0.313745  0.875000 0.006128
0  -0.173825 21.673466 75.521072  0.353551 -0.707107 -0.612373  0.875000 0.000488
Roof_Dish001
0  2.150144 25.480505 71.495842  0.277789 -0.831468 -0.481139  0.843750 0.000488
0  2.815246 25.480505 71.879837  0.644987 -0.738305 -0.197226  0.843750 0.006128
0  -0.173825 21.673466 75.521072  0.353551 -0.707107 -0.612373  0.875000 0.000488
Roof_Dish001
0  22.946133 -1.590989 62.416389  -0.866024 0.000000 -0.500002  0.743632 0.030341
0  22.150637 -2.249999 63.794228  -0.866025 0.000000 -0.500001  0.730826 0.061258
0  23.275637 0.000001 61.845673  -0.866026 0.000000 -0.500000  0.774550 0.017534
Roof_Dish001
0  22.150637 -2.249999 63.794228  -0.866025 0.000000 -0.500001  0.730826 0.061258
0  21.355143 -1.590989 65.172066  -0.866026 0.000000 -0.499999  0.743632 0.092175
0  23.275637 0.000001 61.845673  -0.866026 0.000000 -0.500000  0.774550 0.017534
Roof_Dish001
0  21.355143 -1.590989 65.172066  -0.866026 0.000000 -0.499999  0.743632 0.092175
0  21.025639 0.000001 65.742783  -0.866026 0.000000 -0.499999  0.774550 0.104982
0  23.275637 0.000001 61.845673  -0.866026 0.000000 -0.500000  0.774550 0.017534
Roof_Dish001
0  21.025639 0.000001 65.742783  -0.866026 0.000000 -0.499999  0.774550 0.104982
0  21.355143 1.590991 65.172066  -0.866025 0.000000 -0.500000  0.805467 0.092175
0  23.275637 0.000001 61.845673  -0.866026 0.000000 -0.500000  0.774550 0.017534
Roof_Dish001
0  21.355143 1.590991 65.172066  -0.866025 0.000000 -0.500000  0.805467 0.092175
0  22.150637 2.250001 63.794228  -0.866024 0.000000 -0.500002  0.818273 0.061258
0  23.275637 0.000001 61.845673  -0.866026 0.000000 -0.500000  0.774550 0.017534
Roof_Dish001
0  22.150637 2.250001 63.794228  -0.866024 0.000000 -0.500002  0.818273 0.061258
0  22.946133 1.590991 62.416389  -0.866028 0.000000 -0.499996  0.805467 0.030341
0  23.275637 0.000001 61.845673  -0.866026 0.000000 -0.500000  0.774550 0.017534
Roof_Dish001
0  19.175671 25.480505 42.006760  -0.866022 0.000003 -0.500007  0.390722 0.235546
0  19.276018 25.780865 41.832954  -0.866021 0.000003 -0.500007  0.392795 0.234161
0  21.627380 21.928949 37.760273  -0.866027 -0.000008 -0.499997  0.366213 0.201706
Roof_Dish001
0  19.276018 25.780865 41.832954  -0.866021 0.000003 -0.500007  0.392795 0.234161
0  19.175671 25.480505 42.006760  -0.866022 0.000003 -0.500007  0.390722 0.235546
0  16.596836 28.651552 46.473431  -0.866028 -0.000010 -0.499995  0.412606 0.271140
Roof_Dish001
0  19.175671 25.480505 42.006760  -0.866022 0.000003 -0.500007  0.390722 0.235546
0  16.527704 28.317749 46.593174  -0.866028 -0.000011 -0.499995  0.410302 0.272094
0  16.596836 28.651552 46.473431  -0.866028 -0.000010 -0.499995  0.412606 0.271140
Roof_Dish001
0  16.527704 28.317749 46.593174  -0.866028 -0.000011 -0.499995  0.410302 0.272094
0  13.652192 30.056305 51.573708  -0.866024 0.000006 -0.500003  0.422300 0.311783
0  16.596836 28.651552 46.473431  -0.866028 -0.000010 -0.499995  0.412606 0.271140
Roof_Dish001
0  13.652192 30.056305 51.573708  -0.866024 0.000006 -0.500003  0.422300 0.311783
0  13.687429 30.410603 51.512676  -0.866024 0.000007 -0.500003  0.424746 0.311296
0  16.596836 28.651552 46.473431  -0.866028 -0.000010 -0.499995  0.412606 0.271140
Roof_Dish001
0  13.687429 30.410603 51.512676  -0.866024 0.000007 -0.500003  0.424746 0.311296
0  13.652192 30.056305 51.573708  -0.866024 0.000006 -0.500003  0.422300 0.311783
0  10.662908 31.012217 56.751301  -0.866026 0.000000 -0.499999  0.428897 0.353042
Roof_Dish001
0  13.652192 30.056305 51.573708  -0.866024 0.000006 -0.500003  0.422300 0.311783
0  10.662908 30.650909 56.751301  -0.866026 0.000000 -0.499999  0.426404 0.353042
0  10.662908 31.012217 56.751301  -0.866026 0.000000 -0.499999  0.428897 0.353042
Roof_Dish001
0  10.662908 30.650909 56.751301  -0.866026 0.000000 -0.499999  0.426404 0.353042
0  7.673623 30.056305 61.928894  -0.866023 0.000002 -0.500005  0.422300 0.394301
0  10.662908 31.012217 56.751301  -0.866026 0.000000 -0.499999  0.428897 0.353042
Roof_Dish001
0  7.673623 30.056305 61.928894  -0.866023 0.000002 -0.500005  0.422300 0.394301
0  7.638384 30.410603 61.989929  -0.866023 0.000002 -0.500005  0.424746 0.394787
0  10.662908 31.012217 56.751301  -0.866026 0.000000 -0.499999  0.428897 0.353042
Roof_Dish001
0  7.638384 30.410603 61.989929  -0.866023 0.000002 -0.500005  0.424746 0.394787
0  7.673623 30.056305 61.928894  -0.866023 0.000002 -0.500005  0.422300 0.394301
0  4.728977 28.651552 67.029175  -0.866027 0.000001 -0.499996  0.412606 0.434944
Roof_Dish001
0  7.673623 30.056305 61.928894  -0.866023 0.000002 -0.500005  0.422300 0.394301
0  4.798110 28.317749 66.909431  -0.866028 0.000001 -0.499996  0.410302 0.433989
0  4.728977 28.651552 67.029175  -0.866027 0.000001 -0.499996  0.412606 0.434944
Roof_Dish001
0  4.798110 28.317749 66.909431  -0.866028 0.000001 -0.499996  0.410302 0.433989
0  2.150144 25.480505 71.495842  -0.866025 -0.000001 -0.500001  0.390722 0.470538
0  4.728977 28.651552 67.029175  -0.866027 0.000001 -0.499996  0.412606 0.434944
Roof_Dish001
0  2.150144 25.480505 71.495842  -0.866025 -0.000001 -0.500001  0.390722 0.470538
0  2.049797 25.780865 71.669647  -0.866025 -0.000001 -0.500001  0.392795 0.471923
0  4.728977 28.651552 67.029175  -0.866027 0.000001 -0.499996  0.412606 0.434944
Roof_Dish001
0  2.049797 25.780865 71.669647  -0.866025 -0.000001 -0.500001  0.392795 0.471923
0  2.150144 25.480505 71.495842  -0.866025 -0.000001 -0.500001  0.390722 0.470538
0  -0.301567 21.928949 75.742332  -0.866028 0.000004 -0.499996  0.366213 0.504377
Roof_Dish001
0  2.150144 25.480505 71.495842  -0.866025 -0.000001 -0.500001  0.390722 0.470538
0  -0.173825 21.673466 75.521072  -0.866028 0.000004 -0.499996  0.364449 0.502614
0  -0.301567 21.928949 75.742332  -0.866028 0.000004 -0.499996  0.366213 0.504377
Roof_Dish001
0  -0.173825 21.673466 75.521072  -0.866028 0.000004 -0.499996  0.364449 0.502614
0  -2.077344 17.025528 78.818069  -0.866018 -0.000002 -0.500013  0.332373 0.528887
0  -0.301567 21.928949 75.742332  -0.866028 0.000004 -0.499996  0.366213 0.504377
Roof_Dish001
0  -2.077344 17.025528 78.818069  -0.866018 -0.000002 -0.500013  0.332373 0.528887
0  -2.227524 17.226223 79.078186  -0.866017 -0.000003 -0.500014  0.333758 0.530960
0  -0.301567 21.928949 75.742332  -0.866028 0.000004 -0.499996  0.366213 0.504377
Roof_Dish001
0  -2.227524 17.226223 79.078186  -0.866017 -0.000003 -0.500014  0.333758 0.530960
0  -2.077344 17.025528 78.818069  -0.866018 -0.000002 -0.500013  0.332373 0.528887
0  -3.662867 11.867862 81.564278  -0.866029 0.000002 -0.499994  0.296779 0.550771
Roof_Dish001
0  -2.077344 17.025528 78.818069  -0.866018 -0.000002 -0.500013  0.332373 0.528887
0  -3.495965 11.729595 81.275192  -0.866029 0.000003 -0.499993  0.295825 0.548467
0  -3.662867 11.867862 81.564278  -0.866029 0.000002 -0.499994  0.296779 0.550771
Roof_Dish001
0  -3.495965 11.729595 81.275192  -0.866029 0.000003 -0.499993  0.295825 0.548467
0  -4.365242 5.978570 82.780823  -0.866024 0.000000 -0.500003  0.256136 0.560465
0  -3.662867 11.867862 81.564278  -0.866029 0.000002 -0.499994  0.296779 0.550771
Roof_Dish001
0  -4.365242 5.978570 82.780823  -0.866024 0.000000 -0.500003  0.256136 0.560465
0  -4.542391 6.049045 83.087654  -0.866024 0.000000 -0.500002  0.256623 0.562910
0  -3.662867 11.867862 81.564278  -0.866029 0.000002 -0.499994  0.296779 0.550771
Roof_Dish001
0  -4.365242 5.978570 82.780823  -0.866024 0.000000 -0.500003  0.256136 0.560465
0  -4.662545 -0.000000 83.295769  -0.866026 0.000000 -0.499999  0.214877 0.564569
0  -4.542391 6.049045 83.087654  -0.866024 0.000000 -0.500002  0.256623 0.562910
Roof_Dish001
0  -4.662545 -0.000000 83.295769  -0.866026 0.000000 -0.499999  0.214877 0.564569
0  -4.843199 -0.000000 83.608673  -0.866026 0.000000 -0.499998  0.214877 0.567062
0  -4.542391 6.049045 83.087654  -0.866024 0.000000 -0.500002  0.256623 0.562910
Roof_Dish001
0  -4.542390 -6.049045 83.087654  -0.866024 -0.000000 -0.500002  0.173132 0.562910
0  -4.843199 -0.000000 83.608673  -0.866026 0.000000 -0.499998  0.214877 0.567062
0  -4.662545 -0.000000 83.295769  -0.866026 0.000000 -0.499999  0.214877 0.564569
Roof_Dish001
0  -4.365242 -5.978570 82.780823  -0.866024 -0.000000 -0.500002  0.173618 0.560465
0  -4.542390 -6.049045 83.087654  -0.866024 -0.000000 -0.500002  0.173132 0.562910
0  -4.662545 -0.000000 83.295769  -0.866026 0.000000 -0.499999  0.214877 0.564569
Roof_Dish001
0  -4.542390 -6.049045 83.087654  -0.866024 -0.000000 -0.500002  0.173132 0.562910
0  -4.365242 -5.978570 82.780823  -0.866024 -0.000000 -0.500002  0.173618 0.560465
0  -3.662866 -11.867862 81.564278  -0.866029 -0.000003 -0.499994  0.132975 0.550771
Roof_Dish001
0  -4.365242 -5.978570 82.780823  -0.866024 -0.000000 -0.500002  0.173618 0.560465
0  -3.495965 -11.729595 81.275192  -0.866029 -0.000003 -0.499993  0.133929 0.548467
0  -3.662866 -11.867862 81.564278  -0.866029 -0.000003 -0.499994  0.132975 0.550771
Roof_Dish001
0  -3.495965 -11.729595 81.275192  -0.866029 -0.000003 -0.499993  0.133929 0.548467
0  -2.077342 -17.025528 78.818069  -0.866021 0.000002 -0.500007  0.097381 0.528887
0  -3.662866 -11.867862 81.564278  -0.866029 -0.000003 -0.499994  0.132975 0.550771
Roof_Dish001
0  -2.077342 -17.025528 78.818069  -0.866021 0.000002 -0.500007  0.097381 0.528887
0  -2.227522 -17.226223 79.078186  -0.866021 0.000002 -0.500008  0.095996 0.530960
0  -3.662866 -11.867862 81.564278  -0.866029 -0.000003 -0.499994  0.132975 0.550771
Roof_Dish001
0  -2.227522 -17.226223 79.078186  -0.866021 0.000002 -0.500008  0.095996 0.530960
0  -2.077342 -17.025528 78.818069  -0.866021 0.000002 -0.500007  0.097381 0.528887
0  -0.301565 -21.928949 75.742332  -0.866032 -0.000004 -0.499989  0.063542 0.504377
Roof_Dish001
0  -2.077342 -17.025528 78.818069  -0.866021 0.000002 -0.500007  0.097381 0.528887
0  -0.173823 -21.673466 75.521072  -0.866031 -0.000004 -0.499990  0.065305 0.502614
0  -0.301565 -21.928949 75.742332  -0.866032 -0.000004 -0.499989  0.063542 0.504377
Roof_Dish001
0  -0.301565 -21.928949 75.742332  -0.866032 -0.000004 -0.499989  0.063542 0.504377
0  -0.173823 -21.673466 75.521072  -0.866031 -0.000004 -0.499990  0.065305 0.502614
0  2.049799 -25.780865 71.669647  -0.866022 0.000000 -0.500006  0.036959 0.471923
Roof_Dish001
0  -0.173823 -21.673466 75.521072  -0.866031 -0.000004 -0.499990  0.065305 0.502614
0  2.150146 -25.480505 71.495842  -0.866022 0.000000 -0.500006  0.039032 0.470538
0  2.049799 -25.780865 71.669647  -0.866022 0.000000 -0.500006  0.036959 0.471923
Roof_Dish001
0  4.728980 -28.651552 67.029175  -0.866028 -0.000000 -0.499995  0.017148 0.434944
0  2.049799 -25.780865 71.669647  -0.866022 0.000000 -0.500006  0.036959 0.471923
0  2.150146 -25.480505 71.495842  -0.866022 0.000000 -0.500006  0.039032 0.470538
Roof_Dish001
0  4.798113 -28.317749 66.909431  -0.866029 -0.000000 -0.499994  0.019452 0.433989
0  4.728980 -28.651552 67.029175  -0.866028 -0.000000 -0.499995  0.017148 0.434944
0  2.150146 -25.480505 71.495842  -0.866022 0.000000 -0.500006  0.039032 0.470538
Roof_Dish001
0  4.798113 -28.317749 66.909431  -0.866029 -0.000000 -0.499994  0.019452 0.433989
0  7.673625 -30.056305 61.928894  -0.866022 0.000000 -0.500005  0.007454 0.394301
0  4.728980 -28.651552 67.029175  -0.866028 -0.000000 -0.499995  0.017148 0.434944
Roof_Dish001
0  7.673625 -30.056305 61.928894  -0.866022 0.000000 -0.500005  0.007454 0.394301
0  7.638387 -30.410603 61.989929  -0.866022 0.000000 -0.500006  0.005009 0.394787
0  4.728980 -28.651552 67.029175  -0.866028 -0.000000 -0.499995  0.017148 0.434944
Roof_Dish001
0  7.638387 -30.410603 61.989929  -0.866022 0.000000 -0.500006  0.005009 0.394787
0  7.673625 -30.056305 61.928894  -0.866022 0.000000 -0.500005  0.007454 0.394301
0  10.662910 -31.012217 56.751301  -0.866025 0.000000 -0.500001  0.000857 0.353042
Roof_Dish001
0  7.673625 -30.056305 61.928894  -0.866022 0.000000 -0.500005  0.007454 0.394301
0  10.662910 -30.650909 56.751301  -0.866025 -0.000000 -0.500001  0.003350 0.353042
0  10.662910 -31.012217 56.751301  -0.866025 0.000000 -0.500001  0.000857 0.353042
Roof_Dish001
0  10.662910 -31.012217 56.751301  -0.866025 0.000000 -0.500001  0.000857 0.353042
0  10.662910 -30.650909 56.751301  -0.866025 -0.000000 -0.500001  0.003350 0.353042
0  13.687431 -30.410603 51.512676  -0.866024 -0.000002 -0.500002  0.005009 0.311296
Roof_Dish001
0  10.662910 -30.650909 56.751301  -0.866025 -0.000000 -0.500001  0.003350 0.353042
0  13.652194 -30.056305 51.573708  -0.866024 -0.000002 -0.500002  0.007454 0.311783
0  13.687431 -30.410603 51.512676  -0.866024 -0.000002 -0.500002  0.005009 0.311296
Roof_Dish001
0  16.596840 -28.651552 46.473431  -0.866028 0.000003 -0.499996  0.017148 0.271140
0  13.687431 -30.410603 51.512676  -0.866024 -0.000002 -0.500002  0.005009 0.311296
0  13.652194 -30.056305 51.573708  -0.866024 -0.000002 -0.500002  0.007454 0.311783
Roof_Dish001
0  16.527708 -28.317749 46.593174  -0.866028 0.000004 -0.499996  0.019452 0.272094
0  16.596840 -28.651552 46.473431  -0.866028 0.000003 -0.499996  0.017148 0.271140
0  13.652194 -30.056305 51.573708  -0.866024 -0.000002 -0.500002  0.007454 0.311783
Roof_Dish001
0  16.527708 -28.317749 46.593174  -0.866028 0.000004 -0.499996  0.019452 0.272094
0  19.175674 -25.480505 42.006760  -0.866022 -0.000003 -0.500007  0.039032 0.235546
0  16.596840 -28.651552 46.473431  -0.866028 0.000003 -0.499996  0.017148 0.271140
Roof_Dish001
0  19.175674 -25.480505 42.006760  -0.866022 -0.000003 -0.500007  0.039032 0.235546
0  19.276022 -25.780865 41.832954  -0.866021 -0.000003 -0.500007  0.036959 0.234161
0  16.596840 -28.651552 46.473431  -0.866028 0.000003 -0.499996  0.017148 0.271140
Roof_Dish001
0  19.276022 -25.780865 41.832954  -0.866021 -0.000003 -0.500007  0.036959 0.234161
0  19.175674 -25.480505 42.006760  -0.866022 -0.000003 -0.500007  0.039032 0.235546
0  21.627384 -21.928949 37.760273  -0.866025 0.000002 -0.500000  0.063542 0.201706
Roof_Dish001
0  19.175674 -25.480505 42.006760  -0.866022 -0.000003 -0.500007  0.039032 0.235546
0  21.499641 -21.673466 37.981529  -0.866025 0.000002 -0.500000  0.065305 0.203470
0  21.627384 -21.928949 37.760273  -0.866025 0.000002 -0.500000  0.063542 0.201706
Roof_Dish001
0  21.499641 -21.673466 37.981529  -0.866025 0.000002 -0.500000  0.065305 0.203470
0  23.403160 -17.025526 34.684536  -0.866025 -0.000000 -0.500001  0.097381 0.177197
0  21.627384 -21.928949 37.760273  -0.866025 0.000002 -0.500000  0.063542 0.201706
Roof_Dish001
0  23.403160 -17.025526 34.684536  -0.866025 -0.000000 -0.500001  0.097381 0.177197
0  23.553339 -17.226221 34.424419  -0.866025 0.000000 -0.500001  0.095996 0.175124
0  21.627384 -21.928949 37.760273  -0.866025 0.000002 -0.500000  0.063542 0.201706
Roof_Dish001
0  23.553339 -17.226221 34.424419  -0.866025 0.000000 -0.500001  0.095996 0.175124
0  23.403160 -17.025526 34.684536  -0.866025 -0.000000 -0.500001  0.097381 0.177197
0  24.988684 -11.867861 31.938328  -0.866026 0.000000 -0.499999  0.132975 0.155313
Roof_Dish001
0  23.403160 -17.025526 34.684536  -0.866025 -0.000000 -0.500001  0.097381 0.177197
0  24.821781 -11.729594 32.227413  -0.866026 0.000000 -0.499998  0.133929 0.157616
0  24.988684 -11.867861 31.938328  -0.866026 0.000000 -0.499999  0.132975 0.155313
Roof_Dish001
0  24.821781 -11.729594 32.227413  -0.866026 0.000000 -0.499998  0.133929 0.157616
0  25.691059 -5.978569 30.721777  -0.866024 -0.000001 -0.500002  0.173618 0.145618
0  24.988684 -11.867861 31.938328  -0.866026 0.000000 -0.499999  0.132975 0.155313
Roof_Dish001
0  25.691059 -5.978569 30.721777  -0.866024 -0.000001 -0.500002  0.173618 0.145618
0  25.868210 -6.049044 30.414946  -0.866024 -0.000001 -0.500002  0.173132 0.143173
0  24.988684 -11.867861 31.938328  -0.866026 0.000000 -0.499999  0.132975 0.155313
Roof_Dish001
0  25.868210 -6.049044 30.414946  -0.866024 -0.000001 -0.500002  0.173132 0.143173
0  25.691059 -5.978569 30.721777  -0.866024 -0.000001 -0.500002  0.173618 0.145618
0  26.169016 0.000001 29.893932  -0.866026 0.000000 -0.499999  0.214877 0.139021
Roof_Dish001
0  25.691059 -5.978569 30.721777  -0.866024 -0.000001 -0.500002  0.173618 0.145618
0  25.988363 0.000001 30.206833  -0.866026 0.000000 -0.499999  0.214877 0.141515
0  26.169016 0.000001 29.893932  -0.866026 0.000000 -0.499999  0.214877 0.139021
Roof_Dish001
0  25.988363 0.000001 30.206833  -0.866026 0.000000 -0.499999  0.214877 0.141515
0  25.691059 5.978571 30.721777  -0.866024 0.000001 -0.500002  0.256136 0.145618
0  26.169016 0.000001 29.893932  -0.866026 0.000000 -0.499999  0.214877 0.139021
Roof_Dish001
0  25.691059 5.978571 30.721777  -0.866024 0.000001 -0.500002  0.256136 0.145618
0  25.868210 6.049046 30.414946  -0.866024 0.000001 -0.500002  0.256623 0.143173
0  26.169016 0.000001 29.893932  -0.866026 0.000000 -0.499999  0.214877 0.139021
Roof_Dish001
0  25.868210 6.049046 30.414946  -0.866024 0.000001 -0.500002  0.256623 0.143173
0  25.691059 5.978571 30.721777  -0.866024 0.000001 -0.500002  0.256136 0.145618
0  24.988684 11.867863 31.938328  -0.866026 -0.000001 -0.499999  0.296779 0.155313
Roof_Dish001
0  25.691059 5.978571 30.721777  -0.866024 0.000001 -0.500002  0.256136 0.145618
0  24.821781 11.729596 32.227413  -0.866026 -0.000001 -0.499998  0.295825 0.157616
0  24.988684 11.867863 31.938328  -0.866026 -0.000001 -0.499999  0.296779 0.155313
Roof_Dish001
0  24.821781 11.729596 32.227413  -0.866026 -0.000001 -0.499998  0.295825 0.157616
0  23.403160 17.025530 34.684536  -0.866025 -0.000002 -0.500001  0.332373 0.177197
0  24.988684 11.867863 31.938328  -0.866026 -0.000001 -0.499999  0.296779 0.155313
Roof_Dish001
0  23.403160 17.025530 34.684536  -0.866025 -0.000002 -0.500001  0.332373 0.177197
0  23.553339 17.226225 34.424419  -0.866025 -0.000002 -0.500001  0.333758 0.175124
0  24.988684 11.867863 31.938328  -0.866026 -0.000001 -0.499999  0.296779 0.155313
Roof_Dish001
0  23.553339 17.226225 34.424419  -0.866025 -0.000002 -0.500001  0.333758 0.175124
0  23.403160 17.025530 34.684536  -0.866025 -0.000002 -0.500001  0.332373 0.177197
0  21.627380 21.928949 37.760273  -0.866027 -0.000008 -0.499997  0.366213 0.201706
Roof_Dish001
0  23.403160 17.025530 34.684536  -0.866025 -0.000002 -0.500001  0.332373 0.177197
0  21.499641 21.673466 37.981529  -0.866027 -0.000008 -0.499997  0.364449 0.203470
0  21.627380 21.928949 37.760273  -0.866027 -0.000008 -0.499997  0.366213 0.201706
Roof_Dish001
0  21.499641 21.673466 37.981529  -0.866027 -0.000008 -0.499997  0.364449 0.203470
0  19.175671 25.480505 42.006760  -0.866022 0.000003 -0.500007  0.390722 0.235546
0  21.627380 21.928949 37.760273  -0.866027 -0.000008 -0.499997  0.366213 0.201706
Roof_Dish001
0  8.925008 3.826834 45.201691  0.461939 0.382681 -0.800104  0.986132 0.823732
0  9.574527 3.826834 45.576691  0.461939 0.382685 -0.800103  0.991342 0.823732
0  9.305610 0.000000 44.542469  0.500003 -0.000002 -0.866024  0.986132 0.843021
Roof_Dish001
0  9.574527 3.826834 45.576691  0.461939 0.382685 -0.800103  0.991342 0.823732
0  9.955129 0.000000 44.917469  0.500004 0.000002 -0.866023  0.991342 0.843021
0  9.305610 0.000000 44.542469  0.500003 -0.000002 -0.866024  0.986132 0.843021
Roof_Dish001
0  9.305610 0.000000 44.542469  0.500003 -0.000002 -0.866024  0.986132 0.843021
0  9.955129 0.000000 44.917469  0.500004 0.000002 -0.866023  0.991342 0.843021
0  8.925008 -3.826833 45.201691  0.461942 -0.382685 -0.800101  0.986132 0.862311
Roof_Dish001
0  9.955129 0.000000 44.917469  0.500004 0.000002 -0.866023  0.991342 0.843021
0  9.574527 -3.826833 45.576691  0.461943 -0.382682 -0.800102  0.991342 0.862311
0  8.925008 -3.826833 45.201691  0.461942 -0.382685 -0.800101  0.986132 0.862311
Roof_Dish001
0  8.925008 -3.826833 45.201691  0.461942 -0.382685 -0.800101  0.986132 0.862311
0  9.574527 -3.826833 45.576691  0.461943 -0.382682 -0.800102  0.991342 0.862311
0  7.841145 -7.071067 47.078999  0.353552 -0.707108 -0.612371  0.986132 0.881600
Roof_Dish001
0  9.574527 -3.826833 45.576691  0.461943 -0.382682 -0.800102  0.991342 0.862311
0  8.490663 -7.071067 47.453999  0.353554 -0.707105 -0.612374  0.991342 0.881600
0  7.841145 -7.071067 47.078999  0.353552 -0.707108 -0.612371  0.986132 0.881600
Roof_Dish001
0  7.841145 -7.071067 47.078999  0.353552 -0.707108 -0.612371  0.986132 0.881600
0  8.490663 -7.071067 47.453999  0.353554 -0.707105 -0.612374  0.991342 0.881600
0  6.219028 -9.238795 49.888588  0.191341 -0.923880 -0.331412  0.986132 0.900889
Roof_Dish001
0  8.490663 -7.071067 47.453999  0.353554 -0.707105 -0.612374  0.991342 0.881600
0  6.868546 -9.238795 50.263588  0.191343 -0.923879 -0.331415  0.991342 0.900889
0  6.219028 -9.238795 49.888588  0.191341 -0.923880 -0.331412  0.986132 0.900889
Roof_Dish001
0  6.219028 -9.238795 49.888588  0.191341 -0.923880 -0.331412  0.986132 0.900889
0  6.868546 -9.238795 50.263588  0.191343 -0.923879 -0.331415  0.991342 0.900889
0  4.305611 -10.000000 53.202721  -0.000001 -1.000000 0.000002  0.986132 0.920178
Roof_Dish001
0  6.868546 -9.238795 50.263588  0.191343 -0.923879 -0.331415  0.991342 0.900889
0  4.955130 -10.000000 53.577721  0.000001 -1.000000 -0.000002  0.991342 0.920178
0  4.305611 -10.000000 53.202721  -0.000001 -1.000000 0.000002  0.986132 0.920178
Roof_Dish001
0  4.305611 -10.000000 53.202721  -0.000001 -1.000000 0.000002  0.986132 0.920178
0  4.955130 -10.000000 53.577721  0.000001 -1.000000 -0.000002  0.991342 0.920178
0  2.392194 -9.238795 56.516857  -0.191342 -0.923879 0.331415  0.986132 0.939468
Roof_Dish001
0  4.955130 -10.000000 53.577721  0.000001 -1.000000 -0.000002  0.991342 0.920178
0  3.041713 -9.238795 56.891857  -0.191340 -0.923881 0.331412  0.991342 0.939468
0  2.392194 -9.238795 56.516857  -0.191342 -0.923879 0.331415  0.986132 0.939468
Roof_Dish001
0  2.392194 -9.238795 56.516857  -0.191342 -0.923879 0.331415  0.986132 0.939468
0  3.041713 -9.238795 56.891857  -0.191340 -0.923881 0.331412  0.991342 0.939468
0  0.770077 -7.071068 59.326447  -0.353553 -0.707106 0.612374  0.986132 0.958757
Roof_Dish001
0  3.041713 -9.238795 56.891857  -0.191340 -0.923881 0.331412  0.991342 0.939468
0  1.419596 -7.071068 59.701447  -0.353552 -0.707108 0.612371  0.991342 0.958757
0  0.770077 -7.071068 59.326447  -0.353553 -0.707106 0.612374  0.986132 0.958757
Roof_Dish001
0  0.770077 -7.071068 59.326447  -0.353553 -0.707106 0.612374  0.986132 0.958757
0  1.419596 -7.071068 59.701447  -0.353552 -0.707108 0.612371  0.991342 0.958757
0  -0.313787 -3.826834 61.203754  -0.461943 -0.382681 0.800103  0.986132 0.978046
Roof_Dish001
0  1.419596 -7.071068 59.701447  -0.353552 -0.707108 0.612371  0.991342 0.958757
0  0.335732 -3.826834 61.578754  -0.461942 -0.382684 0.800101  0.991342 0.978046
0  -0.313787 -3.826834 61.203754  -0.461943 -0.382681 0.800103  0.986132 0.978046
Roof_Dish001
0  -0.313787 -3.826834 61.203754  -0.461943 -0.382681 0.800103  0.986132 0.978046
0  0.335732 -3.826834 61.578754  -0.461942 -0.382684 0.800101  0.991342 0.978046
0  -0.694389 -0.000000 61.862976  -0.499942 -0.000090 0.866059  0.986132 0.997335
Roof_Dish001
0  0.335732 -3.826834 61.578754  -0.461942 -0.382684 0.800101  0.991342 0.978046
0  -0.044870 -0.000000 62.237976  -0.500006 -0.000090 0.866022  0.991342 0.997335
0  -0.694389 -0.000000 61.862976  -0.499942 -0.000090 0.866059  0.986132 0.997335
Roof_Dish001
0  -0.694389 -0.000000 61.862976  -0.499991 0.000090 0.866031  0.986132 0.688707
0  -0.044870 -0.000000 62.237976  -0.500007 0.000090 0.866021  0.991342 0.688707
0  -0.313787 3.826834 61.203754  -0.461938 0.382686 0.800103  0.986132 0.707997
Roof_Dish001
0  -0.044870 -0.000000 62.237976  -0.500007 0.000090 0.866021  0.991342 0.688707
0  0.335732 3.826834 61.578754  -0.461940 0.382682 0.800104  0.991342 0.707997
0  -0.313787 3.826834 61.203754  -0.461938 0.382686 0.800103  0.986132 0.707997
Roof_Dish001
0  -0.313787 3.826834 61.203754  -0.461938 0.382686 0.800103  0.986132 0.707997
0  0.335732 3.826834 61.578754  -0.461940 0.382682 0.800104  0.991342 0.707997
0  0.770077 7.071068 59.326447  -0.353556 0.707108 0.612370  0.986132 0.727286
Roof_Dish001
0  0.335732 3.826834 61.578754  -0.461940 0.382682 0.800104  0.991342 0.707997
0  1.419596 7.071068 59.701447  -0.353558 0.707105 0.612373  0.991342 0.727286
0  0.770077 7.071068 59.326447  -0.353556 0.707108 0.612370  0.986132 0.727286
Roof_Dish001
0  0.770077 7.071068 59.326447  -0.353556 0.707108 0.612370  0.986132 0.727286
0  1.419596 7.071068 59.701447  -0.353558 0.707105 0.612373  0.991342 0.727286
0  2.392193 9.238795 56.516857  -0.191341 0.923880 0.331412  0.986132 0.746575
Roof_Dish001
0  1.419596 7.071068 59.701447  -0.353558 0.707105 0.612373  0.991342 0.727286
0  3.041712 9.238795 56.891857  -0.191343 0.923879 0.331415  0.991342 0.746575
0  2.392193 9.238795 56.516857  -0.191341 0.923880 0.331412  0.986132 0.746575
Roof_Dish001
0  2.392193 9.238795 56.516857  -0.191341 0.923880 0.331412  0.986132 0.746575
0  3.041712 9.238795 56.891857  -0.191343 0.923879 0.331415  0.991342 0.746575
0  4.305610 10.000000 53.202721  0.000002 1.000000 -0.000002  0.986132 0.765864
Roof_Dish001
0  3.041712 9.238795 56.891857  -0.191343 0.923879 0.331415  0.991342 0.746575
0  4.955129 10.000000 53.577721  0.000000 1.000000 0.000002  0.991342 0.765864
0  4.305610 10.000000 53.202721  0.000002 1.000000 -0.000002  0.986132 0.765864
Roof_Dish001
0  4.305610 10.000000 53.202721  0.000002 1.000000 -0.000002  0.986132 0.765864
0  4.955129 10.000000 53.577721  0.000000 1.000000 0.000002  0.991342 0.765864
0  6.219028 9.238795 49.888588  0.191343 0.923879 -0.331415  0.986132 0.785154
Roof_Dish001
0  4.955129 10.000000 53.577721  0.000000 1.000000 0.000002  0.991342 0.765864
0  6.868546 9.238795 50.263588  0.191341 0.923880 -0.331412  0.991342 0.785154
0  6.219028 9.238795 49.888588  0.191343 0.923879 -0.331415  0.986132 0.785154
Roof_Dish001
0  6.219028 9.238795 49.888588  0.191343 0.923879 -0.331415  0.986132 0.785154
0  6.868546 9.238795 50.263588  0.191341 0.923880 -0.331412  0.991342 0.785154
0  7.841144 7.071068 47.078999  0.353553 0.707106 -0.612374  0.986132 0.804443
Roof_Dish001
0  6.868546 9.238795 50.263588  0.191341 0.923880 -0.331412  0.991342 0.785154
0  8.490663 7.071068 47.453999  0.353552 0.707109 -0.612371  0.991342 0.804443
0  7.841144 7.071068 47.078999  0.353553 0.707106 -0.612374  0.986132 0.804443
Roof_Dish001
0  7.841144 7.071068 47.078999  0.353553 0.707106 -0.612374  0.986132 0.804443
0  8.490663 7.071068 47.453999  0.353552 0.707109 -0.612371  0.991342 0.804443
0  8.925008 3.826834 45.201691  0.461939 0.382681 -0.800104  0.986132 0.823732
Roof_Dish001
0  8.490663 7.071068 47.453999  0.353552 0.707109 -0.612371  0.991342 0.804443
0  9.574527 3.826834 45.576691  0.461939 0.382685 -0.800103  0.991342 0.823732
0  8.925008 3.826834 45.201691  0.461939 0.382681 -0.800104  0.986132 0.823732
Roof_Dish001
0  7.841145 -7.071067 47.078999  -0.866022 0.000000 -0.500005  0.595990 0.735742
0  7.664368 -6.717515 47.385185  -0.866022 -0.000000 -0.500005  0.598458 0.738209
0  8.694037 -3.635493 45.601742  -0.866028 -0.000000 -0.499996  0.619965 0.723839
Roof_Dish001
0  7.841145 -7.071067 47.078999  -0.866022 0.000000 -0.500005  0.595990 0.735742
0  6.219028 -9.238795 49.888588  -0.866026 -0.000002 -0.500000  0.580863 0.758382
0  7.664368 -6.717515 47.385185  -0.866022 -0.000000 -0.500005  0.598458 0.738209
Roof_Dish001
0  6.219028 -9.238795 49.888588  -0.866026 -0.000002 -0.500000  0.580863 0.758382
0  6.123356 -8.776855 50.054295  -0.866026 -0.000002 -0.499999  0.584087 0.759717
0  7.664368 -6.717515 47.385185  -0.866022 -0.000000 -0.500005  0.598458 0.738209
Roof_Dish001
0  6.219028 -9.238795 49.888588  -0.866026 -0.000002 -0.500000  0.580863 0.758382
0  4.305611 -10.000000 53.202721  -0.866025 -0.000000 -0.500001  0.575551 0.785087
0  6.123356 -8.776855 50.054295  -0.866026 -0.000002 -0.499999  0.584087 0.759717
Roof_Dish001
0  4.305611 -10.000000 53.202721  -0.866025 -0.000000 -0.500001  0.575551 0.785087
0  4.305611 -9.500000 53.202721  -0.866025 0.000000 -0.500001  0.579040 0.785087
0  6.123356 -8.776855 50.054295  -0.866026 -0.000002 -0.499999  0.584087 0.759717
Roof_Dish001
0  4.305611 -10.000000 53.202721  -0.866025 -0.000000 -0.500001  0.575551 0.785087
0  2.392194 -9.238795 56.516857  -0.866026 0.000001 -0.500000  0.580863 0.811792
0  4.305611 -9.500000 53.202721  -0.866025 0.000000 -0.500001  0.579040 0.785087
Roof_Dish001
0  2.392194 -9.238795 56.516857  -0.866026 0.000001 -0.500000  0.580863 0.811792
0  2.487864 -8.776855 56.351151  -0.866026 0.000001 -0.500000  0.584087 0.810456
0  4.305611 -9.500000 53.202721  -0.866025 0.000000 -0.500001  0.579040 0.785087
Roof_Dish001
0  2.392194 -9.238795 56.516857  -0.866026 0.000001 -0.500000  0.580863 0.811792
0  0.770077 -7.071068 59.326447  -0.866025 0.000000 -0.500001  0.595990 0.834431
0  2.487864 -8.776855 56.351151  -0.866026 0.000001 -0.500000  0.584087 0.810456
Roof_Dish001
0  0.770077 -7.071068 59.326447  -0.866025 0.000000 -0.500001  0.595990 0.834431
0  0.946854 -6.717515 59.020260  -0.866025 0.000000 -0.500001  0.598458 0.831964
0  2.487864 -8.776855 56.351151  -0.866026 0.000001 -0.500000  0.584087 0.810456
Roof_Dish001
0  0.770077 -7.071068 59.326447  -0.866025 0.000000 -0.500001  0.595990 0.834431
0  -0.313787 -3.826834 61.203754  -0.866024 0.000000 -0.500002  0.618630 0.849558
0  0.946854 -6.717515 59.020260  -0.866025 0.000000 -0.500001  0.598458 0.831964
Roof_Dish001
0  -0.313787 -3.826834 61.203754  -0.866024 0.000000 -0.500002  0.618630 0.849558
0  -0.082817 -3.635493 60.803703  -0.866024 0.000000 -0.500002  0.619965 0.846335
0  0.946854 -6.717515 59.020260  -0.866025 0.000000 -0.500001  0.598458 0.831964
Roof_Dish001
0  -0.313787 -3.826834 61.203754  -0.866024 0.000000 -0.500002  0.618630 0.849558
0  -0.694389 -0.000000 61.862976  -0.866026 -0.000000 -0.499999  0.645335 0.854870
0  -0.082817 -3.635493 60.803703  -0.866024 0.000000 -0.500002  0.619965 0.846335
Roof_Dish001
0  -0.694389 -0.000000 61.862976  -0.866026 -0.000000 -0.499999  0.645335 0.854870
0  -0.444389 -0.000000 61.429962  -0.866026 -0.000000 -0.499999  0.645335 0.851381
0  -0.082817 -3.635493 60.803703  -0.866024 0.000000 -0.500002  0.619965 0.846335
Roof_Dish001
0  -0.694389 -0.000000 61.862976  -0.866026 -0.000000 -0.499999  0.645335 0.854870
0  -0.313787 3.826834 61.203754  -0.866022 -0.000000 -0.500005  0.672040 0.849558
0  -0.444389 -0.000000 61.429962  -0.866026 -0.000000 -0.499999  0.645335 0.851381
Roof_Dish001
0  -0.313787 3.826834 61.203754  -0.866022 -0.000000 -0.500005  0.672040 0.849558
0  -0.082817 3.635493 60.803703  -0.866022 -0.000000 -0.500005  0.670704 0.846335
0  -0.444389 -0.000000 61.429962  -0.866026 -0.000000 -0.499999  0.645335 0.851381
Roof_Dish001
0  -0.313787 3.826834 61.203754  -0.866022 -0.000000 -0.500005  0.672040 0.849558
0  0.770077 7.071068 59.326447  -0.866028 -0.000000 -0.499996  0.694679 0.834431
0  -0.082817 3.635493 60.803703  -0.866022 -0.000000 -0.500005  0.670704 0.846335
Roof_Dish001
0  0.770077 7.071068 59.326447  -0.866028 -0.000000 -0.499996  0.694679 0.834431
0  0.946854 6.717515 59.020260  -0.866028 -0.000000 -0.499996  0.692212 0.831964
0  -0.082817 3.635493 60.803703  -0.866022 -0.000000 -0.500005  0.670704 0.846335
Roof_Dish001
0  0.770077 7.071068 59.326447  -0.866028 -0.000000 -0.499996  0.694679 0.834431
0  2.392193 9.238795 56.516857  -0.866025 -0.000001 -0.500000  0.709806 0.811792
0  0.946854 6.717515 59.020260  -0.866028 -0.000000 -0.499996  0.692212 0.831964
Roof_Dish001
0  2.392193 9.238795 56.516857  -0.866025 -0.000001 -0.500000  0.709806 0.811792
0  2.487864 8.776855 56.351151  -0.866025 -0.000001 -0.500000  0.706583 0.810456
0  0.946854 6.717515 59.020260  -0.866028 -0.000000 -0.499996  0.692212 0.831964
Roof_Dish001
0  2.392193 9.238795 56.516857  -0.866025 -0.000001 -0.500000  0.709806 0.811792
0  4.305610 10.000000 53.202721  -0.866025 -0.000000 -0.500000  0.715118 0.785087
0  2.487864 8.776855 56.351151  -0.866025 -0.000001 -0.500000  0.706583 0.810456
Roof_Dish001
0  4.305610 10.000000 53.202721  -0.866025 -0.000000 -0.500000  0.715118 0.785087
0  4.305610 9.500000 53.202721  -0.866025 0.000000 -0.500000  0.711629 0.785087
0  2.487864 8.776855 56.351151  -0.866025 -0.000001 -0.500000  0.706583 0.810456
Roof_Dish001
0  4.305610 10.000000 53.202721  -0.866025 -0.000000 -0.500000  0.715118 0.785087
0  6.219028 9.238795 49.888588  -0.866023 0.000003 -0.500003  0.709806 0.758382
0  4.305610 9.500000 53.202721  -0.866025 0.000000 -0.500000  0.711629 0.785087
Roof_Dish001
0  6.219028 9.238795 49.888588  -0.866023 0.000003 -0.500003  0.709806 0.758382
0  6.123355 8.776855 50.054295  -0.866024 0.000003 -0.500003  0.706583 0.759717
0  4.305610 9.500000 53.202721  -0.866025 0.000000 -0.500000  0.711629 0.785087
Roof_Dish001
0  6.219028 9.238795 49.888588  -0.866023 0.000003 -0.500003  0.709806 0.758382
0  7.841144 7.071068 47.078999  -0.866027 -0.000001 -0.499997  0.694679 0.735742
0  6.123355 8.776855 50.054295  -0.866024 0.000003 -0.500003  0.706583 0.759717
Roof_Dish001
0  7.841144 7.071068 47.078999  -0.866027 -0.000001 -0.499997  0.694679 0.735742
0  7.664367 6.717515 47.385185  -0.866027 -0.000001 -0.499997  0.692212 0.738209
0  6.123355 8.776855 50.054295  -0.866024 0.000003 -0.500003  0.706583 0.759717
Roof_Dish001
0  7.841144 7.071068 47.078999  -0.866027 -0.000001 -0.499997  0.694679 0.735742
0  8.925008 3.826834 45.201691  -0.866026 0.000000 -0.499999  0.672040 0.720615
0  7.664367 6.717515 47.385185  -0.866027 -0.000001 -0.499997  0.692212 0.738209
Roof_Dish001
0  8.925008 3.826834 45.201691  -0.866026 0.000000 -0.499999  0.672040 0.720615
0  8.694037 3.635494 45.601742  -0.866026 0.000000 -0.500000  0.670704 0.723839
0  7.664367 6.717515 47.385185  -0.866027 -0.000001 -0.499997  0.692212 0.738209
Roof_Dish001
0  8.925008 3.826834 45.201691  -0.866026 0.000000 -0.499999  0.672040 0.720615
0  9.305610 0.000000 44.542469  -0.866026 -0.000000 -0.499998  0.645335 0.715303
0  8.694037 3.635494 45.601742  -0.866026 0.000000 -0.500000  0.670704 0.723839
Roof_Dish001
0  9.305610 0.000000 44.542469  -0.866026 -0.000000 -0.499998  0.645335 0.715303
0  9.055610 0.000000 44.975479  -0.866026 0.000000 -0.499999  0.645335 0.718792
0  8.694037 3.635494 45.601742  -0.866026 0.000000 -0.500000  0.670704 0.723839
Roof_Dish001
0  9.305610 0.000000 44.542469  -0.866026 -0.000000 -0.499998  0.645335 0.715303
0  8.925008 -3.826833 45.201691  -0.866028 -0.000000 -0.499996  0.618630 0.720615
0  9.055610 0.000000 44.975479  -0.866026 0.000000 -0.499999  0.645335 0.718792
Roof_Dish001
0  8.925008 -3.826833 45.201691  -0.866028 -0.000000 -0.499996  0.618630 0.720615
0  8.694037 -3.635493 45.601742  -0.866028 -0.000000 -0.499996  0.619965 0.723839
0  9.055610 0.000000 44.975479  -0.866026 0.000000 -0.499999  0.645335 0.718792
Roof_Dish001
0  8.925008 -3.826833 45.201691  -0.866028 -0.000000 -0.499996  0.618630 0.720615
0  7.841145 -7.071067 47.078999  -0.866022 0.000000 -0.500005  0.595990 0.735742
0  8.694037 -3.635493 45.601742  -0.866028 -0.000000 -0.499996  0.619965 0.723839
Roof_Dish001
0  -0.473074 -0.000000 46.979645  0.242218 -0.000003 -0.970222  0.821650 0.174455
0  6.705129 0.000000 50.546635  0.444997 -0.000066 -0.895532  0.821650 0.110446
0  -0.912414 -2.121320 47.740604  0.101512 -0.679789 -0.726348  0.845509 0.174455
Roof_Dish001
0  6.705129 0.000000 50.546635  0.444997 -0.000066 -0.895532  0.821650 0.110446
0  6.192566 -2.474874 51.434418  0.298849 -0.705720 -0.642378  0.845509 0.110446
0  -0.912414 -2.121320 47.740604  0.101512 -0.679789 -0.726348  0.845509 0.174455
Roof_Dish001
0  -0.912414 -2.121320 47.740604  0.101512 -0.679789 -0.726348  0.845509 0.174455
0  6.192566 -2.474874 51.434418  0.298849 -0.705720 -0.642378  0.845509 0.110446
0  -1.973074 -3.000000 49.577721  -0.238383 -0.961369 -0.137633  0.865639 0.174455
Roof_Dish001
0  6.192566 -2.474874 51.434418  0.298849 -0.705720 -0.642378  0.845509 0.110446
0  4.955129 -3.500000 53.577721  -0.054014 -0.998053 -0.031202  0.865639 0.110446
0  -1.973074 -3.000000 49.577721  -0.238383 -0.961369 -0.137633  0.865639 0.174455
Roof_Dish001
0  -1.973074 -3.000000 49.577721  -0.238383 -0.961369 -0.137633  0.865639 0.174455
0  4.955129 -3.500000 53.577721  -0.054014 -0.998053 -0.031202  0.865639 0.110446
0  -3.033734 -2.121320 51.414841  -0.578279 -0.679792 0.451083  0.885769 0.174455
Roof_Dish001
0  4.955129 -3.500000 53.577721  -0.054014 -0.998053 -0.031202  0.865639 0.110446
0  3.717692 -2.474874 55.721027  -0.406881 -0.705740 0.579982  0.885769 0.110446
0  -3.033734 -2.121320 51.414841  -0.578279 -0.679792 0.451083  0.885769 0.174455
Roof_Dish001
0  -3.033734 -2.121320 51.414841  -0.578279 -0.679792 0.451083  0.885769 0.174455
0  3.717692 -2.474874 55.721027  -0.406881 -0.705740 0.579982  0.885769 0.110446
0  -3.473074 -0.000000 52.175800  -0.719069 -0.000002 0.694939  0.909627 0.174455
Roof_Dish001
0  3.717692 -2.474874 55.721027  -0.406881 -0.705740 0.579982  0.885769 0.110446
0  3.205129 0.000000 56.608810  -0.553048 -0.000014 0.833150  0.909627 0.110446
0  -3.473074 -0.000000 52.175800  -0.719069 -0.000002 0.694939  0.909627 0.174455
Roof_Dish001
0  -3.473074 -0.000000 52.175800  -0.719069 -0.000002 0.694939  0.909627 0.174455
0  3.205129 0.000000 56.608810  -0.553048 -0.000014 0.833150  0.909627 0.110446
0  -3.033734 2.121320 51.414841  -0.578280 0.679789 0.451086  0.933486 0.174455
Roof_Dish001
0  3.205129 0.000000 56.608810  -0.553048 -0.000014 0.833150  0.909627 0.110446
0  3.717692 2.474874 55.721027  -0.406891 0.705720 0.579999  0.933486 0.110446
0  -3.033734 2.121320 51.414841  -0.578280 0.679789 0.451086  0.933486 0.174455
Roof_Dish001
0  -3.033734 2.121320 51.414841  -0.578280 0.679789 0.451086  0.933486 0.174455
0  3.717692 2.474874 55.721027  -0.406891 0.705720 0.579999  0.933486 0.110446
0  -1.973074 3.000000 49.577721  -0.238385 0.961369 -0.137630  0.953616 0.174455
Roof_Dish001
0  3.717692 2.474874 55.721027  -0.406891 0.705720 0.579999  0.933486 0.110446
0  4.955129 3.500000 53.577721  -0.054028 0.998053 -0.031177  0.953616 0.110446
0  -1.973074 3.000000 49.577721  -0.238385 0.961369 -0.137630  0.953616 0.174455
Roof_Dish001
0  -1.973074 3.000000 49.577721  -0.238385 0.961369 -0.137630  0.953616 0.174455
0  4.955129 3.500000 53.577721  -0.054028 0.998053 -0.031177  0.953616 0.110446
0  -0.912414 2.121320 47.740604  0.101511 0.679792 -0.726346  0.973746 0.174455
Roof_Dish001
0  4.955129 3.500000 53.577721  -0.054028 0.998053 -0.031177  0.953616 0.110446
0  6.192566 2.474874 51.434418  0.298839 0.705739 -0.642361  0.973746 0.110446
0  -0.912414 2.121320 47.740604  0.101511 0.679792 -0.726346  0.973746 0.174455
Roof_Dish001
0  -0.912414 2.121320 47.740604  0.101511 0.679792 -0.726346  0.973746 0.174455
0  6.192566 2.474874 51.434418  0.298839 0.705739 -0.642361  0.973746 0.110446
0  -0.473074 -0.000000 46.979645  0.242227 -0.000002 -0.970219  0.997604 0.174455
Roof_Dish001
0  6.192566 2.474874 51.434418  0.298839 0.705739 -0.642361  0.973746 0.110446
0  6.705129 0.000000 50.546635  0.444989 0.000066 -0.895536  0.997604 0.110446
0  -0.473074 -0.000000 46.979645  0.242227 -0.000002 -0.970219  0.997604 0.174455
Roof_Dish001
0  22.270014 1.070561 62.481892  -0.343153 -0.568562 -0.747652  0.868992 0.997969
0  22.064941 1.212641 62.647652  -0.898377 -0.307151 -0.313969  0.866327 0.997622
0  19.741583 26.846788 44.216827  -0.898373 -0.307157 -0.313974  0.865776 0.663412
Roof_Dish001
0  19.944557 26.706163 44.052765  -0.348003 -0.567867 -0.745936  0.868294 0.663756
0  22.270014 1.070561 62.481892  -0.343153 -0.568562 -0.747652  0.868992 0.997969
0  19.741583 26.846788 44.216827  -0.898373 -0.307157 -0.313974  0.865776 0.663412
Roof_Dish001
0  22.555021 1.024656 62.554626  0.439703 -0.497597 -0.747702  0.871269 0.999023
0  22.270014 1.070561 62.481892  -0.343153 -0.568562 -0.747652  0.868992 0.997969
0  19.944557 26.706163 44.052765  -0.348003 -0.567867 -0.745936  0.868294 0.663756
Roof_Dish001
0  20.228724 26.659288 44.123077  0.433018 -0.499995 -0.750001  0.870767 0.664802
0  22.555021 1.024656 62.554626  0.439703 -0.497597 -0.747702  0.871269 0.999023
0  19.944557 26.706163 44.052765  -0.348003 -0.567867 -0.745936  0.868294 0.663756
Roof_Dish001
0  22.555021 1.024656 62.554626  0.439703 -0.497597 -0.747702  0.871269 0.999023
0  20.228724 26.659288 44.123077  0.433018 -0.499995 -0.750001  0.870767 0.664802
0  22.757154 1.072500 62.767021  0.949966 -0.120963 -0.287981  0.873432 1.000073
Roof_Dish001
0  20.228724 26.659288 44.123077  0.433018 -0.499995 -0.750001  0.870767 0.664802
0  20.431698 26.706163 44.334015  0.947886 -0.124843 -0.293133  0.873412 0.665852
0  22.757154 1.072500 62.767021  0.949966 -0.120963 -0.287981  0.873432 1.000073
Roof_Dish001
0  22.757154 1.072500 62.767021  0.949966 -0.120963 -0.287981  0.873432 1.000073
0  20.431698 26.706163 44.334015  0.947886 -0.124843 -0.293133  0.873412 0.665852
0  22.714041 1.214095 63.025318  0.895644 0.310333 0.318615  0.875781 1.000421
Roof_Dish001
0  20.431698 26.706163 44.334015  0.947886 -0.124843 -0.293133  0.873412 0.665852
0  20.391102 26.846788 44.591827  0.898393 0.307144 0.313930  0.876303 0.666207
0  22.714041 1.214095 63.025318  0.895644 0.310333 0.318615  0.875781 1.000421
Roof_Dish001
0  22.509386 1.354720 63.188408  0.341907 0.568969 0.747913  0.878291 1.000069
0  22.714041 1.214095 63.025318  0.895644 0.310333 0.318615  0.875781 1.000421
0  20.391102 26.846788 44.591827  0.898393 0.307144 0.313930  0.876303 0.666207
Roof_Dish001
0  20.188128 26.987413 44.755890  0.347964 0.567873 0.745950  0.878946 0.665863
0  22.509386 1.354720 63.188408  0.341907 0.568969 0.747913  0.878291 1.000069
0  20.391102 26.846788 44.591827  0.898393 0.307144 0.313930  0.876303 0.666207
Roof_Dish001
0  22.224382 1.400625 63.115673  -0.440013 0.497603 0.747516  0.880766 0.999016
0  22.509386 1.354720 63.188408  0.341907 0.568969 0.747913  0.878291 1.000069
0  20.188128 26.987413 44.755890  0.347964 0.567873 0.745950  0.878946 0.665863
Roof_Dish001
0  19.903963 27.034288 44.685577  -0.433028 0.499997 0.749993  0.881225 0.664817
0  22.224382 1.400625 63.115673  -0.440013 0.497603 0.747516  0.880766 0.999016
0  20.188128 26.987413 44.755890  0.347964 0.567873 0.745950  0.878946 0.665863
Roof_Dish001
0  22.224382 1.400625 63.115673  -0.440013 0.497603 0.747516  0.880766 0.999016
0  19.903963 27.034288 44.685577  -0.433028 0.499997 0.749993  0.881225 0.664817
0  22.022247 1.352781 62.903282  -0.950200 0.120388 0.287449  0.883416 0.997966
Roof_Dish001
0  19.903963 27.034288 44.685577  -0.433028 0.499997 0.749993  0.881225 0.664817
0  19.700989 26.987413 44.474640  -0.947898 0.124825 0.293100  0.883397 0.663767
0  22.022247 1.352781 62.903282  -0.950200 0.120388 0.287449  0.883416 0.997966
Roof_Dish001
0  22.065781 1.209732 62.642319  -0.895069 -0.311055 -0.319524  0.886350 0.997615
0  22.022247 1.352781 62.903282  -0.950200 0.120388 0.287449  0.883416 0.997966
0  19.700989 26.987413 44.474640  -0.947898 0.124825 0.293100  0.883397 0.663767
Roof_Dish001
0  19.741583 26.846788 44.216827  -0.898447 -0.307055 -0.313863  0.885750 0.663412
0  22.065781 1.209732 62.642319  -0.895069 -0.311055 -0.319524  0.886350 0.997615
0  19.700989 26.987413 44.474640  -0.947898 0.124825 0.293100  0.883397 0.663767
Roof_Dish001
0  1.892951 -1.000000 44.881569  -0.749751 -0.052288 -0.659651  0.948862 0.518604
0  -0.713315 -1.464819 47.536476  -0.691306 -0.154907 -0.705762  0.944056 0.555843
0  -0.473074 -0.000000 46.979645  -0.687766 -0.000001 -0.725932  0.959199 0.549617
Roof_Dish001
0  3.892951 -0.750000 41.417469  -0.866025 0.000000 -0.500000  0.951446 0.477253
0  3.892951 -1.000000 41.417469  -0.866025 0.000000 -0.500000  0.948862 0.477253
0  2.392951 -0.750000 44.015545  -0.866025 0.000002 -0.500000  0.951446 0.508266
Roof_Dish001
0  3.892951 -1.000000 41.417469  -0.866025 0.000000 -0.500000  0.948862 0.477253
0  1.892951 -1.000000 44.881569  -0.749751 -0.052288 -0.659651  0.948862 0.518604
0  2.392951 -0.750000 44.015545  -0.866025 0.000002 -0.500000  0.951446 0.508266
Roof_Dish001
0  1.892951 -1.000000 44.881569  -0.749751 -0.052288 -0.659651  0.948862 0.518604
0  1.892951 1.000000 44.881569  -0.749749 0.052294 -0.659653  0.969537 0.518604
0  2.392951 -0.750000 44.015545  -0.866025 0.000002 -0.500000  0.951446 0.508266
Roof_Dish001
0  -0.473074 -0.000000 46.979645  -0.687766 -0.000001 -0.725932  0.959199 0.549617
0  1.892951 1.000000 44.881569  -0.749749 0.052294 -0.659653  0.969537 0.518604
0  1.892951 -1.000000 44.881569  -0.749751 -0.052288 -0.659651  0.948862 0.518604
Roof_Dish001
0  1.892951 1.000000 44.881569  -0.749749 0.052294 -0.659653  0.969537 0.518604
0  -0.473074 -0.000000 46.979645  -0.687766 -0.000001 -0.725932  0.959199 0.549617
0  -0.713315 1.464819 47.536476  -0.691306 0.154907 -0.705762  0.974342 0.555843
Roof_Dish001
0  3.892951 1.000000 41.417469  -0.866026 0.000000 -0.500000  0.969537 0.477253
0  3.892951 0.750000 41.417469  -0.866026 -0.000000 -0.500000  0.966952 0.477253
0  1.892951 1.000000 44.881569  -0.749749 0.052294 -0.659653  0.969537 0.518604
Roof_Dish001
0  3.892951 0.750000 41.417469  -0.866026 -0.000000 -0.500000  0.966952 0.477253
0  2.392951 0.750000 44.015545  -0.866025 -0.000003 -0.500000  0.966952 0.508266
0  1.892951 1.000000 44.881569  -0.749749 0.052294 -0.659653  0.969537 0.518604
Roof_Dish001
0  2.392951 0.750000 44.015545  -0.866025 -0.000003 -0.500000  0.966952 0.508266
0  2.392951 -0.750000 44.015545  -0.866025 0.000002 -0.500000  0.951446 0.508266
0  1.892951 1.000000 44.881569  -0.749749 0.052294 -0.659653  0.969537 0.518604
Roof_Dish001
0  3.892951 -1.000000 41.417469  -0.015471 -0.998211 -0.057755  0.973371 0.640249
0  7.357052 -1.000000 43.417469  -0.015473 -0.998211 -0.057746  0.932021 0.640249
0  1.892951 -1.000000 44.881569  0.006612 -0.996137 -0.087567  0.973371 0.681600
Roof_Dish001
0  7.357052 -1.000000 43.417469  -0.015473 -0.998211 -0.057746  0.932021 0.640249
0  3.707056 -1.478688 49.739449  -0.019696 -0.997100 -0.073505  0.932021 0.715714
0  1.892951 -1.000000 44.881569  0.006612 -0.996137 -0.087567  0.973371 0.681600
Roof_Dish001
0  1.892951 -1.000000 44.881569  0.006612 -0.996137 -0.087567  0.973371 0.681600
0  3.707056 -1.478688 49.739449  -0.019696 -0.997100 -0.073505  0.932021 0.715714
0  3.402181 -1.456899 49.577888  0.017637 -0.994584 -0.102431  0.935586 0.715843
Roof_Dish001
0  1.892951 -1.000000 44.881569  0.006612 -0.996137 -0.087567  0.973371 0.681600
0  3.402181 -1.456899 49.577888  0.017637 -0.994584 -0.102431  0.935586 0.715843
0  -0.713315 -1.464819 47.536476  0.059194 -0.991543 -0.115489  0.982982 0.718839
Roof_Dish001
0  -1.973074 3.000000 49.577721  -0.238531 0.961335 -0.137615  0.879481 0.243236
0  -2.622593 2.598076 49.202721  -0.625360 0.691832 -0.360962  0.879481 0.232613
0  -3.033734 2.121320 51.414841  -0.578445 0.679751 0.450932  0.894325 0.243236
Roof_Dish001
0  -2.622593 2.598076 49.202721  -0.625360 0.691832 -0.360962  0.879481 0.232613
0  -3.541152 1.837117 50.793713  -0.869932 0.489180 0.062622  0.894325 0.232613
0  -3.033734 2.121320 51.414841  -0.578445 0.679751 0.450932  0.894325 0.243236
Roof_Dish001
0  -3.033734 2.121320 51.414841  -0.578445 0.679751 0.450932  0.894325 0.243236
0  -3.541152 1.837117 50.793713  -0.869932 0.489180 0.062622  0.894325 0.232613
0  -3.473074 -0.000000 52.175800  -0.719228 0.000007 0.694774  0.909169 0.243236
Roof_Dish001
0  -3.541152 1.837117 50.793713  -0.869932 0.489180 0.062622  0.894325 0.232613
0  -3.921631 -0.000000 51.452721  -0.971242 -0.000002 0.238096  0.909169 0.232613
0  -3.473074 -0.000000 52.175800  -0.719228 0.000007 0.694774  0.909169 0.243236
Roof_Dish001
0  -3.473074 -0.000000 52.175800  -0.719228 0.000007 0.694774  0.909169 0.243236
0  -3.921631 -0.000000 51.452721  -0.971242 -0.000002 0.238096  0.909169 0.232613
0  -3.033734 -2.121320 51.414841  -0.578449 -0.679740 0.450943  0.924013 0.243236
Roof_Dish001
0  -3.921631 -0.000000 51.452721  -0.971242 -0.000002 0.238096  0.909169 0.232613
0  -3.541152 -1.837117 50.793713  -0.869922 -0.489199 0.062608  0.924013 0.232613
0  -3.033734 -2.121320 51.414841  -0.578449 -0.679740 0.450943  0.924013 0.243236
Roof_Dish001
0  -3.033734 -2.121320 51.414841  -0.578449 -0.679740 0.450943  0.924013 0.243236
0  -3.541152 -1.837117 50.793713  -0.869922 -0.489199 0.062608  0.924013 0.232613
0  -1.973074 -3.000000 49.577721  -0.238579 -0.961306 -0.137734  0.938856 0.243236
Roof_Dish001
0  -3.541152 -1.837117 50.793713  -0.869922 -0.489199 0.062608  0.924013 0.232613
0  -2.622593 -2.598076 49.202721  -0.625332 -0.691818 -0.361037  0.938856 0.232613
0  -1.973074 -3.000000 49.577721  -0.238579 -0.961306 -0.137734  0.938856 0.243236
Roof_Dish001
0  -1.973074 -3.000000 49.577721  -0.238579 -0.961306 -0.137734  0.938856 0.243236
0  -2.622593 -2.598076 49.202721  -0.625332 -0.691818 -0.361037  0.938856 0.232613
0  -0.912414 -2.121320 47.740604  0.101344 -0.679762 -0.726397  0.953700 0.243236
Roof_Dish001
0  -2.622593 -2.598076 49.202721  -0.625332 -0.691818 -0.361037  0.938856 0.232613
0  -1.704035 -1.837117 47.611732  -0.380738 -0.489189 -0.784687  0.953700 0.232613
0  -0.912414 -2.121320 47.740604  0.101344 -0.679762 -0.726397  0.953700 0.243236
Roof_Dish001
0  -0.912414 -2.121320 47.740604  0.101344 -0.679762 -0.726397  0.953700 0.243236
0  -1.704035 -1.837117 47.611732  -0.380738 -0.489189 -0.784687  0.953700 0.232613
0  -0.473074 -0.000000 46.979645  0.242128 -0.000008 -0.970244  0.968544 0.243236
Roof_Dish001
0  -1.704035 -1.837117 47.611732  -0.380738 -0.489189 -0.784687  0.953700 0.232613
0  -1.323555 -0.000000 46.952721  -0.279426 0.000001 -0.960167  0.968544 0.232613
0  -0.473074 -0.000000 46.979645  0.242128 -0.000008 -0.970244  0.968544 0.243236
Roof_Dish001
0  -0.473074 -0.000000 46.979645  0.242128 -0.000008 -0.970244  0.968544 0.243236
0  -1.323555 -0.000000 46.952721  -0.279426 0.000001 -0.960167  0.968544 0.232613
0  -0.912414 2.121320 47.740604  0.101349 0.679752 -0.726406  0.983388 0.243236
Roof_Dish001
0  -1.323555 -0.000000 46.952721  -0.279426 0.000001 -0.960167  0.968544 0.232613
0  -1.704035 1.837117 47.611732  -0.380741 0.489190 -0.784684  0.983388 0.232613
0  -0.912414 2.121320 47.740604  0.101349 0.679752 -0.726406  0.983388 0.243236
Roof_Dish001
0  -0.912414 2.121320 47.740604  0.101349 0.679752 -0.726406  0.983388 0.243236
0  -1.704035 1.837117 47.611732  -0.380741 0.489190 -0.784684  0.983388 0.232613
0  -1.973074 3.000000 49.577721  -0.238494 0.961322 -0.137767  0.998231 0.243236
Roof_Dish001
0  -1.704035 1.837117 47.611732  -0.380741 0.489190 -0.784684  0.983388 0.232613
0  -2.622593 2.598076 49.202721  -0.625275 0.691818 -0.361137  0.998231 0.232613
0  -1.973074 3.000000 49.577721  -0.238494 0.961322 -0.137767  0.998231 0.243236
Roof_Dish001
0  -1.704035 1.837117 47.611732  -0.380741 0.489190 -0.784684  0.983388 0.232613
0  -2.567744 1.060660 48.009644  -0.717742 0.214753 -0.662365  0.983388 0.216258
0  -2.622593 2.598076 49.202721  -0.625275 0.691818 -0.361137  0.998231 0.232613
Roof_Dish001
0  -2.567744 1.060660 48.009644  -0.717742 0.214753 -0.662365  0.983388 0.216258
0  -3.098074 1.500000 48.928204  -0.825055 0.303795 -0.476437  0.998231 0.216257
0  -2.622593 2.598076 49.202721  -0.625275 0.691818 -0.361137  0.998231 0.232613
Roof_Dish001
0  -2.622593 2.598076 49.202721  -0.625360 0.691832 -0.360962  0.879481 0.232613
0  -3.098074 1.500000 48.928204  -0.825155 0.303650 -0.476358  0.879481 0.216257
0  -3.541152 1.837117 50.793713  -0.869932 0.489180 0.062622  0.894325 0.232613
Roof_Dish001
0  -3.098074 1.500000 48.928204  -0.825155 0.303650 -0.476358  0.879481 0.216257
0  -3.628404 1.060660 49.846764  -0.932497 0.214765 -0.290388  0.894325 0.216258
0  -3.541152 1.837117 50.793713  -0.869932 0.489180 0.062622  0.894325 0.232613
Roof_Dish001
0  -3.541152 1.837117 50.793713  -0.869932 0.489180 0.062622  0.894325 0.232613
0  -3.628404 1.060660 49.846764  -0.932497 0.214765 -0.290388  0.894325 0.216258
0  -3.921631 -0.000000 51.452721  -0.971242 -0.000002 0.238096  0.909169 0.232613
Roof_Dish001
0  -3.628404 1.060660 49.846764  -0.932497 0.214765 -0.290388  0.894325 0.216258
0  -3.848074 -0.000000 50.227242  -0.976967 0.000001 -0.213391  0.909169 0.216257
0  -3.921631 -0.000000 51.452721  -0.971242 -0.000002 0.238096  0.909169 0.232613
Roof_Dish001
0  -3.921631 -0.000000 51.452721  -0.971242 -0.000002 0.238096  0.909169 0.232613
0  -3.848074 -0.000000 50.227242  -0.976967 0.000001 -0.213391  0.909169 0.216257
0  -3.541152 -1.837117 50.793713  -0.869922 -0.489199 0.062608  0.924013 0.232613
Roof_Dish001
0  -3.848074 -0.000000 50.227242  -0.976967 0.000001 -0.213391  0.909169 0.216257
0  -3.628404 -1.060660 49.846764  -0.932498 -0.214771 -0.290382  0.924013 0.216258
0  -3.541152 -1.837117 50.793713  -0.869922 -0.489199 0.062608  0.924013 0.232613
Roof_Dish001
0  -3.541152 -1.837117 50.793713  -0.869922 -0.489199 0.062608  0.924013 0.232613
0  -3.628404 -1.060660 49.846764  -0.932498 -0.214771 -0.290382  0.924013 0.216258
0  -2.622593 -2.598076 49.202721  -0.625332 -0.691818 -0.361037  0.938856 0.232613
Roof_Dish001
0  -3.628404 -1.060660 49.846764  -0.932498 -0.214771 -0.290382  0.924013 0.216258
0  -3.098074 -1.500000 48.928204  -0.825125 -0.303690 -0.476384  0.938856 0.216257
0  -2.622593 -2.598076 49.202721  -0.625332 -0.691818 -0.361037  0.938856 0.232613
Roof_Dish001
0  -3.098074 -1.500000 48.928204  -0.825125 -0.303690 -0.476384  0.938856 0.216257
0  -3.628404 -1.060660 49.846764  -0.932498 -0.214771 -0.290382  0.924013 0.216258
0  -3.098074 1.500000 48.928204  -0.825155 0.303650 -0.476358  0.879481 0.216257
Roof_Dish001
0  -2.567744 -1.060660 48.009644  -0.717758 -0.214734 -0.662354  0.953700 0.216258
0  -3.098074 -1.500000 48.928204  -0.825125 -0.303690 -0.476384  0.938856 0.216257
0  -3.098074 1.500000 48.928204  -0.825155 0.303650 -0.476358  0.879481 0.216257
Roof_Dish001
0  -2.348074 -0.000000 47.629166  -0.673246 0.000003 -0.739419  0.968544 0.216257
0  -2.567744 -1.060660 48.009644  -0.717758 -0.214734 -0.662354  0.953700 0.216258
0  -3.098074 1.500000 48.928204  -0.825155 0.303650 -0.476358  0.879481 0.216257
Roof_Dish001
0  -2.567744 1.060660 48.009644  -0.717742 0.214753 -0.662365  0.983388 0.216258
0  -2.348074 -0.000000 47.629166  -0.673246 0.000003 -0.739419  0.968544 0.216257
0  -3.098074 1.500000 48.928204  -0.825155 0.303650 -0.476358  0.879481 0.216257
Roof_Dish001
0  -2.348074 -0.000000 47.629166  -0.673246 0.000003 -0.739419  0.968544 0.216257
0  -2.567744 1.060660 48.009644  -0.717742 0.214753 -0.662365  0.983388 0.216258
0  -1.704035 1.837117 47.611732  -0.380741 0.489190 -0.784684  0.983388 0.232613
Roof_Dish001
0  -1.323555 -0.000000 46.952721  -0.279426 0.000001 -0.960167  0.968544 0.232613
0  -2.348074 -0.000000 47.629166  -0.673246 0.000003 -0.739419  0.968544 0.216257
0  -1.704035 1.837117 47.611732  -0.380741 0.489190 -0.784684  0.983388 0.232613
Roof_Dish001
0  -2.567744 -1.060660 48.009644  -0.717758 -0.214734 -0.662354  0.953700 0.216258
0  -2.348074 -0.000000 47.629166  -0.673246 0.000003 -0.739419  0.968544 0.216257
0  -1.323555 -0.000000 46.952721  -0.279426 0.000001 -0.960167  0.968544 0.232613
Roof_Dish001
0  -1.704035 -1.837117 47.611732  -0.380738 -0.489189 -0.784687  0.953700 0.232613
0  -2.567744 -1.060660 48.009644  -0.717758 -0.214734 -0.662354  0.953700 0.216258
0  -1.323555 -0.000000 46.952721  -0.279426 0.000001 -0.960167  0.968544 0.232613
Roof_Dish001
0  -3.098074 -1.500000 48.928204  -0.825125 -0.303690 -0.476384  0.938856 0.216257
0  -2.567744 -1.060660 48.009644  -0.717758 -0.214734 -0.662354  0.953700 0.216258
0  -1.704035 -1.837117 47.611732  -0.380738 -0.489189 -0.784687  0.953700 0.232613
Roof_Dish001
0  -2.622593 -2.598076 49.202721  -0.625332 -0.691818 -0.361037  0.938856 0.232613
0  -3.098074 -1.500000 48.928204  -0.825125 -0.303690 -0.476384  0.938856 0.216257
0  -1.704035 -1.837117 47.611732  -0.380738 -0.489189 -0.784687  0.953700 0.232613
Roof_Dish001
0  -3.628404 -1.060660 49.846764  -0.932498 -0.214771 -0.290382  0.924013 0.216258
0  -3.848074 -0.000000 50.227242  -0.976967 0.000001 -0.213391  0.909169 0.216257
0  -3.098074 1.500000 48.928204  -0.825155 0.303650 -0.476358  0.879481 0.216257
Roof_Dish001
0  -3.848074 -0.000000 50.227242  -0.976967 0.000001 -0.213391  0.909169 0.216257
0  -3.628404 1.060660 49.846764  -0.932497 0.214765 -0.290388  0.894325 0.216258
0  -3.098074 1.500000 48.928204  -0.825155 0.303650 -0.476358  0.879481 0.216257
Roof_Dish001
0  22.619387 1.623799 62.982330  0.000000 1.000000 -0.000000  0.966600 0.092581
0  21.753361 1.623799 62.482330  0.000000 1.000000 -0.000000  0.966600 0.109827
0  21.681887 1.623799 64.606125  -0.250004 0.866022 0.433017  0.940632 0.092581
Roof_Dish001
0  21.753361 1.623799 62.482330  0.000000 1.000000 -0.000000  0.966600 0.109827
0  20.815861 1.623799 64.106125  -0.249996 0.866029 0.433007  0.940632 0.109827
0  21.681887 1.623799 64.606125  -0.250004 0.866022 0.433017  0.940632 0.092581
Roof_Dish001
0  21.681887 1.623799 64.606125  -0.250004 0.866022 0.433017  0.940632 0.092581
0  20.815861 1.623799 64.106125  -0.249996 0.866029 0.433007  0.940632 0.109827
0  21.213137 0.000001 65.418030  -0.433007 0.500004 0.750001  0.909627 0.092581
Roof_Dish001
0  20.815861 1.623799 64.106125  -0.249996 0.866029 0.433007  0.940632 0.109827
0  20.347111 0.000001 64.918030  -0.433003 0.500005 0.750002  0.909627 0.109827
0  21.213137 0.000001 65.418030  -0.433007 0.500004 0.750001  0.909627 0.092581
Roof_Dish001
0  23.088137 0.000001 62.170429  0.433009 0.500001 -0.750002  0.997604 0.092581
0  22.222111 0.000001 61.670429  0.433010 0.500001 -0.750001  0.997604 0.109827
0  22.619387 1.623799 62.982330  0.433012 0.500002 -0.749999  0.966600 0.092581
Roof_Dish001
0  22.222111 0.000001 61.670429  0.433010 0.500001 -0.750001  0.997604 0.109827
0  21.753361 1.623799 62.482330  0.433014 0.500002 -0.749998  0.966600 0.109827
0  22.619387 1.623799 62.982330  0.433012 0.500002 -0.749999  0.966600 0.092581
Roof_Dish001
0  21.681887 -1.623797 64.606125  0.000000 -1.000000 -0.000000  0.878623 0.092581
0  20.815861 -1.623797 64.106125  0.000000 -1.000000 -0.000000  0.878623 0.109827
0  22.619387 -1.623797 62.982330  0.250000 -0.866022 -0.433018  0.852655 0.092581
Roof_Dish001
0  20.815861 -1.623797 64.106125  0.000000 -1.000000 -0.000000  0.878623 0.109827
0  21.753361 -1.623797 62.482330  0.249995 -0.866029 -0.433008  0.852655 0.109827
0  22.619387 -1.623797 62.982330  0.250000 -0.866022 -0.433018  0.852655 0.092581
Roof_Dish001
0  22.619387 -1.623797 62.982330  0.250000 -0.866022 -0.433018  0.852655 0.092581
0  21.753361 -1.623797 62.482330  0.249995 -0.866029 -0.433008  0.852655 0.109827
0  23.088137 0.000001 62.170429  0.433011 -0.500002 -0.750000  0.821650 0.092581
Roof_Dish001
0  21.753361 -1.623797 62.482330  0.249995 -0.866029 -0.433008  0.852655 0.109827
0  22.222111 0.000001 61.670429  0.433012 -0.500002 -0.749999  0.821650 0.109827
0  23.088137 0.000001 62.170429  0.433011 -0.500002 -0.750000  0.821650 0.092581
Roof_Dish001
0  14.352532 30.410603 51.896671  0.484935 0.870886 0.079975  0.718750 0.012106
0  13.687429 30.410603 51.512676  0.097544 0.980785 -0.168953  0.718750 0.006532
0  11.328012 31.012217 57.135300  0.398371 0.887913 0.230024  0.750000 0.012106
Roof_Dish001
0  13.687429 30.410603 51.512676  0.097544 0.980785 -0.168953  0.718750 0.006532
0  10.662908 31.012217 56.751301  -0.000000 1.000000 -0.000001  0.750000 0.006532
0  11.328012 31.012217 57.135300  0.398371 0.887913 0.230024  0.750000 0.012106
Roof_Dish001
0  11.328012 31.012217 57.135300  0.398371 0.887913 0.230024  0.750000 0.012106
0  10.662908 31.012217 56.751301  -0.000000 1.000000 -0.000001  0.750000 0.006532
0  8.303488 30.410603 62.373924  0.311709 0.870877 0.380015  0.781250 0.012106
Roof_Dish001
0  10.662908 31.012217 56.751301  -0.000000 1.000000 -0.000001  0.750000 0.006532
0  7.638384 30.410603 61.989929  -0.097543 0.980786 0.168952  0.781250 0.006532
0  8.303488 30.410603 62.373924  0.311709 0.870877 0.380015  0.781250 0.012106
Roof_Dish001
0  8.303488 30.410603 62.373924  0.311709 0.870877 0.380015  0.781250 0.012106
0  7.638384 30.410603 61.989929  -0.097543 0.980786 0.168952  0.781250 0.006532
0  5.394080 28.651552 67.413170  0.228500 0.820332 0.524256  0.812500 0.012106
Roof_Dish001
0  7.638384 30.410603 61.989929  -0.097543 0.980786 0.168952  0.781250 0.006532
0  4.728977 28.651552 67.029175  -0.191340 0.923879 0.331416  0.812500 0.006532
0  5.394080 28.651552 67.413170  0.228500 0.820332 0.524256  0.812500 0.012106
Roof_Dish001
0  5.394080 28.651552 67.413170  0.228500 0.820332 0.524256  0.812500 0.012106
0  4.728977 28.651552 67.029175  -0.191340 0.923879 0.331416  0.812500 0.006532
0  2.714899 25.780865 72.053642  0.151670 0.738284 0.657216  0.843750 0.012106
Roof_Dish001
0  4.728977 28.651552 67.029175  -0.191340 0.923879 0.331416  0.812500 0.006532
0  2.049797 25.780865 71.669647  -0.277782 0.831470 0.481139  0.843750 0.006532
0  2.714899 25.780865 72.053642  0.151670 0.738284 0.657216  0.843750 0.012106
Roof_Dish001
0  2.714899 25.780865 72.053642  0.151670 0.738284 0.657216  0.843750 0.012106
0  2.049797 25.780865 71.669647  -0.277782 0.831470 0.481139  0.843750 0.006532
0  0.363536 21.928949 76.126328  0.084463 0.627850 0.773738  0.875000 0.012106
Roof_Dish001
0  2.049797 25.780865 71.669647  -0.277782 0.831470 0.481139  0.843750 0.006532
0  -0.301567 21.928949 75.742332  -0.353549 0.707107 0.612374  0.875000 0.006532
0  0.363536 21.928949 76.126328  0.084463 0.627850 0.773738  0.875000 0.012106
Roof_Dish001
0  0.363536 21.928949 76.126328  0.084463 0.627850 0.773738  0.875000 0.012106
0  -0.301567 21.928949 75.742332  -0.353549 0.707107 0.612374  0.875000 0.006532
0  -1.562421 17.226223 79.462181  0.029180 0.493296 0.869372  0.906250 0.012106
Roof_Dish001
0  -0.301567 21.928949 75.742332  -0.353549 0.707107 0.612374  0.875000 0.006532
0  -2.227524 17.226223 79.078186  -0.415732 0.555570 0.720075  0.906250 0.006532
0  -1.562421 17.226223 79.462181  0.029180 0.493296 0.869372  0.906250 0.012106
Roof_Dish001
0  -1.562421 17.226223 79.462181  0.029180 0.493296 0.869372  0.906250 0.012106
0  -2.227524 17.226223 79.078186  -0.415732 0.555570 0.720075  0.906250 0.006532
0  -2.997765 11.867862 81.948273  -0.011776 0.339810 0.940421  0.937500 0.012106
Roof_Dish001
0  -2.227524 17.226223 79.078186  -0.415732 0.555570 0.720075  0.906250 0.006532
0  -3.662867 11.867862 81.564278  -0.461940 0.382683 0.800104  0.937500 0.006532
0  -2.997765 11.867862 81.948273  -0.011776 0.339810 0.940421  0.937500 0.012106
Roof_Dish001
0  -2.997765 11.867862 81.948273  -0.011776 0.339810 0.940421  0.937500 0.012106
0  -3.662867 11.867862 81.564278  -0.461940 0.382683 0.800104  0.937500 0.006532
0  -3.877290 6.049045 83.471657  -0.037119 0.173208 0.984186  0.968750 0.012106
Roof_Dish001
0  -3.662867 11.867862 81.564278  -0.461940 0.382683 0.800104  0.937500 0.006532
0  -4.542391 6.049045 83.087654  -0.490400 0.195090 0.849381  0.968750 0.006532
0  -3.877290 6.049045 83.471657  -0.037119 0.173208 0.984186  0.968750 0.012106
Roof_Dish001
0  -4.178096 -0.000000 83.992668  -0.045588 -0.000010 0.998960  1.000000 0.012106
0  -3.877290 6.049045 83.471657  -0.037119 0.173208 0.984186  0.968750 0.012106
0  -4.542391 6.049045 83.087654  -0.490400 0.195090 0.849381  0.968750 0.006532
Roof_Dish001
0  -4.843199 -0.000000 83.608673  -0.499995 0.000090 0.866028  1.000000 0.006532
0  -4.178096 -0.000000 83.992668  -0.045588 -0.000010 0.998960  1.000000 0.012106
0  -4.542391 6.049045 83.087654  -0.490400 0.195090 0.849381  0.968750 0.006532
Roof_Dish001
0  25.653788 -11.867861 32.322327  0.808550 -0.339769 -0.480421  0.437500 0.012106
0  24.988684 -11.867861 31.938328  0.461943 -0.382683 -0.800101  0.437500 0.006532
0  26.533312 -6.049044 30.798943  0.833775 -0.173207 -0.524232  0.468750 0.012106
Roof_Dish001
0  24.988684 -11.867861 31.938328  0.461943 -0.382683 -0.800101  0.437500 0.006532
0  25.868210 -6.049044 30.414946  0.490393 -0.195090 -0.849385  0.468750 0.006532
0  26.533312 -6.049044 30.798943  0.833775 -0.173207 -0.524232  0.468750 0.012106
Roof_Dish001
0  26.533312 -6.049044 30.798943  0.833775 -0.173207 -0.524232  0.468750 0.012106
0  25.868210 -6.049044 30.414946  0.490393 -0.195090 -0.849385  0.468750 0.006532
0  26.834120 0.000001 30.277929  0.842339 0.000022 -0.538948  0.500000 0.012106
Roof_Dish001
0  25.868210 -6.049044 30.414946  0.490393 -0.195090 -0.849385  0.468750 0.006532
0  26.169016 0.000001 29.893932  0.500002 0.000000 -0.866024  0.500000 0.006532
0  26.834120 0.000001 30.277929  0.842339 0.000022 -0.538948  0.500000 0.012106
Roof_Dish001
0  26.834120 0.000001 30.277929  0.842339 0.000022 -0.538948  0.500000 0.012106
0  26.169016 0.000001 29.893932  0.500002 0.000000 -0.866024  0.500000 0.006532
0  26.533312 6.049046 30.798943  0.833776 0.173208 -0.524229  0.531250 0.012106
Roof_Dish001
0  26.169016 0.000001 29.893932  0.500002 0.000000 -0.866024  0.500000 0.006532
0  25.868210 6.049046 30.414946  0.490395 0.195091 -0.849383  0.531250 0.006532
0  26.533312 6.049046 30.798943  0.833776 0.173208 -0.524229  0.531250 0.012106
Roof_Dish001
0  26.533312 6.049046 30.798943  0.833776 0.173208 -0.524229  0.531250 0.012106
0  25.868210 6.049046 30.414946  0.490395 0.195091 -0.849383  0.531250 0.006532
0  25.653788 11.867863 32.322327  0.808542 0.339802 -0.480412  0.562500 0.012106
Roof_Dish001
0  25.868210 6.049046 30.414946  0.490395 0.195091 -0.849383  0.531250 0.006532
0  24.988684 11.867863 31.938328  0.461940 0.382684 -0.800103  0.562500 0.006532
0  25.653788 11.867863 32.322327  0.808542 0.339802 -0.480412  0.562500 0.012106
Roof_Dish001
0  25.653788 11.867863 32.322327  0.808542 0.339802 -0.480412  0.562500 0.012106
0  24.988684 11.867863 31.938328  0.461940 0.382684 -0.800103  0.562500 0.006532
0  24.218443 17.226225 34.808414  0.767483 0.493298 -0.409422  0.593750 0.012106
Roof_Dish001
0  24.988684 11.867863 31.938328  0.461940 0.382684 -0.800103  0.562500 0.006532
0  23.553339 17.226225 34.424419  0.415730 0.555571 -0.720076  0.593750 0.006532
0  24.218443 17.226225 34.808414  0.767483 0.493298 -0.409422  0.593750 0.012106
Roof_Dish001
0  24.218443 17.226225 34.808414  0.767483 0.493298 -0.409422  0.593750 0.012106
0  23.553339 17.226225 34.424419  0.415730 0.555571 -0.720076  0.593750 0.006532
0  22.292482 21.928951 38.144272  0.712313 0.627835 -0.313741  0.625000 0.012106
Roof_Dish001
0  23.553339 17.226225 34.424419  0.415730 0.555571 -0.720076  0.593750 0.006532
0  21.627380 21.928949 37.760273  0.353553 0.707107 -0.612372  0.625000 0.006532
0  22.292482 21.928951 38.144272  0.712313 0.627835 -0.313741  0.625000 0.012106
Roof_Dish001
0  22.292482 21.928951 38.144272  0.712313 0.627835 -0.313741  0.625000 0.012106
0  21.627380 21.928949 37.760273  0.353553 0.707107 -0.612372  0.625000 0.006532
0  19.941120 25.780865 42.216953  0.644999 0.738285 -0.197260  0.656250 0.012106
Roof_Dish001
0  21.627380 21.928949 37.760273  0.353553 0.707107 -0.612372  0.625000 0.006532
0  19.276018 25.780865 41.832954  0.277786 0.831470 -0.481136  0.656250 0.006532
0  19.941120 25.780865 42.216953  0.644999 0.738285 -0.197260  0.656250 0.012106
Roof_Dish001
0  19.941120 25.780865 42.216953  0.644999 0.738285 -0.197260  0.656250 0.012106
0  19.276018 25.780865 41.832954  0.277786 0.831470 -0.481136  0.656250 0.006532
0  17.261940 28.651552 46.857430  0.568283 0.820319 -0.064271  0.687500 0.012106
Roof_Dish001
0  19.276018 25.780865 41.832954  0.277786 0.831470 -0.481136  0.656250 0.006532
0  16.596836 28.651552 46.473431  0.191343 0.923879 -0.331413  0.687500 0.006532
0  17.261940 28.651552 46.857430  0.568283 0.820319 -0.064271  0.687500 0.012106
Roof_Dish001
0  17.261940 28.651552 46.857430  0.568283 0.820319 -0.064271  0.687500 0.012106
0  16.596836 28.651552 46.473431  0.191343 0.923879 -0.331413  0.687500 0.006532
0  14.352532 30.410603 51.896671  0.484935 0.870886 0.079975  0.718750 0.012106
Roof_Dish001
0  16.596836 28.651552 46.473431  0.191343 0.923879 -0.331413  0.687500 0.006532
0  13.687429 30.410603 51.512676  0.097544 0.980785 -0.168953  0.718750 0.006532
0  14.352532 30.410603 51.896671  0.484935 0.870886 0.079975  0.718750 0.012106
Roof_Dish001
0  2.714901 -25.780865 72.053642  0.151670 -0.738284 0.657216  0.156250 0.012106
0  2.049799 -25.780865 71.669647  -0.277782 -0.831470 0.481139  0.156250 0.006532
0  5.394083 -28.651552 67.413170  0.228498 -0.820333 0.524254  0.187500 0.012106
Roof_Dish001
0  2.049799 -25.780865 71.669647  -0.277782 -0.831470 0.481139  0.156250 0.006532
0  4.728980 -28.651552 67.029175  -0.191342 -0.923880 0.331413  0.187500 0.006532
0  5.394083 -28.651552 67.413170  0.228498 -0.820333 0.524254  0.187500 0.012106
Roof_Dish001
0  5.394083 -28.651552 67.413170  0.228498 -0.820333 0.524254  0.187500 0.012106
0  4.728980 -28.651552 67.029175  -0.191342 -0.923880 0.331413  0.187500 0.006532
0  8.303490 -30.410603 62.373924  0.311726 -0.870885 0.379981  0.218750 0.012106
Roof_Dish001
0  4.728980 -28.651552 67.029175  -0.191342 -0.923880 0.331413  0.187500 0.006532
0  7.638387 -30.410603 61.989929  -0.097547 -0.980785 0.168955  0.218750 0.006532
0  8.303490 -30.410603 62.373924  0.311726 -0.870885 0.379981  0.218750 0.012106
Roof_Dish001
0  8.303490 -30.410603 62.373924  0.311726 -0.870885 0.379981  0.218750 0.012106
0  7.638387 -30.410603 61.989929  -0.097547 -0.980785 0.168955  0.218750 0.006532
0  11.328013 -31.012217 57.135300  0.398392 -0.887913 0.229988  0.250000 0.012106
Roof_Dish001
0  7.638387 -30.410603 61.989929  -0.097547 -0.980785 0.168955  0.218750 0.006532
0  10.662910 -31.012217 56.751301  0.000000 -1.000000 0.000000  0.250000 0.006532
0  11.328013 -31.012217 57.135300  0.398392 -0.887913 0.229988  0.250000 0.012106
Roof_Dish001
0  11.328013 -31.012217 57.135300  0.398392 -0.887913 0.229988  0.250000 0.012106
0  10.662910 -31.012217 56.751301  0.000000 -1.000000 0.000000  0.250000 0.006532
0  14.352534 -30.410603 51.896671  0.484937 -0.870885 0.079975  0.281250 0.012106
Roof_Dish001
0  10.662910 -31.012217 56.751301  0.000000 -1.000000 0.000000  0.250000 0.006532
0  13.687431 -30.410603 51.512676  0.097546 -0.980785 -0.168954  0.281250 0.006532
0  14.352534 -30.410603 51.896671  0.484937 -0.870885 0.079975  0.281250 0.012106
Roof_Dish001
0  14.352534 -30.410603 51.896671  0.484937 -0.870885 0.079975  0.281250 0.012106
0  13.687431 -30.410603 51.512676  0.097546 -0.980785 -0.168954  0.281250 0.006532
0  17.261944 -28.651552 46.857430  0.568283 -0.820319 -0.064271  0.312500 0.012106
Roof_Dish001
0  13.687431 -30.410603 51.512676  0.097546 -0.980785 -0.168954  0.281250 0.006532
0  16.596840 -28.651552 46.473431  0.191342 -0.923879 -0.331415  0.312500 0.006532
0  17.261944 -28.651552 46.857430  0.568283 -0.820319 -0.064271  0.312500 0.012106
Roof_Dish001
0  17.261944 -28.651552 46.857430  0.568283 -0.820319 -0.064271  0.312500 0.012106
0  16.596840 -28.651552 46.473431  0.191342 -0.923879 -0.331415  0.312500 0.006532
0  19.941124 -25.780865 42.216953  0.644988 -0.738297 -0.197249  0.343750 0.012106
Roof_Dish001
0  16.596840 -28.651552 46.473431  0.191342 -0.923879 -0.331415  0.312500 0.006532
0  19.276022 -25.780865 41.832954  0.277784 -0.831469 -0.481139  0.343750 0.006532
0  19.941124 -25.780865 42.216953  0.644988 -0.738297 -0.197249  0.343750 0.012106
Roof_Dish001
0  19.941124 -25.780865 42.216953  0.644988 -0.738297 -0.197249  0.343750 0.012106
0  19.276022 -25.780865 41.832954  0.277784 -0.831469 -0.481139  0.343750 0.006532
0  22.292486 -21.928947 38.144272  0.712315 -0.627835 -0.313738  0.375000 0.012106
Roof_Dish001
0  19.276022 -25.780865 41.832954  0.277784 -0.831469 -0.481139  0.343750 0.006532
0  21.627384 -21.928949 37.760273  0.353555 -0.707108 -0.612370  0.375000 0.006532
0  22.292486 -21.928947 38.144272  0.712315 -0.627835 -0.313738  0.375000 0.012106
Roof_Dish001
0  22.292486 -21.928947 38.144272  0.712315 -0.627835 -0.313738  0.375000 0.012106
0  21.627384 -21.928949 37.760273  0.353555 -0.707108 -0.612370  0.375000 0.006532
0  24.218443 -17.226221 34.808414  0.767481 -0.493299 -0.409425  0.406250 0.012106
Roof_Dish001
0  21.627384 -21.928949 37.760273  0.353555 -0.707108 -0.612370  0.375000 0.006532
0  23.553339 -17.226221 34.424419  0.415728 -0.555570 -0.720078  0.406250 0.006532
0  24.218443 -17.226221 34.808414  0.767481 -0.493299 -0.409425  0.406250 0.012106
Roof_Dish001
0  24.218443 -17.226221 34.808414  0.767481 -0.493299 -0.409425  0.406250 0.012106
0  23.553339 -17.226221 34.424419  0.415728 -0.555570 -0.720078  0.406250 0.006532
0  25.653788 -11.867861 32.322327  0.808550 -0.339769 -0.480421  0.437500 0.012106
Roof_Dish001
0  23.553339 -17.226221 34.424419  0.415728 -0.555570 -0.720078  0.406250 0.006532
0  24.988684 -11.867861 31.938328  0.461943 -0.382683 -0.800101  0.437500 0.006532
0  25.653788 -11.867861 32.322327  0.808550 -0.339769 -0.480421  0.437500 0.012106
Roof_Dish001
0  -3.877290 -6.049045 83.471657  -0.037114 -0.173208 0.984186  0.031250 0.012106
0  -4.178096 -0.000000 83.992668  -0.045538 -0.000045 0.998963  0.000000 0.012106
0  -4.843199 -0.000000 83.608673  -0.500004 -0.000088 0.866023  0.000000 0.006532
Roof_Dish001
0  -4.542390 -6.049045 83.087654  -0.490395 -0.195092 0.849383  0.031250 0.006532
0  -3.877290 -6.049045 83.471657  -0.037114 -0.173208 0.984186  0.031250 0.012106
0  -4.843199 -0.000000 83.608673  -0.500004 -0.000088 0.866023  0.000000 0.006532
Roof_Dish001
0  -3.877290 -6.049045 83.471657  -0.037114 -0.173208 0.984186  0.031250 0.012106
0  -4.542390 -6.049045 83.087654  -0.490395 -0.195092 0.849383  0.031250 0.006532
0  -2.997764 -11.867862 81.948273  -0.011777 -0.339809 0.940421  0.062500 0.012106
Roof_Dish001
0  -4.542390 -6.049045 83.087654  -0.490395 -0.195092 0.849383  0.031250 0.006532
0  -3.662866 -11.867862 81.564278  -0.461939 -0.382683 0.800104  0.062500 0.006532
0  -2.997764 -11.867862 81.948273  -0.011777 -0.339809 0.940421  0.062500 0.012106
Roof_Dish001
0  -2.997764 -11.867862 81.948273  -0.011777 -0.339809 0.940421  0.062500 0.012106
0  -3.662866 -11.867862 81.564278  -0.461939 -0.382683 0.800104  0.062500 0.006532
0  -1.562419 -17.226223 79.462181  0.029183 -0.493302 0.869368  0.093750 0.012106
Roof_Dish001
0  -3.662866 -11.867862 81.564278  -0.461939 -0.382683 0.800104  0.062500 0.006532
0  -2.227522 -17.226223 79.078186  -0.415732 -0.555570 0.720076  0.093750 0.006532
0  -1.562419 -17.226223 79.462181  0.029183 -0.493302 0.869368  0.093750 0.012106
Roof_Dish001
0  -1.562419 -17.226223 79.462181  0.029183 -0.493302 0.869368  0.093750 0.012106
0  -2.227522 -17.226223 79.078186  -0.415732 -0.555570 0.720076  0.093750 0.006532
0  0.363538 -21.928949 76.126328  0.084461 -0.627833 0.773752  0.125000 0.012106
Roof_Dish001
0  -2.227522 -17.226223 79.078186  -0.415732 -0.555570 0.720076  0.093750 0.006532
0  -0.301565 -21.928949 75.742332  -0.353544 -0.707109 0.612375  0.125000 0.006532
0  0.363538 -21.928949 76.126328  0.084461 -0.627833 0.773752  0.125000 0.012106
Roof_Dish001
0  0.363538 -21.928949 76.126328  0.084461 -0.627833 0.773752  0.125000 0.012106
0  -0.301565 -21.928949 75.742332  -0.353544 -0.707109 0.612375  0.125000 0.006532
0  2.714901 -25.780865 72.053642  0.151670 -0.738284 0.657216  0.156250 0.012106
Roof_Dish001
0  -0.301565 -21.928949 75.742332  -0.353544 -0.707109 0.612375  0.125000 0.006532
0  2.049799 -25.780865 71.669647  -0.277782 -0.831470 0.481139  0.156250 0.006532
0  2.714901 -25.780865 72.053642  0.151670 -0.738284 0.657216  0.156250 0.012106
Roof_Dish001
0  4.000002 -0.750000 44.500000  0.000000 -1.000000 0.000000  0.397992 0.402157
0  4.500001 -0.750000 36.533333  0.000000 -1.000000 0.000000  0.338021 0.409653
0  6.000002 -0.750000 44.500000  0.000000 -1.000000 0.000000  0.397992 0.424744
Roof_Dish001
0  4.500001 -0.750000 36.533333  0.000000 -1.000000 0.000000  0.338021 0.409653
0  5.500001 -0.750000 36.533333  0.000000 -1.000000 0.000000  0.338021 0.417149
0  6.000002 -0.750000 44.500000  0.000000 -1.000000 0.000000  0.397992 0.424744
Roof_Dish001
0  5.500001 -0.750000 36.533333  0.000000 -1.000000 0.000000  0.338021 0.417149
0  6.250001 -0.750000 36.500000  0.000000 -1.000000 0.000000  0.338021 0.428394
0  6.000002 -0.750000 44.500000  0.000000 -1.000000 0.000000  0.397992 0.424744
Roof_Dish001
0  6.250001 -0.750000 36.500000  0.000000 -1.000000 0.000000  0.338021 0.428394
0  5.500001 -0.750000 36.533333  0.000000 -1.000000 0.000000  0.338021 0.417149
0  7.000001 -0.750000 19.000000  0.000000 -1.000000 0.000000  0.206583 0.443387
Roof_Dish001
0  5.500001 -0.750000 36.533333  0.000000 -1.000000 0.000000  0.338021 0.417149
0  5.500001 -0.750000 19.000000  0.000000 -1.000000 0.000000  0.206583 0.417149
0  7.000001 -0.750000 19.000000  0.000000 -1.000000 0.000000  0.206583 0.443387
Roof_Dish001
0  7.000001 -0.750000 19.000000  0.000000 -1.000000 0.000000  0.206583 0.443387
0  5.500001 -0.750000 19.000000  0.000000 -1.000000 0.000000  0.206583 0.417149
0  7.000000 -0.750000 0.250000  0.000000 -1.000000 -0.000000  0.066024 0.443387
Roof_Dish001
0  7.000000 -0.750000 0.250000  0.000000 -1.000000 -0.000000  0.066024 0.443387
0  5.500001 -0.750000 19.000000  0.000000 -1.000000 0.000000  0.206583 0.417149
0  4.500001 -0.750000 19.000000  0.000000 -1.000000 -0.000000  0.206583 0.409653
Roof_Dish001
0  3.000000 -0.750000 0.250000  0.000000 -1.000000 -0.000000  0.066024 0.383415
0  7.000000 -0.750000 0.250000  0.000000 -1.000000 -0.000000  0.066024 0.443387
0  4.500001 -0.750000 19.000000  0.000000 -1.000000 -0.000000  0.206583 0.409653
Roof_Dish001
0  3.000000 -0.750000 0.250000  0.000000 -1.000000 -0.000000  0.066024 0.383415
0  4.500001 -0.750000 19.000000  0.000000 -1.000000 -0.000000  0.206583 0.409653
0  3.000001 -0.750000 19.000000  0.000000 -1.000000 0.000000  0.206583 0.383415
Roof_Dish001
0  3.750002 -0.750000 36.500000  0.000000 -1.000000 0.000000  0.338021 0.398408
0  3.000001 -0.750000 19.000000  0.000000 -1.000000 0.000000  0.206583 0.383415
0  4.500001 -0.750000 19.000000  0.000000 -1.000000 -0.000000  0.206583 0.409653
Roof_Dish001
0  4.500001 -0.750000 36.533333  0.000000 -1.000000 0.000000  0.338021 0.409653
0  3.750002 -0.750000 36.500000  0.000000 -1.000000 0.000000  0.338021 0.398408
0  4.500001 -0.750000 19.000000  0.000000 -1.000000 -0.000000  0.206583 0.409653
Roof_Dish001
0  3.750002 -0.750000 36.500000  0.000000 -1.000000 0.000000  0.338021 0.398408
0  4.500001 -0.750000 36.533333  0.000000 -1.000000 0.000000  0.338021 0.409653
0  4.000002 -0.750000 44.500000  0.000000 -1.000000 0.000000  0.397992 0.402157
Roof_Dish001
0  25.653788 -11.867861 32.322327  0.808579 -0.339753 -0.480384  0.565594 0.155313
0  25.681187 -11.798728 32.530869  0.973690 -0.221242 -0.054586  0.566071 0.156465
0  24.254204 -17.125874 35.002476  0.946964 -0.321231 -0.008401  0.529308 0.176160
Roof_Dish001
0  25.681187 -11.798728 32.530869  0.973690 -0.221242 -0.054586  0.566071 0.156465
0  25.653788 -11.867861 32.322327  0.808579 -0.339753 -0.480384  0.565594 0.155313
0  26.555588 -6.013807 31.016357  0.990131 -0.112801 -0.083166  0.605993 0.144396
Roof_Dish001
0  25.653788 -11.867861 32.322327  0.808579 -0.339753 -0.480384  0.565594 0.155313
0  26.533312 -6.049044 30.798943  0.833782 -0.173197 -0.524223  0.605751 0.143173
0  26.555588 -6.013807 31.016357  0.990131 -0.112801 -0.083166  0.605993 0.144396
Roof_Dish001
0  26.533312 -6.049044 30.798943  0.833782 -0.173197 -0.524223  0.605751 0.143173
0  26.834120 0.000001 30.277929  0.842368 0.000031 -0.538903  0.647496 0.139021
0  26.555588 -6.013807 31.016357  0.990131 -0.112801 -0.083166  0.605993 0.144396
Roof_Dish001
0  26.834120 0.000001 30.277929  0.842368 0.000031 -0.538903  0.647496 0.139021
0  26.854643 0.000001 30.498379  0.995694 -0.000001 -0.092695  0.647496 0.140268
0  26.555588 -6.013807 31.016357  0.990131 -0.112801 -0.083166  0.605993 0.144396
Roof_Dish001
0  26.854643 0.000001 30.498379  0.995694 -0.000001 -0.092695  0.647496 0.140268
0  26.834120 0.000001 30.277929  0.842368 0.000031 -0.538903  0.647496 0.139021
0  26.555588 6.013809 31.016357  0.990131 0.112798 -0.083165  0.688998 0.144396
Roof_Dish001
0  26.834120 0.000001 30.277929  0.842368 0.000031 -0.538903  0.647496 0.139021
0  26.533312 6.049046 30.798943  0.833777 0.173257 -0.524212  0.689241 0.143173
0  26.555588 6.013809 31.016357  0.990131 0.112798 -0.083165  0.688998 0.144396
Roof_Dish001
0  26.533312 6.049046 30.798943  0.833777 0.173257 -0.524212  0.689241 0.143173
0  25.653788 11.867863 32.322327  0.808567 0.339812 -0.480361  0.729397 0.155313
0  26.555588 6.013809 31.016357  0.990131 0.112798 -0.083165  0.688998 0.144396
Roof_Dish001
0  25.653788 11.867863 32.322327  0.808567 0.339812 -0.480361  0.729397 0.155313
0  25.681187 11.798730 32.530869  0.973690 0.221242 -0.054585  0.728920 0.156465
0  26.555588 6.013809 31.016357  0.990131 0.112798 -0.083165  0.688998 0.144396
Roof_Dish001
0  25.681187 11.798730 32.530869  0.973690 0.221242 -0.054585  0.728920 0.156465
0  25.653788 11.867863 32.322327  0.808567 0.339812 -0.480361  0.729397 0.155313
0  24.254204 17.125877 35.002476  0.946965 0.321226 -0.008398  0.765684 0.176160
Roof_Dish001
0  25.653788 11.867863 32.322327  0.808567 0.339812 -0.480361  0.729397 0.155313
0  24.218443 17.226225 34.808414  0.767481 0.493334 -0.409382  0.766376 0.175124
0  24.254204 17.125877 35.002476  0.946965 0.321226 -0.008398  0.765684 0.176160
Roof_Dish001
0  24.218443 17.226225 34.808414  0.767481 0.493334 -0.409382  0.766376 0.175124
0  22.292482 21.928951 38.144272  0.712326 0.627855 -0.313672  0.798831 0.201706
0  24.254204 17.125877 35.002476  0.946965 0.321226 -0.008398  0.765684 0.176160
Roof_Dish001
0  22.292482 21.928951 38.144272  0.712326 0.627855 -0.313672  0.798831 0.201706
0  22.339464 21.801210 38.318897  0.911029 0.408798 0.053943  0.797949 0.202588
0  24.254204 17.125877 35.002476  0.946965 0.321226 -0.008398  0.765684 0.176160
Roof_Dish001
0  22.339464 21.801210 38.318897  0.911029 0.408798 0.053943  0.797949 0.202588
0  22.292482 21.928951 38.144272  0.712326 0.627855 -0.313672  0.798831 0.201706
0  20.001797 25.630684 42.367855  0.867202 0.480751 0.129764  0.824377 0.234853
Roof_Dish001
0  22.292482 21.928951 38.144272  0.712326 0.627855 -0.313672  0.798831 0.201706
0  19.941120 25.780865 42.216953  0.644989 0.738309 -0.197205  0.825414 0.234161
0  20.001797 25.630684 42.367855  0.867202 0.480751 0.129764  0.824377 0.234853
Roof_Dish001
0  19.941120 25.780865 42.216953  0.644989 0.738309 -0.197205  0.825414 0.234161
0  17.261940 28.651552 46.857430  0.568277 0.820327 -0.064230  0.845224 0.271140
0  20.001797 25.630684 42.367855  0.867202 0.480751 0.129764  0.824377 0.234853
Roof_Dish001
0  17.261940 28.651552 46.857430  0.568277 0.820327 -0.064230  0.845224 0.271140
0  17.338223 28.484650 46.981300  0.817259 0.534105 0.216377  0.844072 0.271617
0  20.001797 25.630684 42.367855  0.867202 0.480751 0.129764  0.824377 0.234853
Roof_Dish001
0  17.338223 28.484650 46.981300  0.817259 0.534105 0.216377  0.844072 0.271617
0  17.261940 28.651552 46.857430  0.568277 0.820327 -0.064230  0.845224 0.271140
0  14.445764 30.233454 51.991188  0.762986 0.567090 0.310259  0.856141 0.311539
Roof_Dish001
0  17.261940 28.651552 46.857430  0.568277 0.820327 -0.064230  0.845224 0.271140
0  14.352532 30.410603 51.896671  0.484938 0.870883 0.079989  0.857364 0.311296
0  14.445764 30.233454 51.991188  0.762986 0.567090 0.310259  0.856141 0.311539
Roof_Dish001
0  14.352532 30.410603 51.896671  0.484938 0.870883 0.079989  0.857364 0.311296
0  11.328012 31.012217 57.135300  0.398407 0.887888 0.230060  0.861516 0.353042
0  14.445764 30.233454 51.991188  0.762986 0.567090 0.310259  0.856141 0.311539
Roof_Dish001
0  11.328012 31.012217 57.135300  0.398407 0.887888 0.230060  0.861516 0.353042
0  11.438861 30.831564 57.199299  0.706631 0.578124 0.407977  0.860269 0.353042
0  14.445764 30.233454 51.991188  0.762986 0.567090 0.310259  0.856141 0.311539
Roof_Dish001
0  11.438861 30.831564 57.199299  0.706631 0.578124 0.407977  0.860269 0.353042
0  11.328012 31.012217 57.135300  0.398407 0.887888 0.230060  0.861516 0.353042
0  8.431957 30.233454 62.407410  0.650179 0.567093 0.505641  0.856141 0.394544
Roof_Dish001
0  11.328012 31.012217 57.135300  0.398407 0.887888 0.230060  0.861516 0.353042
0  8.303488 30.410603 62.373924  0.311703 0.870872 0.380031  0.857364 0.394787
0  8.431957 30.233454 62.407410  0.650179 0.567093 0.505641  0.856141 0.394544
Roof_Dish001
0  8.303488 30.410603 62.373924  0.311703 0.870872 0.380031  0.857364 0.394787
0  5.394080 28.651552 67.413170  0.228490 0.820308 0.524296  0.845224 0.434944
0  8.431957 30.233454 62.407410  0.650179 0.567093 0.505641  0.856141 0.394544
Roof_Dish001
0  5.394080 28.651552 67.413170  0.228490 0.820308 0.524296  0.845224 0.434944
0  5.539496 28.484650 67.417297  0.596025 0.534112 0.599565  0.844072 0.434467
0  8.431957 30.233454 62.407410  0.650179 0.567093 0.505641  0.856141 0.394544
Roof_Dish001
0  5.539496 28.484650 67.417297  0.596025 0.534112 0.599565  0.844072 0.434467
0  5.394080 28.651552 67.413170  0.228490 0.820308 0.524296  0.845224 0.434944
0  2.875923 25.630684 72.030739  0.545951 0.480758 0.686155  0.824377 0.471230
Roof_Dish001
0  5.394080 28.651552 67.413170  0.228490 0.820308 0.524296  0.845224 0.434944
0  2.714899 25.780865 72.053642  0.151710 0.738282 0.657209  0.825414 0.471923
0  2.875923 25.630684 72.030739  0.545951 0.480758 0.686155  0.824377 0.471230
Roof_Dish001
0  2.714899 25.780865 72.053642  0.151710 0.738282 0.657209  0.825414 0.471923
0  0.363536 21.928949 76.126328  0.084464 0.627823 0.773760  0.798831 0.504377
0  2.875923 25.630684 72.030739  0.545951 0.480758 0.686155  0.824377 0.471230
Roof_Dish001
0  0.363536 21.928949 76.126328  0.084464 0.627823 0.773760  0.798831 0.504377
0  0.538257 21.801208 76.079697  0.502247 0.408791 0.761996  0.797949 0.503495
0  2.875923 25.630684 72.030739  0.545951 0.480758 0.686155  0.824377 0.471230
Roof_Dish001
0  0.538257 21.801208 76.079697  0.502247 0.408791 0.761996  0.797949 0.503495
0  0.363536 21.928949 76.126328  0.084464 0.627823 0.773760  0.798831 0.504377
0  -1.376481 17.125875 79.396118  0.466224 0.321224 0.824288  0.765684 0.529923
Roof_Dish001
0  0.363536 21.928949 76.126328  0.084464 0.627823 0.773760  0.798831 0.504377
0  -1.562421 17.226223 79.462181  0.029204 0.493282 0.869379  0.766376 0.530960
0  -1.376481 17.125875 79.396118  0.466224 0.321224 0.824288  0.765684 0.529923
Roof_Dish001
0  -1.562421 17.226223 79.462181  0.029204 0.493282 0.869379  0.766376 0.530960
0  -2.997765 11.867862 81.948273  -0.011765 0.339750 0.940442  0.729397 0.550771
0  -1.376481 17.125875 79.396118  0.466224 0.321224 0.824288  0.765684 0.529923
Roof_Dish001
0  -2.997765 11.867862 81.948273  -0.011765 0.339750 0.940442  0.729397 0.550771
0  -2.803463 11.798729 81.867729  0.439546 0.221241 0.870547  0.728920 0.549619
0  -1.376481 17.125875 79.396118  0.466224 0.321224 0.824288  0.765684 0.529923
Roof_Dish001
0  -2.803463 11.798729 81.867729  0.439546 0.221241 0.870547  0.728920 0.549619
0  -2.997765 11.867862 81.948273  -0.011765 0.339750 0.940442  0.729397 0.550771
0  -3.677864 6.013808 83.382240  0.423056 0.112801 0.899055  0.688998 0.561688
Roof_Dish001
0  -2.997765 11.867862 81.948273  -0.011765 0.339750 0.940442  0.729397 0.550771
0  -3.877290 6.049045 83.471657  -0.037082 0.173197 0.984189  0.689241 0.562910
0  -3.677864 6.013808 83.382240  0.423056 0.112801 0.899055  0.688998 0.561688
Roof_Dish001
0  -3.877290 6.049045 83.471657  -0.037082 0.173197 0.984189  0.689241 0.562910
0  -4.178096 -0.000000 83.992668  -0.045537 -0.000032 0.998963  0.647496 0.567062
0  -3.677864 6.013808 83.382240  0.423056 0.112801 0.899055  0.688998 0.561688
Roof_Dish001
0  -4.178096 -0.000000 83.992668  -0.045537 -0.000032 0.998963  0.647496 0.567062
0  -3.976919 -0.000000 83.900215  0.417598 -0.000000 0.908632  0.647496 0.565815
0  -3.677864 6.013808 83.382240  0.423056 0.112801 0.899055  0.688998 0.561688
Roof_Dish001
0  -3.976919 -0.000000 83.900215  0.417598 -0.000000 0.908632  0.647496 0.565815
0  -4.178096 -0.000000 83.992668  -0.045537 -0.000032 0.998963  0.647496 0.567062
0  -3.677864 -6.013808 83.382240  0.423040 -0.112801 0.899062  0.605993 0.561688
Roof_Dish001
0  -4.178096 -0.000000 83.992668  -0.045537 -0.000032 0.998963  0.647496 0.567062
0  -3.877290 -6.049045 83.471657  -0.037096 -0.173258 0.984178  0.605751 0.562910
0  -3.677864 -6.013808 83.382240  0.423040 -0.112801 0.899062  0.605993 0.561688
Roof_Dish001
0  -3.877290 -6.049045 83.471657  -0.037096 -0.173258 0.984178  0.605751 0.562910
0  -2.997764 -11.867862 81.948273  -0.011753 -0.339809 0.940421  0.565594 0.550771
0  -3.677864 -6.013808 83.382240  0.423040 -0.112801 0.899062  0.605993 0.561688
Roof_Dish001
0  -2.997764 -11.867862 81.948273  -0.011753 -0.339809 0.940421  0.565594 0.550771
0  -2.803463 -11.798729 81.867729  0.439546 -0.221242 0.870547  0.566071 0.549619
0  -3.677864 -6.013808 83.382240  0.423040 -0.112801 0.899062  0.605993 0.561688
Roof_Dish001
0  -2.803463 -11.798729 81.867729  0.439546 -0.221242 0.870547  0.566071 0.549619
0  -2.997764 -11.867862 81.948273  -0.011753 -0.339809 0.940421  0.565594 0.550771
0  -1.376479 -17.125875 79.396118  0.466225 -0.321223 0.824287  0.529308 0.529923
Roof_Dish001
0  -2.997764 -11.867862 81.948273  -0.011753 -0.339809 0.940421  0.565594 0.550771
0  -1.562419 -17.226223 79.462181  0.029223 -0.493334 0.869349  0.528615 0.530960
0  -1.376479 -17.125875 79.396118  0.466225 -0.321223 0.824287  0.529308 0.529923
Roof_Dish001
0  -1.562419 -17.226223 79.462181  0.029223 -0.493334 0.869349  0.528615 0.530960
0  0.363538 -21.928949 76.126328  0.084488 -0.627868 0.773720  0.496161 0.504377
0  -1.376479 -17.125875 79.396118  0.466225 -0.321223 0.824287  0.529308 0.529923
Roof_Dish001
0  0.363538 -21.928949 76.126328  0.084488 -0.627868 0.773720  0.496161 0.504377
0  0.538259 -21.801208 76.079697  0.502248 -0.408792 0.761995  0.497042 0.503495
0  -1.376479 -17.125875 79.396118  0.466225 -0.321223 0.824287  0.529308 0.529923
Roof_Dish001
0  0.538259 -21.801208 76.079697  0.502248 -0.408792 0.761995  0.497042 0.503495
0  0.363538 -21.928949 76.126328  0.084488 -0.627868 0.773720  0.496161 0.504377
0  2.875925 -25.630684 72.030739  0.545956 -0.480757 0.686152  0.470614 0.471230
Roof_Dish001
0  0.363538 -21.928949 76.126328  0.084488 -0.627868 0.773720  0.496161 0.504377
0  2.714901 -25.780865 72.053642  0.151679 -0.738310 0.657184  0.469578 0.471923
0  2.875925 -25.630684 72.030739  0.545956 -0.480757 0.686152  0.470614 0.471230
Roof_Dish001
0  2.714901 -25.780865 72.053642  0.151679 -0.738310 0.657184  0.469578 0.471923
0  5.394083 -28.651552 67.413170  0.228523 -0.820330 0.524249  0.449767 0.434944
0  2.875925 -25.630684 72.030739  0.545956 -0.480757 0.686152  0.470614 0.471230
Roof_Dish001
0  5.394083 -28.651552 67.413170  0.228523 -0.820330 0.524249  0.449767 0.434944
0  5.539499 -28.484650 67.417297  0.596026 -0.534108 0.599567  0.450919 0.434467
0  2.875925 -25.630684 72.030739  0.545956 -0.480757 0.686152  0.470614 0.471230
Roof_Dish001
0  5.539499 -28.484650 67.417297  0.596026 -0.534108 0.599567  0.450919 0.434467
0  5.394083 -28.651552 67.413170  0.228523 -0.820330 0.524249  0.449767 0.434944
0  8.431959 -30.233454 62.407410  0.650178 -0.567091 0.505643  0.438850 0.394544
Roof_Dish001
0  5.394083 -28.651552 67.413170  0.228523 -0.820330 0.524249  0.449767 0.434944
0  8.303490 -30.410603 62.373924  0.311734 -0.870883 0.379980  0.437628 0.394787
0  8.431959 -30.233454 62.407410  0.650178 -0.567091 0.505643  0.438850 0.394544
Roof_Dish001
0  8.303490 -30.410603 62.373924  0.311734 -0.870883 0.379980  0.437628 0.394787
0  11.328013 -31.012217 57.135300  0.398437 -0.887889 0.230004  0.433476 0.353042
0  8.431959 -30.233454 62.407410  0.650178 -0.567091 0.505643  0.438850 0.394544
Roof_Dish001
0  11.328013 -31.012217 57.135300  0.398437 -0.887889 0.230004  0.433476 0.353042
0  11.438863 -30.831564 57.199299  0.706630 -0.578126 0.407976  0.434722 0.353042
0  8.431959 -30.233454 62.407410  0.650178 -0.567091 0.505643  0.438850 0.394544
Roof_Dish001
0  11.438863 -30.831564 57.199299  0.706630 -0.578126 0.407976  0.434722 0.353042
0  11.328013 -31.012217 57.135300  0.398437 -0.887889 0.230004  0.433476 0.353042
0  14.445765 -30.233454 51.991188  0.762988 -0.567086 0.310263  0.438850 0.311539
Roof_Dish001
0  11.328013 -31.012217 57.135300  0.398437 -0.887889 0.230004  0.433476 0.353042
0  14.352534 -30.410603 51.896671  0.484973 -0.870867 0.079940  0.437628 0.311296
0  14.445765 -30.233454 51.991188  0.762988 -0.567086 0.310263  0.438850 0.311539
Roof_Dish001
0  14.352534 -30.410603 51.896671  0.484973 -0.870867 0.079940  0.437628 0.311296
0  17.261944 -28.651552 46.857430  0.568331 -0.820287 -0.064259  0.449767 0.271140
0  14.445765 -30.233454 51.991188  0.762988 -0.567086 0.310263  0.438850 0.311539
Roof_Dish001
0  17.261944 -28.651552 46.857430  0.568331 -0.820287 -0.064259  0.449767 0.271140
0  17.338226 -28.484650 46.981300  0.817255 -0.534114 0.216370  0.450919 0.271617
0  14.445765 -30.233454 51.991188  0.762988 -0.567086 0.310263  0.438850 0.311539
Roof_Dish001
0  17.338226 -28.484650 46.981300  0.817255 -0.534114 0.216370  0.450919 0.271617
0  17.261944 -28.651552 46.857430  0.568331 -0.820287 -0.064259  0.449767 0.271140
0  20.001801 -25.630684 42.367855  0.867202 -0.480752 0.129765  0.470614 0.234853
Roof_Dish001
0  17.261944 -28.651552 46.857430  0.568331 -0.820287 -0.064259  0.449767 0.271140
0  19.941124 -25.780865 42.216953  0.645014 -0.738275 -0.197250  0.469578 0.234161
0  20.001801 -25.630684 42.367855  0.867202 -0.480752 0.129765  0.470614 0.234853
Roof_Dish001
0  19.941124 -25.780865 42.216953  0.645014 -0.738275 -0.197250  0.469578 0.234161
0  22.292486 -21.928947 38.144272  0.712334 -0.627813 -0.313738  0.496161 0.201706
0  20.001801 -25.630684 42.367855  0.867202 -0.480752 0.129765  0.470614 0.234853
Roof_Dish001
0  22.292486 -21.928947 38.144272  0.712334 -0.627813 -0.313738  0.496161 0.201706
0  22.339464 -21.801207 38.318897  0.911038 -0.408779 0.053952  0.497042 0.202588
0  20.001801 -25.630684 42.367855  0.867202 -0.480752 0.129765  0.470614 0.234853
Roof_Dish001
0  22.339464 -21.801207 38.318897  0.911038 -0.408779 0.053952  0.497042 0.202588
0  22.292486 -21.928947 38.144272  0.712334 -0.627813 -0.313738  0.496161 0.201706
0  24.254204 -17.125874 35.002476  0.946964 -0.321231 -0.008401  0.529308 0.176160
Roof_Dish001
0  22.292486 -21.928947 38.144272  0.712334 -0.627813 -0.313738  0.496161 0.201706
0  24.218443 -17.226221 34.808414  0.767494 -0.493286 -0.409416  0.528615 0.175124
0  24.254204 -17.125874 35.002476  0.946964 -0.321231 -0.008401  0.529308 0.176160
Roof_Dish001
0  24.218443 -17.226221 34.808414  0.767494 -0.493286 -0.409416  0.528615 0.175124
0  25.653788 -11.867861 32.322327  0.808579 -0.339753 -0.480384  0.565594 0.155313
0  24.254204 -17.125874 35.002476  0.946964 -0.321231 -0.008401  0.529308 0.176160
Roof_Dish001
0  0.210623 0.000000 33.598686  0.655169 -0.691894 0.303375  0.421382 0.524507
0  -1.513660 -0.000000 37.541668  0.685843 -0.684309 0.247672  0.421382 0.602764
0  -0.027777 -0.250000 33.537037  0.655168 -0.691887 0.303393  0.416332 0.525208
Roof_Dish001
0  -1.513660 -0.000000 37.541668  0.685843 -0.684309 0.247672  0.421382 0.602764
0  -1.749998 -0.250000 37.500000  0.685843 -0.684304 0.247684  0.416343 0.603782
0  -0.027777 -0.250000 33.537037  0.655168 -0.691887 0.303393  0.416332 0.525208
Roof_Dish001
0  -3.011291 -0.000000 41.074200  -0.728572 0.659063 -0.186599  0.471674 0.524507
0  -3.965588 -0.000000 45.337475  -0.755209 0.655466 -0.004795  0.471674 0.604801
0  -2.777776 0.250000 41.064816  -0.728573 0.659059 -0.186610  0.465561 0.524973
Roof_Dish001
0  -3.965588 -0.000000 45.337475  -0.755209 0.655466 -0.004795  0.471674 0.604801
0  -3.749998 0.250000 45.250000  -0.755208 0.655467 -0.004763  0.465460 0.603512
0  -2.777776 0.250000 41.064816  -0.728573 0.659059 -0.186610  0.465561 0.524973
Roof_Dish001
0  -0.027777 -0.250000 33.537037  -0.655422 -0.691979 -0.302634  0.416332 0.525208
0  -1.749998 -0.250000 37.500000  -0.686431 -0.684593 -0.245244  0.416343 0.603782
0  -0.266176 -0.000000 33.475388  -0.655420 -0.691973 -0.302653  0.411283 0.525908
Roof_Dish001
0  -1.749998 -0.250000 37.500000  -0.686431 -0.684593 -0.245244  0.416343 0.603782
0  -1.986336 -0.000000 37.458332  -0.686443 -0.684592 -0.245215  0.411283 0.604801
0  -0.266176 -0.000000 33.475388  -0.655420 -0.691973 -0.302653  0.411283 0.525908
Roof_Dish001
0  -4.824198 -0.500000 84.016014  -0.866011 0.000000 -0.500025  0.898982 0.612168
0  -4.824198 0.500000 84.016014  -0.866024 0.000000 -0.500003  0.868673 0.612168
0  -4.699198 -0.500000 83.799507  -0.866013 0.000000 -0.500021  0.898982 0.604591
Roof_Dish001
0  -4.824198 0.500000 84.016014  -0.866024 0.000000 -0.500003  0.868673 0.612168
0  -4.699198 0.500000 83.799507  -0.866026 0.000000 -0.499999  0.868673 0.604591
0  -4.699198 -0.500000 83.799507  -0.866013 0.000000 -0.500021  0.898982 0.604591
Roof_Dish001
0  -4.699198 0.500000 83.799507  0.499995 0.000000 -0.866028  0.857342 0.621180
0  -2.750640 0.500000 84.924507  0.500001 0.000000 -0.866025  0.857342 0.651489
0  -4.699198 -0.500000 83.799507  0.499997 0.000000 -0.866027  0.843871 0.621180
Roof_Dish001
0  -2.750640 0.500000 84.924507  0.500001 0.000000 -0.866025  0.857342 0.651489
0  -2.750640 -0.500000 84.924507  0.500003 0.000000 -0.866024  0.843871 0.651489
0  -4.699198 -0.500000 83.799507  0.499997 0.000000 -0.866027  0.843871 0.621180
Roof_Dish001
0  -2.750640 -0.500000 84.924507  0.000000 -1.000000 0.000000  0.843381 0.624798
0  -2.875640 -0.500000 85.141014  0.000000 -1.000000 -0.000000  0.843381 0.628165
0  -4.699198 -0.500000 83.799507  0.000000 -1.000000 -0.000000  0.813072 0.624798
Roof_Dish001
0  -2.875640 -0.500000 85.141014  0.000000 -1.000000 -0.000000  0.843381 0.628165
0  -4.824198 -0.500000 84.016014  0.000000 -1.000000 -0.000000  0.813072 0.628165
0  -4.699198 -0.500000 83.799507  0.000000 -1.000000 -0.000000  0.813072 0.624798
Roof_Dish001
0  -4.824198 0.500000 84.016014  -0.000000 1.000000 0.000000  0.843381 0.624520
0  -2.875640 0.500000 85.141014  -0.000000 1.000000 -0.000000  0.813072 0.624520
0  -4.699198 0.500000 83.799507  -0.000000 1.000000 0.000000  0.843381 0.621153
Roof_Dish001
0  -2.875640 0.500000 85.141014  -0.000000 1.000000 -0.000000  0.813072 0.624520
0  -2.750640 0.500000 84.924507  -0.000000 1.000000 -0.000000  0.813072 0.621153
0  -4.699198 0.500000 83.799507  -0.000000 1.000000 0.000000  0.843381 0.621153
Roof_Dish001
0  -2.875640 -0.500000 85.141014  -0.500000 0.000000 0.866025  0.915123 0.621180
0  -2.875640 0.500000 85.141014  -0.500000 0.000000 0.866026  0.928594 0.621180
0  -4.824198 -0.500000 84.016014  -0.500000 0.000000 0.866026  0.915123 0.651489
Roof_Dish001
0  -2.875640 0.500000 85.141014  -0.500000 0.000000 0.866026  0.928594 0.621180
0  -4.824198 0.500000 84.016014  -0.500000 0.000000 0.866025  0.928594 0.651489
0  -4.824198 -0.500000 84.016014  -0.500000 0.000000 0.866026  0.915123 0.651489
Roof_Dish001
0  -2.750640 0.500000 84.924507  0.866026 0.000000 0.499999  0.898982 0.612629
0  -2.875640 0.500000 85.141014  0.866026 0.000000 0.499999  0.898982 0.620206
0  -2.750640 -0.500000 84.924507  0.866026 0.000000 0.499999  0.868673 0.612629
Roof_Dish001
0  -2.875640 0.500000 85.141014  0.866026 0.000000 0.499999  0.898982 0.620206
0  -2.875640 -0.500000 85.141014  0.866026 0.000000 0.499999  0.868673 0.620206
0  -2.750640 -0.500000 84.924507  0.866026 0.000000 0.499999  0.868673 0.612629
Roof_Dish001
0  18.396791 27.313293 43.796074  -0.866021 0.000000 -0.500008  0.858179 0.616982
0  18.829805 26.813293 43.046074  -0.866028 0.000000 -0.499996  0.842887 0.590496
0  18.334291 27.096788 43.904327  -0.866022 0.000000 -0.500006  0.851558 0.620805
Roof_Dish001
0  18.829805 26.813293 43.046074  -0.866028 0.000000 -0.499996  0.842887 0.590496
0  18.767305 26.596788 43.154327  -0.866029 0.000000 -0.499993  0.836266 0.594319
0  18.334291 27.096788 43.904327  -0.866022 0.000000 -0.500006  0.851558 0.620805
Roof_Dish001
0  18.767305 26.596788 43.154327  -0.250000 -0.866026 0.433011  0.871717 0.621180
0  20.715862 26.596788 44.279327  -0.250000 -0.866025 0.433013  0.871717 0.651489
0  18.334291 27.096788 43.904327  -0.250000 -0.866026 0.433012  0.858247 0.621180
Roof_Dish001
0  20.715862 26.596788 44.279327  -0.250000 -0.866025 0.433013  0.871717 0.651489
0  20.282848 27.096788 45.029327  -0.250000 -0.866025 0.433013  0.858247 0.651489
0  18.334291 27.096788 43.904327  -0.250000 -0.866026 0.433012  0.858247 0.621180
Roof_Dish001
0  20.282848 27.096788 45.029327  -0.433009 0.500006 0.749998  0.813072 0.631974
0  20.345348 27.313293 44.921074  -0.433010 0.500005 0.749999  0.813072 0.628607
0  18.334291 27.096788 43.904327  -0.433010 0.499996 0.750004  0.843381 0.631974
Roof_Dish001
0  20.345348 27.313293 44.921074  -0.433010 0.500005 0.749999  0.813072 0.628607
0  18.396791 27.313293 43.796074  -0.433010 0.499995 0.750005  0.843381 0.628607
0  18.334291 27.096788 43.904327  -0.433010 0.499996 0.750004  0.843381 0.631974
Roof_Dish001
0  18.829805 26.813293 43.046074  0.433015 -0.500006 -0.749995  0.813072 0.632445
0  20.778362 26.813293 44.171074  0.433011 -0.500001 -0.750000  0.843381 0.632445
0  18.767305 26.596788 43.154327  0.433015 -0.500005 -0.749995  0.813072 0.635812
Roof_Dish001
0  20.778362 26.813293 44.171074  0.433011 -0.500001 -0.750000  0.843381 0.632445
0  20.715862 26.596788 44.279327  0.433011 -0.500000 -0.750001  0.843381 0.635812
0  18.767305 26.596788 43.154327  0.433015 -0.500005 -0.749995  0.813072 0.635812
Roof_Dish001
0  20.345348 27.313293 44.921074  0.249999 0.866024 -0.433016  0.900831 0.621180
0  20.778362 26.813293 44.171074  0.250000 0.866024 -0.433015  0.914301 0.621180
0  18.396791 27.313293 43.796074  0.250000 0.866025 -0.433013  0.900831 0.651489
Roof_Dish001
0  20.778362 26.813293 44.171074  0.250000 0.866024 -0.433015  0.914301 0.621180
0  18.829805 26.813293 43.046074  0.250000 0.866026 -0.433012  0.914301 0.651489
0  18.396791 27.313293 43.796074  0.250000 0.866025 -0.433013  0.900831 0.651489
Roof_Dish001
0  20.715862 26.596788 44.279327  0.866027 0.000000 0.499997  0.846025 0.594319
0  20.778362 26.813293 44.171074  0.866027 0.000001 0.499998  0.852647 0.590496
0  20.282848 27.096788 45.029327  0.866023 0.000006 0.500004  0.861317 0.620805
Roof_Dish001
0  20.778362 26.813293 44.171074  0.866027 0.000001 0.499998  0.852647 0.590496
0  20.345348 27.313293 44.921074  0.866022 0.000008 0.500005  0.867938 0.616982
0  20.282848 27.096788 45.029327  0.866023 0.000006 0.500004  0.861317 0.620805
Roof_Dish001
0  18.829809 -26.813293 43.046074  -0.866026 0.000008 -0.499999  0.925047 0.590283
0  18.396795 -27.313293 43.796074  -0.866026 -0.000005 -0.500000  0.909755 0.616769
0  18.767309 -26.596788 43.154327  -0.866026 0.000005 -0.499999  0.931668 0.594106
Roof_Dish001
0  18.396795 -27.313293 43.796074  -0.866026 -0.000005 -0.500000  0.909755 0.616769
0  18.334295 -27.096788 43.904327  -0.866026 -0.000008 -0.500000  0.916376 0.620592
0  18.767309 -26.596788 43.154327  -0.866026 0.000005 -0.499999  0.931668 0.594106
Roof_Dish001
0  18.334295 -27.096788 43.904327  -0.250000 0.866027 0.433010  0.872048 0.651489
0  20.282852 -27.096788 45.029327  -0.250000 0.866026 0.433013  0.872048 0.621180
0  18.767309 -26.596788 43.154327  -0.250000 0.866026 0.433011  0.885519 0.651489
Roof_Dish001
0  20.282852 -27.096788 45.029327  -0.250000 0.866026 0.433013  0.872048 0.621180
0  20.715866 -26.596788 44.279327  -0.250000 0.866025 0.433013  0.885519 0.621180
0  18.767309 -26.596788 43.154327  -0.250000 0.866026 0.433011  0.885519 0.651489
Roof_Dish001
0  20.715866 -26.596788 44.279327  0.433011 0.500000 -0.750001  0.843381 0.639650
0  20.778366 -26.813293 44.171074  0.433011 0.500001 -0.750000  0.843381 0.636283
0  18.767309 -26.596788 43.154327  0.433014 0.500003 -0.749997  0.813072 0.639650
Roof_Dish001
0  20.778366 -26.813293 44.171074  0.433011 0.500001 -0.750000  0.843381 0.636283
0  18.829809 -26.813293 43.046074  0.433014 0.500004 -0.749997  0.813072 0.636283
0  18.767309 -26.596788 43.154327  0.433014 0.500003 -0.749997  0.813072 0.639650
Roof_Dish001
0  18.396795 -27.313293 43.796074  -0.433011 -0.500000 0.750001  0.813072 0.640121
0  20.345352 -27.313293 44.921074  -0.433011 -0.500000 0.750001  0.843381 0.640121
0  18.334295 -27.096788 43.904327  -0.433011 -0.500000 0.750001  0.813072 0.643488
Roof_Dish001
0  20.345352 -27.313293 44.921074  -0.433011 -0.500000 0.750001  0.843381 0.640121
0  20.282852 -27.096788 45.029327  -0.433011 -0.500000 0.750001  0.843381 0.643488
0  18.334295 -27.096788 43.904327  -0.433011 -0.500000 0.750001  0.813072 0.643488
Roof_Dish001
0  20.778366 -26.813293 44.171074  0.249999 -0.866026 -0.433013  0.899683 0.651489
0  20.345352 -27.313293 44.921074  0.249999 -0.866025 -0.433013  0.886212 0.651489
0  18.829809 -26.813293 43.046074  0.250000 -0.866025 -0.433014  0.899683 0.621180
Roof_Dish001
0  20.345352 -27.313293 44.921074  0.249999 -0.866025 -0.433013  0.886212 0.651489
0  18.396795 -27.313293 43.796074  0.250000 -0.866024 -0.433015  0.886212 0.621180
0  18.829809 -26.813293 43.046074  0.250000 -0.866025 -0.433014  0.899683 0.621180
Roof_Dish001
0  20.282852 -27.096788 45.029327  0.866033 -0.000008 0.499988  0.906479 0.620592
0  20.345352 -27.313293 44.921074  0.866031 -0.000006 0.499991  0.899857 0.616769
0  20.715866 -26.596788 44.279327  0.866022 0.000000 0.500005  0.921770 0.594106
Roof_Dish001
0  20.345352 -27.313293 44.921074  0.866031 -0.000006 0.499991  0.899857 0.616769
0  20.778366 -26.813293 44.171074  0.866021 0.000002 0.500008  0.915149 0.590283
0  20.715866 -26.596788 44.279327  0.866022 0.000000 0.500005  0.921770 0.594106
Roof_Dish001
0  19.741587 -26.846788 44.216827  -0.898350 0.307165 -0.314034  0.907894 0.663412
0  22.060560 -1.217749 62.649437  -0.901603 0.303515 -0.308206  0.907396 0.997586
0  19.944561 -26.706163 44.052765  -0.348014 0.567869 -0.745930  0.905377 0.663756
Roof_Dish001
0  22.060560 -1.217749 62.649437  -0.901603 0.303515 -0.308206  0.907396 0.997586
0  22.264790 -1.074710 62.481274  -0.354983 0.566846 -0.743420  0.904721 0.997925
0  19.944561 -26.706163 44.052765  -0.348014 0.567869 -0.745930  0.905377 0.663756
Roof_Dish001
0  20.228727 -26.659288 44.123077  0.432996 0.500007 -0.750005  0.902904 0.664802
0  19.944561 -26.706163 44.052765  -0.348014 0.567869 -0.745930  0.905377 0.663756
0  22.264790 -1.074710 62.481274  -0.354983 0.566846 -0.743420  0.904721 0.997925
Roof_Dish001
0  22.549791 -1.026870 62.550137  0.426013 0.502357 -0.752430  0.902450 0.998972
0  20.228727 -26.659288 44.123077  0.432996 0.500007 -0.750005  0.902904 0.664802
0  22.264790 -1.074710 62.481274  -0.354983 0.566846 -0.743420  0.904721 0.997925
Roof_Dish001
0  20.228727 -26.659288 44.123077  0.432996 0.500007 -0.750005  0.902904 0.664802
0  22.549791 -1.026870 62.550137  0.426013 0.502357 -0.752430  0.902450 0.998972
0  20.431702 -26.706163 44.334015  0.947883 0.124858 -0.293135  0.900259 0.665852
Roof_Dish001
0  22.549791 -1.026870 62.550137  0.426013 0.502357 -0.752430  0.902450 0.998972
0  22.755272 -1.072780 62.760593  0.946255 0.127655 -0.297164  0.900287 1.000029
0  20.431702 -26.706163 44.334015  0.947883 0.124858 -0.293135  0.900259 0.665852
Roof_Dish001
0  20.431702 -26.706163 44.334015  0.947883 0.124858 -0.293135  0.900259 0.665852
0  22.755272 -1.072780 62.760593  0.946255 0.127655 -0.297164  0.900287 1.000029
0  20.391106 -26.846788 44.591827  0.898396 -0.307135 0.313930  0.897368 0.666207
Roof_Dish001
0  22.755272 -1.072780 62.760593  0.946255 0.127655 -0.297164  0.900287 1.000029
0  22.715492 -1.213999 63.020065  0.936383 -0.256878 0.239167  0.897933 1.000390
0  20.391106 -26.846788 44.591827  0.898396 -0.307135 0.313930  0.897368 0.666207
Roof_Dish001
0  20.188131 -26.987413 44.755890  0.347984 -0.567867 0.745945  0.894725 0.665863
0  20.391106 -26.846788 44.591827  0.898396 -0.307135 0.313930  0.897368 0.666207
0  22.715492 -1.213999 63.020065  0.936383 -0.256878 0.239167  0.897933 1.000390
Roof_Dish001
0  22.493507 -1.570211 63.030949  0.424737 -0.559452 0.711766  0.895408 0.997247
0  20.188131 -26.987413 44.755890  0.347984 -0.567867 0.745945  0.894725 0.665863
0  22.715492 -1.213999 63.020065  0.936383 -0.256878 0.239167  0.897933 1.000390
Roof_Dish001
0  19.903967 -27.034288 44.685577  -0.433017 -0.499995 0.750001  0.892446 0.664817
0  20.188131 -26.987413 44.755890  0.347984 -0.567867 0.745945  0.894725 0.665863
0  22.493507 -1.570211 63.030949  0.424737 -0.559452 0.711766  0.895408 0.997247
Roof_Dish001
0  22.208855 -1.617650 62.961483  -0.482630 -0.433595 0.760962  0.892934 0.996201
0  19.903967 -27.034288 44.685577  -0.433017 -0.499995 0.750001  0.892446 0.664817
0  22.493507 -1.570211 63.030949  0.424737 -0.559452 0.711766  0.895408 0.997247
Roof_Dish001
0  19.903967 -27.034288 44.685577  -0.433017 -0.499995 0.750001  0.892446 0.664817
0  22.208855 -1.617650 62.961483  -0.482630 -0.433595 0.760962  0.892934 0.996201
0  19.700993 -26.987413 44.474640  -0.947898 -0.124824 0.293102  0.890274 0.663767
Roof_Dish001
0  22.208855 -1.617650 62.961483  -0.482630 -0.433595 0.760962  0.892934 0.996201
0  22.023556 -1.357520 62.907616  -0.982783 -0.036827 0.181054  0.890299 0.997953
0  19.700993 -26.987413 44.474640  -0.947898 -0.124824 0.293102  0.890274 0.663767
Roof_Dish001
0  19.700993 -26.987413 44.474640  -0.947898 -0.124824 0.293102  0.890274 0.663767
0  22.023556 -1.357520 62.907616  -0.982783 -0.036827 0.181054  0.890299 0.997953
0  19.741587 -26.846788 44.216827  -0.898444 0.307078 -0.313849  0.887920 0.663412
Roof_Dish001
0  22.023556 -1.357520 62.907616  -0.982783 -0.036827 0.181054  0.890299 0.997953
0  22.064739 -1.214853 62.646057  -0.898445 0.307080 -0.313844  0.887370 0.997593
0  19.741587 -26.846788 44.216827  -0.898444 0.307078 -0.313849  0.887920 0.663412
Roof_Dish001
0  -6.000000 -8.000000 0.250000  0.000000 -1.000000 0.000000  0.346127 0.059178
0  -6.000000 -8.000000 0.000000  0.000000 -1.000000 0.000000  0.346127 0.057440
0  16.000000 -8.000000 0.249999  0.000000 -1.000000 0.000000  0.193223 0.059178
Roof_Dish001
0  -6.000000 -8.000000 0.000000  0.000000 -1.000000 0.000000  0.346127 0.057440
0  16.000000 -8.000000 -0.000001  0.000000 -1.000000 0.000000  0.193223 0.057440
0  16.000000 -8.000000 0.249999  0.000000 -1.000000 0.000000  0.193223 0.059178
Roof_Dish001
0  16.000000 -8.000000 -0.000001  1.000000 0.000000 0.000000  0.193223 0.067623
0  16.000000 8.000001 -0.000001  1.000000 0.000000 0.000000  0.346127 0.067623
0  16.000000 -8.000000 0.249999  1.000000 0.000000 0.000000  0.193223 0.070012
Roof_Dish001
0  16.000000 8.000001 -0.000001  1.000000 0.000000 0.000000  0.346127 0.067623
0  16.000000 8.000001 0.249999  1.000000 0.000000 0.000000  0.346127 0.070012
0  16.000000 -8.000000 0.249999  1.000000 0.000000 0.000000  0.193223 0.070012
Roof_Dish001
0  16.000000 8.000001 0.249999  0.000000 0.000000 1.000000  0.349147 0.057705
0  -6.000000 8.000000 0.250000  0.000000 0.000000 1.000000  0.510629 0.057705
0  16.000000 -8.000000 0.249999  0.000000 0.000000 1.000000  0.349147 0.175147
Roof_Dish001
0  -6.000000 8.000000 0.250000  0.000000 0.000000 1.000000  0.510629 0.057705
0  -6.000000 -8.000000 0.250000  0.000000 0.000000 1.000000  0.510629 0.175147
0  16.000000 -8.000000 0.249999  0.000000 0.000000 1.000000  0.349147 0.175147
Roof_Dish001
0  16.000000 8.000001 -0.000001  -0.000000 1.000000 0.000000  0.193223 0.059645
0  -6.000000 8.000000 0.000000  -0.000000 1.000000 0.000000  0.346127 0.059645
0  16.000000 8.000001 0.249999  -0.000000 1.000000 0.000000  0.193223 0.061382
Roof_Dish001
0  -6.000000 8.000000 0.000000  -0.000000 1.000000 0.000000  0.346127 0.059645
0  -6.000000 8.000000 0.250000  -0.000000 1.000000 0.000000  0.346127 0.061382
0  16.000000 8.000001 0.249999  -0.000000 1.000000 0.000000  0.193223 0.061382
Roof_Dish001
0  -6.000000 8.000000 0.250000  -1.000000 -0.000000 0.000000  0.346127 0.065987
0  -6.000000 8.000000 0.000000  -1.000000 -0.000000 0.000000  0.346127 0.063598
0  -6.000000 -8.000000 0.250000  -1.000000 -0.000000 0.000000  0.193223 0.065987
Roof_Dish001
0  -6.000000 8.000000 0.000000  -1.000000 -0.000000 0.000000  0.346127 0.063598
0  -6.000000 -8.000000 0.000000  -1.000000 -0.000000 0.000000  0.193223 0.063598
0  -6.000000 -8.000000 0.250000  -1.000000 -0.000000 0.000000  0.193223 0.065987
Roof_Dish001
0  23.275637 0.000001 61.845673  0.500014 -0.000082 -0.866017  0.821650 0.091788
0  28.471790 0.000001 64.845673  0.620199 -0.000089 -0.784444  0.821650 0.017111
0  22.946133 -1.590989 62.416389  0.353549 -0.707113 -0.612367  0.847618 0.091788
Roof_Dish001
0  28.471790 0.000001 64.845673  0.620199 -0.000089 -0.784444  0.821650 0.017111
0  28.142284 -1.590989 65.416389  0.475244 -0.699650 -0.533510  0.847618 0.017111
0  22.946133 -1.590989 62.416389  0.353549 -0.707113 -0.612367  0.847618 0.091788
Roof_Dish001
0  22.946133 -1.590989 62.416389  0.353549 -0.707113 -0.612367  0.847618 0.091788
0  28.142284 -1.590989 65.416389  0.475244 -0.699650 -0.533510  0.847618 0.017111
0  22.150637 -2.249999 63.794228  -0.000005 -1.000000 0.000009  0.865639 0.091788
Roof_Dish001
0  28.142284 -1.590989 65.416389  0.475244 -0.699650 -0.533510  0.847618 0.017111
0  27.346792 -2.249999 66.794228  0.125418 -0.989458 0.072407  0.865639 0.017111
0  22.150637 -2.249999 63.794228  -0.000005 -1.000000 0.000009  0.865639 0.091788
Roof_Dish001
0  22.150637 -2.249999 63.794228  -0.000005 -1.000000 0.000009  0.865639 0.091788
0  27.346792 -2.249999 66.794228  0.125418 -0.989458 0.072407  0.865639 0.017111
0  21.355143 -1.590989 65.172066  -0.353556 -0.707100 0.612379  0.883659 0.091788
Roof_Dish001
0  27.346792 -2.249999 66.794228  0.125418 -0.989458 0.072407  0.865639 0.017111
0  26.551296 -1.590989 68.172066  -0.224409 -0.699654 0.678325  0.883659 0.017111
0  21.355143 -1.590989 65.172066  -0.353556 -0.707100 0.612379  0.883659 0.091788
Roof_Dish001
0  21.355143 -1.590989 65.172066  -0.353556 -0.707100 0.612379  0.883659 0.091788
0  26.551296 -1.590989 68.172066  -0.224409 -0.699654 0.678325  0.883659 0.017111
0  21.025639 0.000001 65.742783  -0.499999 0.000009 0.866026  0.909627 0.091788
Roof_Dish001
0  26.551296 -1.590989 68.172066  -0.224409 -0.699654 0.678325  0.883659 0.017111
0  26.221792 0.000001 68.742783  -0.369312 -0.000003 0.929305  0.909627 0.017111
0  21.025639 0.000001 65.742783  -0.499999 0.000009 0.866026  0.909627 0.091788
Roof_Dish001
0  21.025639 0.000001 65.742783  -0.499999 0.000009 0.866026  0.909627 0.091788
0  26.221792 0.000001 68.742783  -0.369312 -0.000003 0.929305  0.909627 0.017111
0  21.355143 1.590991 65.172066  -0.353550 0.707113 0.612367  0.935595 0.091788
Roof_Dish001
0  26.221792 0.000001 68.742783  -0.369312 -0.000003 0.929305  0.909627 0.017111
0  26.551296 1.590991 68.172066  -0.224411 0.699651 0.678328  0.935595 0.017111
0  21.355143 1.590991 65.172066  -0.353550 0.707113 0.612367  0.935595 0.091788
Roof_Dish001
0  21.355143 1.590991 65.172066  -0.353550 0.707113 0.612367  0.935595 0.091788
0  26.551296 1.590991 68.172066  -0.224411 0.699651 0.678328  0.935595 0.017111
0  22.150637 2.250001 63.794228  0.000005 1.000000 -0.000008  0.953616 0.091788
Roof_Dish001
0  26.551296 1.590991 68.172066  -0.224411 0.699651 0.678328  0.935595 0.017111
0  27.346792 2.250001 66.794228  0.125416 0.989458 0.072409  0.953616 0.017111
0  22.150637 2.250001 63.794228  0.000005 1.000000 -0.000008  0.953616 0.091788
Roof_Dish001
0  22.150637 2.250001 63.794228  0.000005 1.000000 -0.000008  0.953616 0.091788
0  27.346792 2.250001 66.794228  0.125416 0.989458 0.072409  0.953616 0.017111
0  22.946133 1.590991 62.416389  0.353557 0.707099 -0.612379  0.971636 0.091788
Roof_Dish001
0  27.346792 2.250001 66.794228  0.125416 0.989458 0.072409  0.953616 0.017111
0  28.142284 1.590991 65.416389  0.475241 0.699656 -0.533504  0.971636 0.017111
0  22.946133 1.590991 62.416389  0.353557 0.707099 -0.612379  0.971636 0.091788
Roof_Dish001
0  22.946133 1.590991 62.416389  0.353557 0.707099 -0.612379  0.971636 0.091788
0  28.142284 1.590991 65.416389  0.475241 0.699656 -0.533504  0.971636 0.017111
0  23.275637 0.000001 61.845673  0.500111 0.000082 -0.865961  0.997604 0.091788
Roof_Dish001
0  28.142284 1.590991 65.416389  0.475241 0.699656 -0.533504  0.971636 0.017111
0  28.471790 0.000001 64.845673  0.620200 0.000089 -0.784443  0.997604 0.017111
0  23.275637 0.000001 61.845673  0.500111 0.000082 -0.865961  0.997604 0.091788
Roof_Dish001
0  5.500001 0.750000 36.500000  -0.000000 1.000000 -0.000000  0.096080 0.307555
0  6.250001 0.750000 36.500000  -0.000000 1.000000 -0.000000  0.096080 0.296311
0  5.500001 0.750000 19.000000  -0.000000 1.000000 0.000000  0.227518 0.307555
Roof_Dish001
0  6.250001 0.750000 36.500000  -0.000000 1.000000 -0.000000  0.096080 0.296311
0  7.000001 0.750000 19.000000  -0.000000 1.000000 0.000000  0.227518 0.281318
0  5.500001 0.750000 19.000000  -0.000000 1.000000 0.000000  0.227518 0.307555
Roof_Dish001
0  7.000001 0.750000 19.000000  -0.000000 1.000000 0.000000  0.227518 0.281318
0  7.000000 0.750001 0.250000  -0.000000 1.000000 0.000000  0.368077 0.281318
0  5.500001 0.750000 19.000000  -0.000000 1.000000 0.000000  0.227518 0.307555
Roof_Dish001
0  5.500001 0.750000 19.000000  -0.000000 1.000000 0.000000  0.227518 0.307555
0  7.000000 0.750001 0.250000  -0.000000 1.000000 0.000000  0.368077 0.281318
0  3.000000 0.750001 0.250000  -0.000000 1.000000 0.000000  0.368077 0.341290
Roof_Dish001
0  4.500001 0.750000 19.000000  -0.000000 1.000000 0.000000  0.227518 0.315052
0  5.500001 0.750000 19.000000  -0.000000 1.000000 0.000000  0.227518 0.307555
0  3.000000 0.750001 0.250000  -0.000000 1.000000 0.000000  0.368077 0.341290
Roof_Dish001
0  4.500001 0.750000 19.000000  -0.000000 1.000000 0.000000  0.227518 0.315052
0  3.000000 0.750001 0.250000  -0.000000 1.000000 0.000000  0.368077 0.341290
0  3.000001 0.750000 19.000000  -0.000000 1.000000 0.000000  0.227518 0.341290
Roof_Dish001
0  4.500001 0.750000 36.500000  0.000001 1.000000 -0.000000  0.096080 0.315052
0  4.500001 0.750000 19.000000  -0.000000 1.000000 0.000000  0.227518 0.315052
0  3.000001 0.750000 19.000000  -0.000000 1.000000 0.000000  0.227518 0.341290
Roof_Dish001
0  3.750002 0.750001 36.500000  0.000001 1.000000 -0.000000  0.096080 0.326297
0  4.500001 0.750000 36.500000  0.000001 1.000000 -0.000000  0.096080 0.315052
0  3.000001 0.750000 19.000000  -0.000000 1.000000 0.000000  0.227518 0.341290
Roof_Dish001
0  3.750002 0.750001 36.500000  0.000001 1.000000 -0.000000  0.096080 0.326297
0  4.000002 0.750001 44.500000  0.000000 1.000000 -0.000000  0.036109 0.322548
0  4.500001 0.750000 36.500000  0.000001 1.000000 -0.000000  0.096080 0.315052
Roof_Dish001
0  4.500001 0.750000 36.500000  0.000001 1.000000 -0.000000  0.096080 0.315052
0  4.000002 0.750001 44.500000  0.000000 1.000000 -0.000000  0.036109 0.322548
0  5.500001 0.750000 36.500000  -0.000000 1.000000 -0.000000  0.096080 0.307555
Roof_Dish001
0  4.000002 0.750001 44.500000  0.000000 1.000000 -0.000000  0.036109 0.322548
0  6.000002 0.750001 44.500000  -0.000000 1.000000 -0.000000  0.036109 0.299961
0  5.500001 0.750000 36.500000  -0.000000 1.000000 -0.000000  0.096080 0.307555
Roof_Dish001
0  5.500001 0.750000 36.500000  -0.000000 1.000000 -0.000000  0.096080 0.307555
0  6.000002 0.750001 44.500000  -0.000000 1.000000 -0.000000  0.036109 0.299961
0  6.250001 0.750000 36.500000  -0.000000 1.000000 -0.000000  0.096080 0.296311
Roof_Dish001
0  28.851368 -0.608845 66.959862  0.929902 -0.194710 0.312043  0.953904 0.213200
0  28.546946 -0.861037 67.487137  0.832546 -0.275363 0.480668  0.940189 0.213200
0  28.265350 -1.590989 67.324562  0.715168 -0.563953 0.412906  0.940189 0.198293
Roof_Dish001
0  28.265350 -1.590989 67.324562  0.715168 -0.563953 0.412906  0.940189 0.198293
0  28.546946 -0.861037 67.487137  0.832546 -0.275363 0.480668  0.940189 0.213200
0  27.702850 -1.124999 68.298836  0.515783 -0.398775 0.758252  0.926475 0.198293
Roof_Dish001
0  28.242523 0.608847 68.014412  0.735188 0.194712 0.649296  0.899045 0.213200
0  28.116426 0.000001 68.232819  0.694843 -0.000001 0.719161  0.912760 0.213200
0  28.546946 0.861039 67.487137  0.832573 0.275318 0.480648  0.995048 0.213200
Roof_Dish001
0  28.116426 0.000001 68.232819  0.694843 -0.000001 0.719161  0.912760 0.213200
0  28.242523 -0.608845 68.014412  0.735188 -0.194715 0.649295  0.926475 0.213200
0  28.546946 0.861039 67.487137  0.832573 0.275318 0.480648  0.995048 0.213200
Roof_Dish001
0  28.242523 -0.608845 68.014412  0.735188 -0.194715 0.649295  0.926475 0.213200
0  28.116426 0.000001 68.232819  0.694843 -0.000001 0.719161  0.912760 0.213200
0  27.469854 0.000001 68.702400  0.433192 -0.000001 0.901302  0.912760 0.198293
Roof_Dish001
0  27.702850 -1.124999 68.298836  0.515783 -0.398775 0.758252  0.926475 0.198293
0  28.242523 -0.608845 68.014412  0.735188 -0.194715 0.649295  0.926475 0.213200
0  27.469854 0.000001 68.702400  0.433192 -0.000001 0.901302  0.912760 0.198293
Roof_Dish001
0  28.546946 -0.861037 67.487137  0.832546 -0.275363 0.480668  0.940189 0.213200
0  28.242523 -0.608845 68.014412  0.735188 -0.194715 0.649295  0.926475 0.213200
0  27.702850 -1.124999 68.298836  0.515783 -0.398775 0.758252  0.926475 0.198293
Roof_Dish001
0  28.242523 -0.608845 68.014412  0.735188 -0.194715 0.649295  0.926475 0.213200
0  28.546946 -0.861037 67.487137  0.832546 -0.275363 0.480668  0.940189 0.213200
0  28.546946 0.861039 67.487137  0.832573 0.275318 0.480648  0.995048 0.213200
Roof_Dish001
0  28.546946 -0.861037 67.487137  0.832546 -0.275363 0.480668  0.940189 0.213200
0  28.851368 -0.608845 66.959862  0.929902 -0.194710 0.312043  0.953904 0.213200
0  28.546946 0.861039 67.487137  0.832573 0.275318 0.480648  0.995048 0.213200
Roof_Dish001
0  28.851368 -0.608845 66.959862  0.929902 -0.194710 0.312043  0.953904 0.213200
0  28.977465 0.000001 66.741455  0.970222 0.000001 0.242219  0.967618 0.213200
0  28.546946 0.861039 67.487137  0.832573 0.275318 0.480648  0.995048 0.213200
Roof_Dish001
0  28.977465 0.000001 66.741455  0.970222 0.000001 0.242219  0.967618 0.213200
0  28.851368 -0.608845 66.959862  0.929902 -0.194710 0.312043  0.953904 0.213200
0  28.827850 -1.124999 66.350281  0.914559 -0.398771 0.067556  0.953904 0.198293
Roof_Dish001
0  28.827850 -1.124999 66.350281  0.914559 -0.398771 0.067556  0.953904 0.198293
0  28.851368 -0.608845 66.959862  0.929902 -0.194710 0.312043  0.953904 0.213200
0  28.265350 -1.590989 67.324562  0.715168 -0.563953 0.412906  0.940189 0.198293
Roof_Dish001
0  28.827850 -1.124999 66.350281  0.914559 -0.398771 0.067556  0.953904 0.198293
0  28.265350 -1.590989 67.324562  0.715168 -0.563953 0.412906  0.940189 0.198293
0  27.843912 -2.078728 67.081238  0.446958 -0.856527 0.258050  0.940189 0.187167
Roof_Dish001
0  27.843912 -2.078728 67.081238  0.446958 -0.856527 0.258050  0.940189 0.187167
0  28.265350 -1.590989 67.324562  0.715168 -0.563953 0.412906  0.940189 0.198293
0  27.108971 -1.469882 68.354195  0.144128 -0.605658 0.782564  0.926475 0.187167
Roof_Dish001
0  28.265350 -1.590989 67.324562  0.715168 -0.563953 0.412906  0.940189 0.198293
0  27.702850 -1.124999 68.298836  0.515783 -0.398775 0.758252  0.926475 0.198293
0  27.108971 -1.469882 68.354195  0.144128 -0.605658 0.782564  0.926475 0.187167
Roof_Dish001
0  27.108971 -1.469882 68.354195  0.144128 -0.605658 0.782564  0.926475 0.187167
0  27.702850 -1.124999 68.298836  0.515783 -0.398775 0.758252  0.926475 0.198293
0  26.804546 0.000001 68.881470  0.018700 0.000003 0.999825  0.912760 0.187167
Roof_Dish001
0  27.702850 -1.124999 68.298836  0.515783 -0.398775 0.758252  0.926475 0.198293
0  27.469854 0.000001 68.702400  0.433192 -0.000001 0.901302  0.912760 0.198293
0  26.804546 0.000001 68.881470  0.018700 0.000003 0.999825  0.912760 0.187167
Roof_Dish001
0  26.804546 0.000001 68.881470  0.018700 0.000003 0.999825  0.912760 0.187167
0  27.469854 0.000001 68.702400  0.433192 -0.000001 0.901302  0.912760 0.198293
0  27.108971 1.469884 68.354195  0.144127 0.605655 0.782566  0.899045 0.187167
Roof_Dish001
0  27.469854 0.000001 68.702400  0.433192 -0.000001 0.901302  0.912760 0.198293
0  27.702850 1.125001 68.298836  0.515789 0.398779 0.758246  0.899045 0.198293
0  27.108971 1.469884 68.354195  0.144127 0.605655 0.782566  0.899045 0.187167
Roof_Dish001
0  27.469854 0.000001 68.702400  0.433192 -0.000001 0.901302  0.912760 0.198293
0  28.116426 0.000001 68.232819  0.694843 -0.000001 0.719161  0.912760 0.213200
0  27.702850 1.125001 68.298836  0.515789 0.398779 0.758246  0.899045 0.198293
Roof_Dish001
0  28.116426 0.000001 68.232819  0.694843 -0.000001 0.719161  0.912760 0.213200
0  28.242523 0.608847 68.014412  0.735188 0.194712 0.649296  0.899045 0.213200
0  27.702850 1.125001 68.298836  0.515789 0.398779 0.758246  0.899045 0.198293
Roof_Dish001
0  28.977465 0.000001 66.741455  0.970222 0.000001 0.242219  0.967618 0.213200
0  28.851368 0.608847 66.959862  0.929900 0.194704 0.312051  0.981333 0.213200
0  28.546946 0.861039 67.487137  0.832573 0.275318 0.480648  0.995048 0.213200
Roof_Dish001
0  28.851368 0.608847 66.959862  0.929900 0.194704 0.312051  0.981333 0.213200
0  28.977465 0.000001 66.741455  0.970222 0.000001 0.242219  0.967618 0.213200
0  29.060844 0.000001 65.946724  0.997146 -0.000000 -0.075492  0.967618 0.198293
Roof_Dish001
0  29.060844 0.000001 65.946724  0.997146 -0.000000 -0.075492  0.967618 0.198293
0  28.977465 0.000001 66.741455  0.970222 0.000001 0.242219  0.967618 0.213200
0  28.827850 -1.124999 66.350281  0.914559 -0.398771 0.067556  0.953904 0.198293
Roof_Dish001
0  29.060844 0.000001 65.946724  0.997146 -0.000000 -0.075492  0.967618 0.198293
0  28.827850 -1.124999 66.350281  0.914559 -0.398771 0.067556  0.953904 0.198293
0  28.578854 -1.469882 65.808289  0.749786 -0.605657 -0.266459  0.953904 0.187167
Roof_Dish001
0  28.578854 -1.469882 65.808289  0.749786 -0.605657 -0.266459  0.953904 0.187167
0  28.827850 -1.124999 66.350281  0.914559 -0.398771 0.067556  0.953904 0.198293
0  27.843912 -2.078728 67.081238  0.446958 -0.856527 0.258050  0.940189 0.187167
Roof_Dish001
0  28.578854 -1.469882 65.808289  0.749786 -0.605657 -0.266459  0.953904 0.187167
0  27.843912 -2.078728 67.081238  0.446958 -0.856527 0.258050  0.940189 0.187167
0  27.346792 -2.249999 66.794228  0.125590 -0.989430 0.072495  0.940189 0.177758
Roof_Dish001
0  27.346792 -2.249999 66.794228  0.125590 -0.989430 0.072495  0.940189 0.177758
0  27.843912 -2.078728 67.081238  0.446958 -0.856527 0.258050  0.940189 0.187167
0  26.551296 -1.590989 68.172066  -0.224239 -0.699638 0.678398  0.926475 0.177758
Roof_Dish001
0  27.843912 -2.078728 67.081238  0.446958 -0.856527 0.258050  0.940189 0.187167
0  27.108971 -1.469882 68.354195  0.144128 -0.605658 0.782564  0.926475 0.187167
0  26.551296 -1.590989 68.172066  -0.224239 -0.699638 0.678398  0.926475 0.177758
Roof_Dish001
0  26.551296 -1.590989 68.172066  -0.224239 -0.699638 0.678398  0.926475 0.177758
0  27.108971 -1.469882 68.354195  0.144128 -0.605658 0.782564  0.926475 0.187167
0  26.221792 0.000001 68.742783  -0.369166 -0.000009 0.929363  0.912760 0.177758
Roof_Dish001
0  27.108971 -1.469882 68.354195  0.144128 -0.605658 0.782564  0.926475 0.187167
0  26.804546 0.000001 68.881470  0.018700 0.000003 0.999825  0.912760 0.187167
0  26.221792 0.000001 68.742783  -0.369166 -0.000009 0.929363  0.912760 0.177758
Roof_Dish001
0  26.221792 0.000001 68.742783  -0.369166 -0.000009 0.929363  0.912760 0.177758
0  26.804546 0.000001 68.881470  0.018700 0.000003 0.999825  0.912760 0.187167
0  26.551296 1.590991 68.172066  -0.224240 0.699625 0.678411  0.899045 0.177758
Roof_Dish001
0  26.804546 0.000001 68.881470  0.018700 0.000003 0.999825  0.912760 0.187167
0  27.108971 1.469884 68.354195  0.144127 0.605655 0.782566  0.899045 0.187167
0  26.551296 1.590991 68.172066  -0.224240 0.699625 0.678411  0.899045 0.177758
Roof_Dish001
0  26.551296 1.590991 68.172066  -0.224240 0.699625 0.678411  0.899045 0.177758
0  27.108971 1.469884 68.354195  0.144127 0.605655 0.782566  0.899045 0.187167
0  27.346792 2.250001 66.794228  0.125504 0.989436 0.072558  0.885331 0.177758
Roof_Dish001
0  27.108971 1.469884 68.354195  0.144127 0.605655 0.782566  0.899045 0.187167
0  27.843912 2.078730 67.081238  0.446915 0.856528 0.258121  0.885331 0.187167
0  27.346792 2.250001 66.794228  0.125504 0.989436 0.072558  0.885331 0.177758
Roof_Dish001
0  27.108971 1.469884 68.354195  0.144127 0.605655 0.782566  0.899045 0.187167
0  27.702850 1.125001 68.298836  0.515789 0.398779 0.758246  0.899045 0.198293
0  27.843912 2.078730 67.081238  0.446915 0.856528 0.258121  0.885331 0.187167
Roof_Dish001
0  27.702850 1.125001 68.298836  0.515789 0.398779 0.758246  0.899045 0.198293
0  28.265350 1.590991 67.324562  0.715106 0.563964 0.413000  0.885331 0.198293
0  27.843912 2.078730 67.081238  0.446915 0.856528 0.258121  0.885331 0.187167
Roof_Dish001
0  27.702850 1.125001 68.298836  0.515789 0.398779 0.758246  0.899045 0.198293
0  28.242523 0.608847 68.014412  0.735188 0.194712 0.649296  0.899045 0.213200
0  28.265350 1.590991 67.324562  0.715106 0.563964 0.413000  0.885331 0.198293
Roof_Dish001
0  28.242523 0.608847 68.014412  0.735188 0.194712 0.649296  0.899045 0.213200
0  28.546946 0.861039 67.487137  0.832494 0.275435 0.480717  0.885331 0.213200
0  28.265350 1.590991 67.324562  0.715106 0.563964 0.413000  0.885331 0.198293
Roof_Dish001
0  27.346792 2.250001 66.794228  0.125549 0.989444 0.072379  0.995048 0.177758
0  27.843912 2.078730 67.081238  0.447010 0.856528 0.257958  0.995048 0.187167
0  28.142284 1.590991 65.416389  0.475399 0.699637 -0.533388  0.981333 0.177758
Roof_Dish001
0  27.843912 2.078730 67.081238  0.447010 0.856528 0.257958  0.995048 0.187167
0  28.578854 1.469884 65.808289  0.749790 0.605650 -0.266465  0.981333 0.187167
0  28.142284 1.590991 65.416389  0.475399 0.699637 -0.533388  0.981333 0.177758
Roof_Dish001
0  27.843912 2.078730 67.081238  0.447010 0.856528 0.257958  0.995048 0.187167
0  28.265350 1.590991 67.324562  0.715203 0.563976 0.412815  0.995048 0.198293
0  28.578854 1.469884 65.808289  0.749790 0.605650 -0.266465  0.981333 0.187167
Roof_Dish001
0  28.265350 1.590991 67.324562  0.715203 0.563976 0.412815  0.995048 0.198293
0  28.827850 1.125001 66.350281  0.914558 0.398772 0.067557  0.981333 0.198293
0  28.578854 1.469884 65.808289  0.749790 0.605650 -0.266465  0.981333 0.187167
Roof_Dish001
0  28.265350 1.590991 67.324562  0.715203 0.563976 0.412815  0.995048 0.198293
0  28.546946 0.861039 67.487137  0.832573 0.275318 0.480648  0.995048 0.213200
0  28.827850 1.125001 66.350281  0.914558 0.398772 0.067557  0.981333 0.198293
Roof_Dish001
0  28.546946 0.861039 67.487137  0.832573 0.275318 0.480648  0.995048 0.213200
0  28.851368 0.608847 66.959862  0.929900 0.194704 0.312051  0.981333 0.213200
0  28.827850 1.125001 66.350281  0.914558 0.398772 0.067557  0.981333 0.198293
Roof_Dish001
0  28.142284 1.590991 65.416389  0.475399 0.699637 -0.533388  0.981333 0.177758
0  28.578854 1.469884 65.808289  0.749790 0.605650 -0.266465  0.981333 0.187167
0  28.471790 0.000001 64.845673  0.620292 -0.000001 -0.784371  0.967618 0.177758
Roof_Dish001
0  28.578854 1.469884 65.808289  0.749790 0.605650 -0.266465  0.981333 0.187167
0  28.883274 0.000001 65.281006  0.875218 -0.000010 -0.483729  0.967618 0.187167
0  28.471790 0.000001 64.845673  0.620292 -0.000001 -0.784371  0.967618 0.177758
Roof_Dish001
0  28.578854 1.469884 65.808289  0.749790 0.605650 -0.266465  0.981333 0.187167
0  28.827850 1.125001 66.350281  0.914558 0.398772 0.067557  0.981333 0.198293
0  28.883274 0.000001 65.281006  0.875218 -0.000010 -0.483729  0.967618 0.187167
Roof_Dish001
0  28.827850 1.125001 66.350281  0.914558 0.398772 0.067557  0.981333 0.198293
0  29.060844 0.000001 65.946724  0.997146 -0.000000 -0.075492  0.967618 0.198293
0  28.883274 0.000001 65.281006  0.875218 -0.000010 -0.483729  0.967618 0.187167
Roof_Dish001
0  28.827850 1.125001 66.350281  0.914558 0.398772 0.067557  0.981333 0.198293
0  28.851368 0.608847 66.959862  0.929900 0.194704 0.312051  0.981333 0.213200
0  29.060844 0.000001 65.946724  0.997146 -0.000000 -0.075492  0.967618 0.198293
Roof_Dish001
0  28.142284 -1.590989 65.416389  0.475399 -0.699628 -0.533401  0.953904 0.177758
0  28.578854 -1.469882 65.808289  0.749786 -0.605657 -0.266459  0.953904 0.187167
0  27.346792 -2.249999 66.794228  0.125590 -0.989430 0.072495  0.940189 0.177758
Roof_Dish001
0  28.471790 0.000001 64.845673  0.620292 -0.000001 -0.784371  0.967618 0.177758
0  28.883274 0.000001 65.281006  0.875218 -0.000010 -0.483729  0.967618 0.187167
0  28.142284 -1.590989 65.416389  0.475399 -0.699628 -0.533401  0.953904 0.177758
Roof_Dish001
0  28.883274 0.000001 65.281006  0.875218 -0.000010 -0.483729  0.967618 0.187167
0  28.578854 -1.469882 65.808289  0.749786 -0.605657 -0.266459  0.953904 0.187167
0  28.142284 -1.590989 65.416389  0.475399 -0.699628 -0.533401  0.953904 0.177758
Roof_Dish001
0  28.883274 0.000001 65.281006  0.875218 -0.000010 -0.483729  0.967618 0.187167
0  29.060844 0.000001 65.946724  0.997146 -0.000000 -0.075492  0.967618 0.198293
0  28.578854 -1.469882 65.808289  0.749786 -0.605657 -0.266459  0.953904 0.187167
Roof_Dish001
0  7.000000 0.750001 0.250000  1.000000 0.000000 -0.000000  0.510130 0.032423
0  7.000001 0.750000 19.000000  0.999771 0.000000 0.021414  0.295040 0.032423
0  7.000000 -0.750000 0.250000  1.000000 0.000000 -0.000000  0.510130 0.015216
Roof_Dish001
0  7.000001 0.750000 19.000000  0.999771 0.000000 0.021414  0.295040 0.032423
0  7.000001 -0.750000 19.000000  0.999771 0.000000 0.021414  0.295040 0.015216
0  7.000000 -0.750000 0.250000  1.000000 0.000000 -0.000000  0.510130 0.015216
Roof_Dish001
0  7.000001 0.750000 19.000000  0.999771 0.000000 0.021414  0.295040 0.032423
0  6.250001 0.750000 36.500000  0.999314 0.000000 0.037027  0.093908 0.032423
0  7.000001 -0.750000 19.000000  0.999771 0.000000 0.021414  0.295040 0.015216
Roof_Dish001
0  6.250001 0.750000 36.500000  0.999314 0.000000 0.037027  0.093908 0.032423
0  6.250001 -0.750000 36.500000  0.999314 0.000000 0.037027  0.093908 0.015216
0  7.000001 -0.750000 19.000000  0.999771 0.000000 0.021414  0.295040 0.015216
Roof_Dish001
0  6.250001 0.750000 36.500000  0.999314 0.000000 0.037027  0.093908 0.032423
0  6.000002 0.750001 44.500000  0.999512 0.000000 0.031235  0.002136 0.032423
0  6.250001 -0.750000 36.500000  0.999314 0.000000 0.037027  0.093908 0.015216
Roof_Dish001
0  6.000002 0.750001 44.500000  0.999512 0.000000 0.031235  0.002136 0.032423
0  6.000002 -0.750000 44.500000  0.999512 0.000000 0.031235  0.002136 0.015216
0  6.250001 -0.750000 36.500000  0.999314 0.000000 0.037027  0.093908 0.015216
Roof_Dish001
0  4.000002 0.750001 44.500000  -0.999512 0.000000 0.031235  0.002136 0.051793
0  3.750002 0.750001 36.500000  -0.999314 0.000000 0.037027  0.093908 0.051793
0  4.000002 -0.750000 44.500000  -0.999512 0.000000 0.031235  0.002136 0.034586
Roof_Dish001
0  3.750002 0.750001 36.500000  -0.999314 0.000000 0.037027  0.093908 0.051793
0  3.750002 -0.750000 36.500000  -0.999314 0.000000 0.037027  0.093908 0.034586
0  4.000002 -0.750000 44.500000  -0.999512 0.000000 0.031235  0.002136 0.034586
Roof_Dish001
0  3.750002 0.750001 36.500000  -0.999314 0.000000 0.037027  0.093908 0.051793
0  3.000001 0.750000 19.000000  -0.999771 0.000000 0.021414  0.295040 0.051793
0  3.750002 -0.750000 36.500000  -0.999314 0.000000 0.037027  0.093908 0.034586
Roof_Dish001
0  3.000001 0.750000 19.000000  -0.999771 0.000000 0.021414  0.295040 0.051793
0  3.000001 -0.750000 19.000000  -0.999771 0.000000 0.021414  0.295040 0.034586
0  3.750002 -0.750000 36.500000  -0.999314 0.000000 0.037027  0.093908 0.034586
Roof_Dish001
0  3.000001 0.750000 19.000000  -0.999771 0.000000 0.021414  0.295040 0.051793
0  3.000000 0.750001 0.250000  -1.000000 0.000000 0.000000  0.510130 0.051793
0  3.000001 -0.750000 19.000000  -0.999771 0.000000 0.021414  0.295040 0.034586
Roof_Dish001
0  3.000000 0.750001 0.250000  -1.000000 0.000000 0.000000  0.510130 0.051793
0  3.000000 -0.750000 0.250000  -1.000000 0.000000 0.000000  0.510130 0.034586
0  3.000001 -0.750000 19.000000  -0.999771 0.000000 0.021414  0.295040 0.034586
Roof_Dish001
0  7.357053 1.000000 43.417469  -0.015473 0.998212 -0.057746  0.932021 0.560301
0  3.892951 1.000000 41.417469  -0.015479 0.998211 -0.057753  0.973371 0.560301
0  1.892951 1.000000 44.881569  0.006612 0.996137 -0.087567  0.973371 0.601651
Roof_Dish001
0  3.707056 1.478688 49.739449  -0.019694 0.997100 -0.073505  0.932021 0.635765
0  7.357053 1.000000 43.417469  -0.015473 0.998212 -0.057746  0.932021 0.560301
0  1.892951 1.000000 44.881569  0.006612 0.996137 -0.087567  0.973371 0.601651
Roof_Dish001
0  1.892951 1.000000 44.881569  0.006612 0.996137 -0.087567  0.973371 0.601651
0  3.402182 1.456899 49.577892  0.017637 0.994584 -0.102431  0.935586 0.635894
0  3.707056 1.478688 49.739449  -0.019694 0.997100 -0.073505  0.932021 0.635765
Roof_Dish001
0  1.892951 1.000000 44.881569  0.006612 0.996137 -0.087567  0.973371 0.601651
0  -0.713315 1.464819 47.536476  0.059194 0.991543 -0.115489  0.982982 0.638890
0  3.402182 1.456899 49.577892  0.017637 0.994584 -0.102431  0.935586 0.635894
Roof_Dish001
0  7.357053 0.750000 43.417469  0.000000 -1.000000 0.000000  0.937587 0.357111
0  5.857053 0.750000 46.015545  0.000000 -1.000000 0.000000  0.937587 0.389530
0  3.892951 0.750000 41.417469  0.000000 -1.000000 0.000000  0.980811 0.357111
Roof_Dish001
0  5.857053 0.750000 46.015545  0.000000 -1.000000 0.000000  0.937587 0.389530
0  2.392951 0.750000 44.015545  0.000000 -1.000000 0.000000  0.980811 0.389530
0  3.892951 0.750000 41.417469  0.000000 -1.000000 0.000000  0.980811 0.357111
Roof_Dish001
0  7.357052 -1.000000 43.417469  0.866026 0.000000 0.499999  0.916086 0.477633
0  7.357052 -0.750000 43.417469  0.866026 0.000000 0.499999  0.918777 0.477633
0  3.707056 -1.478688 49.739449  0.866025 -0.000000 0.500000  0.910932 0.556223
Roof_Dish001
0  7.357052 -0.750000 43.417469  0.866026 0.000000 0.499999  0.918777 0.477633
0  5.857053 -0.750000 46.015545  0.866026 0.000001 0.500000  0.918777 0.509931
0  3.707056 -1.478688 49.739449  0.866025 -0.000000 0.500000  0.910932 0.556223
Roof_Dish001
0  5.857053 -0.750000 46.015545  0.866026 0.000001 0.500000  0.918777 0.509931
0  5.857053 0.750000 46.015545  0.866025 0.000000 0.500000  0.934926 0.509931
0  3.707056 -1.478688 49.739449  0.866025 -0.000000 0.500000  0.910932 0.556223
Roof_Dish001
0  4.013303 0.000000 49.209015  0.866025 0.000000 0.500000  0.926851 0.549630
0  3.707056 -1.478688 49.739449  0.866025 -0.000000 0.500000  0.910932 0.556223
0  5.857053 0.750000 46.015545  0.866025 0.000000 0.500000  0.934926 0.509931
Roof_Dish001
0  3.707056 1.478688 49.739449  0.866026 0.000001 0.499999  0.942770 0.556223
0  4.013303 0.000000 49.209015  0.866025 0.000000 0.500000  0.926851 0.549630
0  5.857053 0.750000 46.015545  0.866025 0.000000 0.500000  0.934926 0.509931
Roof_Dish001
0  7.357053 1.000000 43.417469  0.866025 0.000000 0.500000  0.937617 0.477633
0  3.707056 1.478688 49.739449  0.866026 0.000001 0.499999  0.942770 0.556223
0  5.857053 0.750000 46.015545  0.866025 0.000000 0.500000  0.934926 0.509931
Roof_Dish001
0  7.357053 0.750000 43.417469  0.866025 0.000000 0.500000  0.934926 0.477633
0  7.357053 1.000000 43.417469  0.866025 0.000000 0.500000  0.937617 0.477633
0  5.857053 0.750000 46.015545  0.866025 0.000000 0.500000  0.934926 0.509931
Roof_Dish001
0  5.857053 -0.750000 46.015545  -0.000000 1.000000 0.000000  0.937587 0.354744
0  7.357052 -0.750000 43.417469  -0.000000 1.000000 -0.000000  0.937587 0.322325
0  2.392951 -0.750000 44.015545  -0.000000 1.000000 -0.000000  0.980811 0.354744
Roof_Dish001
0  7.357052 -0.750000 43.417469  -0.000000 1.000000 -0.000000  0.937587 0.322325
0  3.892951 -0.750000 41.417469  -0.000000 1.000000 -0.000000  0.980811 0.322325
0  2.392951 -0.750000 44.015545  -0.000000 1.000000 -0.000000  0.980811 0.354744
Roof_Dish001
0  7.357053 0.750000 43.417469  0.500000 0.000000 -0.866025  0.973935 0.393043
0  3.892951 0.750000 41.417469  0.500000 0.000000 -0.866025  0.973935 0.471633
0  7.357053 1.000000 43.417469  0.500000 0.000000 -0.866025  0.978847 0.393043
Roof_Dish001
0  3.892951 0.750000 41.417469  0.500000 0.000000 -0.866025  0.973935 0.471633
0  3.892951 1.000000 41.417469  0.500001 0.000000 -0.866025  0.978847 0.471633
0  7.357053 1.000000 43.417469  0.500000 0.000000 -0.866025  0.978847 0.393043
Roof_Dish001
0  3.892951 -0.750000 41.417469  0.500000 0.000000 -0.866025  0.944463 0.471633
0  7.357052 -0.750000 43.417469  0.500000 0.000000 -0.866025  0.944463 0.393043
0  3.892951 -1.000000 41.417469  0.500000 0.000000 -0.866025  0.939552 0.471633
Roof_Dish001
0  7.357052 -0.750000 43.417469  0.500000 0.000000 -0.866025  0.944463 0.393043
0  7.357052 -1.000000 43.417469  0.500000 0.000000 -0.866025  0.939552 0.393043
0  3.892951 -1.000000 41.417469  0.500000 0.000000 -0.866025  0.939552 0.471633
Roof_Dish001
0  5.857053 0.750000 46.015545  0.499998 0.000000 -0.866027  0.973935 0.393043
0  5.857053 -0.750000 46.015545  0.499999 0.000000 -0.866026  0.944463 0.393043
0  2.392951 0.750000 44.015545  0.500001 0.000000 -0.866025  0.973935 0.471633
Roof_Dish001
0  5.857053 -0.750000 46.015545  0.499999 0.000000 -0.866026  0.944463 0.393043
0  2.392951 -0.750000 44.015545  0.500002 0.000000 -0.866024  0.944463 0.471633
0  2.392951 0.750000 44.015545  0.500001 0.000000 -0.866025  0.973935 0.471633
Roof_Dish001
0  4.133977 -2.000000 43.000000  0.000000 -1.000000 0.000000  0.937665 0.437335
0  5.000002 -2.000000 42.500000  0.000000 -1.000000 0.000000  0.931280 0.426275
0  4.133977 -2.000000 44.000000  0.000000 -1.000000 0.000000  0.931280 0.448395
Roof_Dish001
0  5.000002 -2.000000 42.500000  0.000000 -1.000000 0.000000  0.931280 0.426275
0  5.866027 -2.000000 43.000000  0.000000 -1.000000 0.000000  0.918509 0.426275
0  4.133977 -2.000000 44.000000  0.000000 -1.000000 0.000000  0.931280 0.448395
Roof_Dish001
0  5.866027 -2.000000 43.000000  0.000000 -1.000000 0.000000  0.918509 0.426275
0  5.866027 -2.000000 44.000000  0.000000 -1.000000 0.000000  0.912123 0.437335
0  4.133977 -2.000000 44.000000  0.000000 -1.000000 0.000000  0.931280 0.448395
Roof_Dish001
0  5.866027 -2.000000 44.000000  0.000000 -1.000000 0.000000  0.912123 0.437335
0  5.000002 -2.000000 44.500000  0.000000 -1.000000 0.000000  0.918509 0.448395
0  4.133977 -2.000000 44.000000  0.000000 -1.000000 0.000000  0.931280 0.448395
Roof_Dish001
0  -0.970829 18.579157 71.609734  -0.934279 0.299182 -0.193939  0.774987 0.914739
0  -0.420180 20.709909 74.388031  -0.904576 0.425159 -0.031326  0.789856 0.929608
0  1.800470 24.347694 70.541748  -0.858995 0.499988 -0.110178  0.815242 0.898615
Roof_Dish001
0  1.021348 21.842667 68.159180  -0.902221 0.351802 -0.249466  0.797761 0.886934
0  -0.970829 18.579157 71.609734  -0.934279 0.299182 -0.193939  0.774987 0.914739
0  1.800470 24.347694 70.541748  -0.858995 0.499988 -0.110178  0.815242 0.898615
Roof_Dish001
0  -0.970829 18.579157 71.609734  -0.934279 0.299182 -0.193939  0.774987 0.914739
0  1.021348 21.842667 68.159180  -0.902221 0.351802 -0.249466  0.797761 0.886934
0  0.980051 17.823750 65.034554  -0.908399 0.214948 -0.358622  0.769715 0.868195
Roof_Dish001
0  1.021348 21.842667 68.159180  -0.902221 0.351802 -0.249466  0.797761 0.886934
0  3.291266 24.274837 64.227570  -0.865655 0.390859 -0.312842  0.814733 0.855254
0  0.980051 17.823750 65.034554  -0.908399 0.214948 -0.358622  0.769715 0.868195
Roof_Dish001
0  3.291266 24.274837 64.227570  -0.865655 0.390859 -0.312842  0.814733 0.855254
0  1.021348 21.842667 68.159180  -0.902221 0.351802 -0.249466  0.797761 0.886934
0  1.800470 24.347694 70.541748  -0.858995 0.499988 -0.110178  0.815242 0.898615
Roof_Dish001
0  5.756242 25.765181 59.958099  -0.825960 0.414979 -0.381554  0.825133 0.820851
0  3.291266 24.274837 64.227570  -0.865655 0.390859 -0.312842  0.814733 0.855254
0  7.078387 28.720064 61.400131  -0.750634 0.589737 -0.297925  0.845754 0.824952
Roof_Dish001
0  3.291266 24.274837 64.227570  -0.865655 0.390859 -0.312842  0.814733 0.855254
0  4.330714 27.058802 66.159241  -0.807063 0.555459 -0.200286  0.834161 0.863301
0  7.078387 28.720064 61.400131  -0.750634 0.589737 -0.297925  0.845754 0.824952
Roof_Dish001
0  4.330714 27.058802 66.159241  -0.807063 0.555459 -0.200286  0.834161 0.863301
0  3.291266 24.274837 64.227570  -0.865655 0.390859 -0.312842  0.814733 0.855254
0  1.800470 24.347694 70.541748  -0.858995 0.499988 -0.110178  0.815242 0.898615
Roof_Dish001
0  5.149021 28.334593 67.241890  -0.770456 0.620009 -0.148278  0.843064 0.866989
0  4.330714 27.058802 66.159241  -0.807063 0.555459 -0.200286  0.834161 0.863301
0  1.800470 24.347694 70.541748  -0.858995 0.499988 -0.110178  0.815242 0.898615
Roof_Dish001
0  2.499479 25.495661 71.831032  -0.828434 0.558049 -0.047733  0.823253 0.903968
0  5.149021 28.334593 67.241890  -0.770456 0.620009 -0.148278  0.843064 0.866989
0  1.800470 24.347694 70.541748  -0.858995 0.499988 -0.110178  0.815242 0.898615
Roof_Dish001
0  0.174128 21.686357 75.858658  -0.879314 0.474536 0.040272  0.796670 0.936422
0  2.499479 25.495661 71.831032  -0.828434 0.558049 -0.047733  0.823253 0.903968
0  1.800470 24.347694 70.541748  -0.858995 0.499988 -0.110178  0.815242 0.898615
Roof_Dish001
0  -0.420180 20.709909 74.388031  -0.904576 0.425159 -0.031326  0.789856 0.929608
0  0.174128 21.686357 75.858658  -0.879314 0.474536 0.040272  0.796670 0.936422
0  1.800470 24.347694 70.541748  -0.858995 0.499988 -0.110178  0.815242 0.898615
Roof_Dish001
0  0.174128 21.686357 75.858658  -0.879314 0.474536 0.040272  0.796670 0.936422
0  -0.420180 20.709909 74.388031  -0.904576 0.425159 -0.031326  0.789856 0.929608
0  -2.239072 16.268610 77.538445  -0.941939 0.334104 0.033546  0.758863 0.954994
Roof_Dish001
0  -0.420180 20.709909 74.388031  -0.904576 0.425159 -0.031326  0.789856 0.929608
0  -0.970829 18.579157 71.609734  -0.934279 0.299182 -0.193939  0.774987 0.914739
0  -2.239072 16.268610 77.538445  -0.941939 0.334104 0.033546  0.758863 0.954994
Roof_Dish001
0  -0.970829 18.579157 71.609734  -0.934279 0.299182 -0.193939  0.774987 0.914739
0  -2.602583 14.594803 74.436012  -0.960589 0.235066 -0.148370  0.747183 0.937513
0  -2.239072 16.268610 77.538445  -0.941939 0.334104 0.033546  0.758863 0.954994
Roof_Dish001
0  8.026243 30.074183 62.258396  -0.707462 0.658266 -0.257260  0.855203 0.826832
0  11.017306 30.669142 57.077721  -0.642049 0.671093 -0.370686  0.859355 0.785087
0  7.078387 28.720064 61.400131  -0.750634 0.589737 -0.297925  0.845754 0.824952
Roof_Dish001
0  5.149021 28.334593 67.241890  -0.770456 0.620009 -0.148278  0.843064 0.866989
0  8.026243 30.074183 62.258396  -0.707462 0.658266 -0.257260  0.855203 0.826832
0  7.078387 28.720064 61.400131  -0.750634 0.589737 -0.297925  0.845754 0.824952
Roof_Dish001
0  4.330714 27.058802 66.159241  -0.807063 0.555459 -0.200286  0.834161 0.863301
0  5.149021 28.334593 67.241890  -0.770456 0.620009 -0.148278  0.843064 0.866989
0  7.078387 28.720064 61.400131  -0.750634 0.589737 -0.297925  0.845754 0.824952
Roof_Dish001
0  21.456198 0.000001 32.764984  -0.573217 0.000000 -0.819404  0.645335 0.601731
0  17.655014 0.000001 36.152676  -0.706860 -0.000000 -0.707353  0.645335 0.635467
0  17.447048 4.182043 36.512878  -0.709812 0.050434 -0.702583  0.674518 0.638370
Roof_Dish001
0  17.655014 0.000001 36.152676  -0.706860 -0.000000 -0.707353  0.645335 0.635467
0  21.456198 0.000001 32.764984  -0.573217 0.000000 -0.819404  0.645335 0.601731
0  17.447048 -4.182041 36.512878  -0.709847 -0.050425 -0.702549  0.616151 0.638370
Roof_Dish001
0  13.632358 0.000001 40.700676  -0.750089 -0.000001 -0.661337  0.645335 0.676989
0  17.655014 0.000001 36.152676  -0.706860 -0.000000 -0.707353  0.645335 0.635467
0  17.447048 -4.182041 36.512878  -0.709847 -0.050425 -0.702549  0.616151 0.638370
Roof_Dish001
0  13.664877 -3.086488 40.689007  -0.755210 -0.037619 -0.654403  0.623796 0.676805
0  13.632358 0.000001 40.700676  -0.750089 -0.000001 -0.661337  0.645335 0.676989
0  17.447048 -4.182041 36.512878  -0.709847 -0.050425 -0.702549  0.616151 0.638370
Roof_Dish001
0  13.632358 0.000001 40.700676  -0.750089 -0.000001 -0.661337  0.645335 0.676989
0  13.664877 -3.086488 40.689007  -0.755210 -0.037619 -0.654403  0.623796 0.676805
0  9.955129 0.000000 44.917469  -0.758998 -0.000000 -0.651092  0.645335 0.715303
Roof_Dish001
0  13.664877 -3.086488 40.689007  -0.755210 -0.037619 -0.654403  0.623796 0.676805
0  9.574527 -3.826833 45.576691  -0.765985 -0.070571 -0.638973  0.618630 0.720615
0  9.955129 0.000000 44.917469  -0.758998 -0.000000 -0.651092  0.645335 0.715303
Roof_Dish001
0  9.574527 -3.826833 45.576691  -0.765985 -0.070571 -0.638973  0.618630 0.720615
0  13.664877 -3.086488 40.689007  -0.755210 -0.037619 -0.654403  0.623796 0.676805
0  13.042787 -5.927944 41.721840  -0.757222 -0.075888 -0.648734  0.603967 0.685217
Roof_Dish001
0  13.042787 -5.927944 41.721840  -0.757222 -0.075888 -0.648734  0.603967 0.685217
0  13.664877 -3.086488 40.689007  -0.755210 -0.037619 -0.654403  0.623796 0.676805
0  17.447048 -4.182041 36.512878  -0.709847 -0.050425 -0.702549  0.616151 0.638370
Roof_Dish001
0  16.838984 -8.204914 37.566078  -0.716756 -0.099157 -0.690238  0.588078 0.646856
0  13.042787 -5.927944 41.721840  -0.757222 -0.075888 -0.648734  0.603967 0.685217
0  17.447048 -4.182041 36.512878  -0.709847 -0.050425 -0.702549  0.616151 0.638370
Roof_Dish001
0  20.456169 -10.054966 34.497082  -0.589277 -0.161899 -0.791544  0.575167 0.615688
0  16.838984 -8.204914 37.566078  -0.716756 -0.099157 -0.690238  0.588078 0.646856
0  17.447048 -4.182041 36.512878  -0.709847 -0.050425 -0.702549  0.616151 0.638370
Roof_Dish001
0  16.838984 -8.204914 37.566078  -0.716756 -0.099157 -0.690238  0.588078 0.646856
0  20.456169 -10.054966 34.497082  -0.589277 -0.161899 -0.791544  0.575167 0.615688
0  15.846651 -11.909448 39.284851  -0.729082 -0.143650 -0.669182  0.562226 0.660706
Roof_Dish001
0  20.456169 -10.054966 34.497082  -0.589277 -0.161899 -0.791544  0.575167 0.615688
0  19.240082 -14.594802 36.603405  -0.608786 -0.235066 -0.757709  0.543487 0.632661
0  15.846651 -11.909448 39.284851  -0.729082 -0.143650 -0.669182  0.562226 0.660706
Roof_Dish001
0  19.240082 -14.594802 36.603405  -0.608786 -0.235066 -0.757709  0.543487 0.632661
0  17.608328 -18.579157 39.429688  -0.635131 -0.299150 -0.712122  0.515683 0.655435
0  15.846651 -11.909448 39.284851  -0.729082 -0.143650 -0.669182  0.562226 0.660706
Roof_Dish001
0  17.608328 -18.579157 39.429688  -0.635131 -0.299150 -0.712122  0.515683 0.655435
0  19.240082 -14.594802 36.603405  -0.608786 -0.235066 -0.757709  0.543487 0.632661
0  22.108624 -16.268608 35.367001  -0.441961 -0.334081 -0.832503  0.531806 0.615180
Roof_Dish001
0  20.289730 -20.709909 38.517414  -0.479418 -0.425159 -0.767723  0.500814 0.640565
0  17.608328 -18.579157 39.429688  -0.635131 -0.299150 -0.712122  0.515683 0.655435
0  22.108624 -16.268608 35.367001  -0.441961 -0.334081 -0.832503  0.531806 0.615180
Roof_Dish001
0  21.860485 -21.686356 38.296783  -0.404780 -0.474535 -0.781646  0.494000 0.633751
0  20.289730 -20.709909 38.517414  -0.479418 -0.425159 -0.767723  0.500814 0.640565
0  22.108624 -16.268608 35.367001  -0.441961 -0.334081 -0.832503  0.531806 0.615180
Roof_Dish001
0  20.289730 -20.709909 38.517414  -0.479418 -0.425159 -0.767723  0.500814 0.640565
0  21.860485 -21.686356 38.296783  -0.404780 -0.474535 -0.781646  0.494000 0.633751
0  18.069082 -24.347694 42.363693  -0.524952 -0.499955 -0.688818  0.475428 0.671558
Roof_Dish001
0  21.860485 -21.686356 38.296783  -0.404780 -0.474535 -0.781646  0.494000 0.633751
0  19.535137 -25.495661 42.324413  -0.455555 -0.558051 -0.693576  0.467417 0.666206
0  18.069082 -24.347694 42.363693  -0.524952 -0.499955 -0.688818  0.475428 0.671558
Roof_Dish001
0  21.456198 0.000001 32.764984  -0.573217 0.000000 -0.819404  0.645335 0.601731
0  24.578894 0.000001 31.088364  -0.391411 0.000000 -0.920216  0.645335 0.580703
0  24.294807 -5.712775 31.580416  -0.397113 -0.117306 -0.910242  0.605469 0.584668
Roof_Dish001
0  21.201340 -5.125012 33.206409  -0.577198 -0.082545 -0.812421  0.609571 0.605288
0  21.456198 0.000001 32.764984  -0.573217 0.000000 -0.819404  0.645335 0.601731
0  24.294807 -5.712775 31.580416  -0.397113 -0.117306 -0.910242  0.605469 0.584668
Roof_Dish001
0  21.456198 0.000001 32.764984  -0.573217 0.000000 -0.819404  0.645335 0.601731
0  21.201340 -5.125012 33.206409  -0.577198 -0.082545 -0.812421  0.609571 0.605288
0  17.447048 -4.182041 36.512878  -0.709847 -0.050425 -0.702549  0.616151 0.638370
Roof_Dish001
0  21.201340 -5.125012 33.206409  -0.577198 -0.082545 -0.812421  0.609571 0.605288
0  20.456169 -10.054966 34.497082  -0.589277 -0.161899 -0.791544  0.575167 0.615688
0  17.447048 -4.182041 36.512878  -0.709847 -0.050425 -0.702549  0.616151 0.638370
Roof_Dish001
0  20.456169 -10.054966 34.497082  -0.589277 -0.161899 -0.791544  0.575167 0.615688
0  21.201340 -5.125012 33.206409  -0.577198 -0.082545 -0.812421  0.609571 0.605288
0  24.294807 -5.712775 31.580416  -0.397113 -0.117306 -0.910242  0.605469 0.584668
Roof_Dish001
0  23.765137 -17.035654 34.997833  -0.362969 -0.372877 -0.853941  0.526454 0.607169
0  21.860485 -21.686356 38.296783  -0.404780 -0.474535 -0.781646  0.494000 0.633751
0  22.108624 -16.268608 35.367001  -0.441961 -0.334081 -0.832503  0.531806 0.615180
Roof_Dish001
0  25.184603 -11.736571 32.539246  -0.332041 -0.256816 -0.907631  0.563433 0.587358
0  23.765137 -17.035654 34.997833  -0.362969 -0.372877 -0.853941  0.526454 0.607169
0  22.108624 -16.268608 35.367001  -0.441961 -0.334081 -0.832503  0.531806 0.615180
Roof_Dish001
0  23.464176 -11.208121 33.019112  -0.414293 -0.230079 -0.880582  0.567120 0.596261
0  25.184603 -11.736571 32.539246  -0.332041 -0.256816 -0.907631  0.563433 0.587358
0  22.108624 -16.268608 35.367001  -0.441961 -0.334081 -0.832503  0.531806 0.615180
Roof_Dish001
0  19.240082 -14.594802 36.603405  -0.608786 -0.235066 -0.757709  0.543487 0.632661
0  20.456169 -10.054966 34.497082  -0.589277 -0.161899 -0.791544  0.575167 0.615688
0  22.108624 -16.268608 35.367001  -0.441961 -0.334081 -0.832503  0.531806 0.615180
Roof_Dish001
0  20.456169 -10.054966 34.497082  -0.589277 -0.161899 -0.791544  0.575167 0.615688
0  23.464176 -11.208121 33.019112  -0.414293 -0.230079 -0.880582  0.567120 0.596261
0  22.108624 -16.268608 35.367001  -0.441961 -0.334081 -0.832503  0.531806 0.615180
Roof_Dish001
0  23.464176 -11.208121 33.019112  -0.414293 -0.230079 -0.880582  0.567120 0.596261
0  20.456169 -10.054966 34.497082  -0.589277 -0.161899 -0.791544  0.575167 0.615688
0  24.294807 -5.712775 31.580416  -0.397113 -0.117306 -0.910242  0.605469 0.584668
Roof_Dish001
0  25.184603 -11.736571 32.539246  -0.332041 -0.256816 -0.907631  0.563433 0.587358
0  23.464176 -11.208121 33.019112  -0.414293 -0.230079 -0.880582  0.567120 0.596261
0  24.294807 -5.712775 31.580416  -0.397113 -0.117306 -0.910242  0.605469 0.584668
Roof_Dish001
0  26.054398 -5.982126 31.032715  -0.312861 -0.130938 -0.940730  0.603589 0.575218
0  25.184603 -11.736571 32.539246  -0.332041 -0.256816 -0.907631  0.563433 0.587358
0  24.294807 -5.712775 31.580416  -0.397113 -0.117306 -0.910242  0.605469 0.584668
Roof_Dish001
0  26.351877 0.000001 30.517464  -0.306501 0.000000 -0.951870  0.645335 0.571066
0  26.054398 -5.982126 31.032715  -0.312861 -0.130938 -0.940730  0.603589 0.575218
0  24.294807 -5.712775 31.580416  -0.397113 -0.117306 -0.910242  0.605469 0.584668
Roof_Dish001
0  24.578894 0.000001 31.088364  -0.391411 0.000000 -0.920216  0.645335 0.580703
0  26.351877 0.000001 30.517464  -0.306501 0.000000 -0.951870  0.645335 0.571066
0  24.294807 -5.712775 31.580416  -0.397113 -0.117306 -0.910242  0.605469 0.584668
Roof_Dish001
0  26.351877 0.000001 30.517464  -0.306501 0.000000 -0.951870  0.645335 0.571066
0  24.578894 0.000001 31.088364  -0.391411 0.000000 -0.920216  0.645335 0.580703
0  24.294807 5.712777 31.580416  -0.397113 0.117306 -0.910242  0.685201 0.584668
Roof_Dish001
0  24.578894 0.000001 31.088364  -0.391411 0.000000 -0.920216  0.645335 0.580703
0  21.456198 0.000001 32.764984  -0.573217 0.000000 -0.819404  0.645335 0.601731
0  24.294807 5.712777 31.580416  -0.397113 0.117306 -0.910242  0.685201 0.584668
Roof_Dish001
0  21.456198 0.000001 32.764984  -0.573217 0.000000 -0.819404  0.645335 0.601731
0  21.201340 5.125014 33.206409  -0.577199 0.082545 -0.812421  0.681099 0.605288
0  24.294807 5.712777 31.580416  -0.397113 0.117306 -0.910242  0.685201 0.584668
Roof_Dish001
0  25.184603 11.736573 32.539246  -0.332042 0.256817 -0.907631  0.727237 0.587358
0  26.054398 5.982128 31.032715  -0.312860 0.130938 -0.940731  0.687080 0.575218
0  24.294807 5.712777 31.580416  -0.397113 0.117306 -0.910242  0.685201 0.584668
Roof_Dish001
0  26.054398 5.982128 31.032715  -0.312860 0.130938 -0.940731  0.687080 0.575218
0  26.351877 0.000001 30.517464  -0.306501 0.000000 -0.951870  0.645335 0.571066
0  24.294807 5.712777 31.580416  -0.397113 0.117306 -0.910242  0.685201 0.584668
Roof_Dish001
0  23.464176 11.208123 33.019112  -0.414248 0.230094 -0.880599  0.723549 0.596261
0  20.456169 10.054968 34.497082  -0.589277 0.161899 -0.791543  0.715502 0.615688
0  22.108624 16.268612 35.367001  -0.442004 0.334059 -0.832489  0.758863 0.615180
Roof_Dish001
0  16.838984 8.204916 37.566078  -0.716789 0.099139 -0.690206  0.702592 0.646856
0  20.456169 10.054968 34.497082  -0.589277 0.161899 -0.791543  0.715502 0.615688
0  17.447048 4.182043 36.512878  -0.709812 0.050434 -0.702583  0.674518 0.638370
Roof_Dish001
0  13.664877 3.086490 40.689007  -0.755210 0.037620 -0.654402  0.666873 0.676805
0  13.042787 5.927945 41.721840  -0.757343 0.075815 -0.648602  0.686702 0.685217
0  17.447048 4.182043 36.512878  -0.709812 0.050434 -0.702583  0.674518 0.638370
Roof_Dish001
0  13.042787 5.927945 41.721840  -0.757343 0.075815 -0.648602  0.686702 0.685217
0  16.838984 8.204916 37.566078  -0.716789 0.099139 -0.690206  0.702592 0.646856
0  17.447048 4.182043 36.512878  -0.709812 0.050434 -0.702583  0.674518 0.638370
Roof_Dish001
0  16.838984 8.204916 37.566078  -0.716789 0.099139 -0.690206  0.702592 0.646856
0  13.042787 5.927945 41.721840  -0.757343 0.075815 -0.648602  0.686702 0.685217
0  15.846649 11.909450 39.284851  -0.729144 0.143597 -0.669126  0.728443 0.660706
Roof_Dish001
0  20.456169 10.054968 34.497082  -0.589277 0.161899 -0.791543  0.715502 0.615688
0  16.838984 8.204916 37.566078  -0.716789 0.099139 -0.690206  0.702592 0.646856
0  15.846649 11.909450 39.284851  -0.729144 0.143597 -0.669126  0.728443 0.660706
Roof_Dish001
0  19.240082 14.594804 36.603405  -0.608787 0.235067 -0.757709  0.747183 0.632661
0  20.456169 10.054968 34.497082  -0.589277 0.161899 -0.791543  0.715502 0.615688
0  15.846649 11.909450 39.284851  -0.729144 0.143597 -0.669126  0.728443 0.660706
Roof_Dish001
0  20.456169 10.054968 34.497082  -0.589277 0.161899 -0.791543  0.715502 0.615688
0  19.240082 14.594804 36.603405  -0.608787 0.235067 -0.757709  0.747183 0.632661
0  22.108624 16.268612 35.367001  -0.442004 0.334059 -0.832489  0.758863 0.615180
Roof_Dish001
0  19.240082 14.594804 36.603405  -0.608787 0.235067 -0.757709  0.747183 0.632661
0  17.608328 18.579157 39.429688  -0.635166 0.299118 -0.712104  0.774987 0.655435
0  22.108624 16.268612 35.367001  -0.442004 0.334059 -0.832489  0.758863 0.615180
Roof_Dish001
0  17.608328 18.579157 39.429688  -0.635166 0.299118 -0.712104  0.774987 0.655435
0  20.289730 20.709909 38.517414  -0.479459 0.425130 -0.767713  0.789856 0.640565
0  22.108624 16.268612 35.367001  -0.442004 0.334059 -0.832489  0.758863 0.615180
Roof_Dish001
0  20.289730 20.709909 38.517414  -0.479459 0.425130 -0.767713  0.789856 0.640565
0  17.608328 18.579157 39.429688  -0.635166 0.299118 -0.712104  0.774987 0.655435
0  18.069078 24.347694 42.363693  -0.524952 0.499955 -0.688818  0.815242 0.671558
Roof_Dish001
0  21.860485 21.686359 38.296783  -0.404781 0.474534 -0.781646  0.796670 0.633751
0  20.289730 20.709909 38.517414  -0.479459 0.425130 -0.767713  0.789856 0.640565
0  18.069078 24.347694 42.363693  -0.524952 0.499955 -0.688818  0.815242 0.671558
Roof_Dish001
0  20.289730 20.709909 38.517414  -0.479459 0.425130 -0.767713  0.789856 0.640565
0  21.860485 21.686359 38.296783  -0.404781 0.474534 -0.781646  0.796670 0.633751
0  22.108624 16.268612 35.367001  -0.442004 0.334059 -0.832489  0.758863 0.615180
Roof_Dish001
0  21.860485 21.686359 38.296783  -0.404781 0.474534 -0.781646  0.796670 0.633751
0  23.765137 17.035658 34.997833  -0.362968 0.372877 -0.853942  0.764216 0.607169
0  22.108624 16.268612 35.367001  -0.442004 0.334059 -0.832489  0.758863 0.615180
Roof_Dish001
0  23.765137 17.035658 34.997833  -0.362968 0.372877 -0.853942  0.764216 0.607169
0  25.184603 11.736573 32.539246  -0.332042 0.256817 -0.907631  0.727237 0.587358
0  22.108624 16.268612 35.367001  -0.442004 0.334059 -0.832489  0.758863 0.615180
Roof_Dish001
0  25.184603 11.736573 32.539246  -0.332042 0.256817 -0.907631  0.727237 0.587358
0  23.464176 11.208123 33.019112  -0.414248 0.230094 -0.880599  0.723549 0.596261
0  22.108624 16.268612 35.367001  -0.442004 0.334059 -0.832489  0.758863 0.615180
Roof_Dish001
0  23.464176 11.208123 33.019112  -0.414248 0.230094 -0.880599  0.723549 0.596261
0  25.184603 11.736573 32.539246  -0.332042 0.256817 -0.907631  0.727237 0.587358
0  24.294807 5.712777 31.580416  -0.397113 0.117306 -0.910242  0.685201 0.584668
Roof_Dish001
0  20.456169 10.054968 34.497082  -0.589277 0.161899 -0.791543  0.715502 0.615688
0  23.464176 11.208123 33.019112  -0.414248 0.230094 -0.880599  0.723549 0.596261
0  24.294807 5.712777 31.580416  -0.397113 0.117306 -0.910242  0.685201 0.584668
Roof_Dish001
0  21.201340 5.125014 33.206409  -0.577199 0.082545 -0.812421  0.681099 0.605288
0  20.456169 10.054968 34.497082  -0.589277 0.161899 -0.791543  0.715502 0.615688
0  24.294807 5.712777 31.580416  -0.397113 0.117306 -0.910242  0.685201 0.584668
Roof_Dish001
0  20.456169 10.054968 34.497082  -0.589277 0.161899 -0.791543  0.715502 0.615688
0  21.201340 5.125014 33.206409  -0.577199 0.082545 -0.812421  0.681099 0.605288
0  17.447048 4.182043 36.512878  -0.709812 0.050434 -0.702583  0.674518 0.638370
Roof_Dish001
0  21.201340 5.125014 33.206409  -0.577199 0.082545 -0.812421  0.681099 0.605288
0  21.456198 0.000001 32.764984  -0.573217 0.000000 -0.819404  0.645335 0.601731
0  17.447048 4.182043 36.512878  -0.709812 0.050434 -0.702583  0.674518 0.638370
Roof_Dish001
0  15.538835 27.058802 46.746204  -0.576985 0.555459 -0.598794  0.834161 0.706872
0  16.885592 28.334593 46.913551  -0.513640 0.620008 -0.593096  0.843064 0.703185
0  18.069078 24.347694 42.363693  -0.524952 0.499955 -0.688818  0.815242 0.671558
Roof_Dish001
0  16.885592 28.334593 46.913551  -0.513640 0.620008 -0.593096  0.843064 0.703185
0  19.535133 25.495661 42.324413  -0.455555 0.558051 -0.693577  0.823253 0.666206
0  18.069078 24.347694 42.363693  -0.524952 0.499955 -0.688818  0.815242 0.671558
Roof_Dish001
0  19.535133 25.495661 42.324413  -0.455555 0.558051 -0.693577  0.823253 0.666206
0  21.860485 21.686359 38.296783  -0.404781 0.474534 -0.781646  0.796670 0.633751
0  18.069078 24.347694 42.363693  -0.524952 0.499955 -0.688818  0.815242 0.671558
Roof_Dish001
0  14.515127 15.160708 41.591114  -0.744896 0.183150 -0.641549  0.751132 0.679290
0  17.608328 18.579157 39.429688  -0.635166 0.299118 -0.712104  0.774987 0.655435
0  15.846649 11.909450 39.284851  -0.729144 0.143597 -0.669126  0.728443 0.660706
Roof_Dish001
0  17.608328 18.579157 39.429688  -0.635166 0.299118 -0.712104  0.774987 0.655435
0  19.240082 14.594804 36.603405  -0.608787 0.235067 -0.757709  0.747183 0.632661
0  15.846649 11.909450 39.284851  -0.729144 0.143597 -0.669126  0.728443 0.660706
Roof_Dish001
0  14.008368 30.074183 51.897049  -0.576525 0.658266 -0.484050  0.855203 0.743341
0  16.885592 28.334593 46.913551  -0.513640 0.620008 -0.593096  0.843064 0.703185
0  12.791162 28.720064 51.505314  -0.633329 0.589737 -0.501103  0.845754 0.745221
Roof_Dish001
0  16.885592 28.334593 46.913551  -0.513640 0.620008 -0.593096  0.843064 0.703185
0  15.538835 27.058802 46.746204  -0.576985 0.555459 -0.598794  0.834161 0.706872
0  12.791162 28.720064 51.505314  -0.633329 0.589737 -0.501103  0.845754 0.745221
Roof_Dish001
0  15.538835 27.058802 46.746204  -0.576985 0.555459 -0.598794  0.834161 0.706872
0  13.346232 24.274837 46.811852  -0.703757 0.390859 -0.593259  0.814733 0.714919
0  12.791162 28.720064 51.505314  -0.633329 0.589737 -0.501103  0.845754 0.745221
Roof_Dish001
0  13.346232 24.274837 46.811852  -0.703757 0.390859 -0.593259  0.814733 0.714919
0  15.538835 27.058802 46.746204  -0.576985 0.555459 -0.598794  0.834161 0.706872
0  18.069078 24.347694 42.363693  -0.524952 0.499955 -0.688818  0.815242 0.671558
Roof_Dish001
0  15.616150 21.842667 42.880241  -0.667154 0.351801 -0.656613  0.797761 0.683239
0  13.346232 24.274837 46.811852  -0.703757 0.390859 -0.593259  0.814733 0.714919
0  18.069078 24.347694 42.363693  -0.524952 0.499955 -0.688818  0.815242 0.671558
Roof_Dish001
0  17.608328 18.579157 39.429688  -0.635166 0.299118 -0.712104  0.774987 0.655435
0  15.616150 21.842667 42.880241  -0.667154 0.351801 -0.656613  0.797761 0.683239
0  18.069078 24.347694 42.363693  -0.524952 0.499955 -0.688818  0.815242 0.671558
Roof_Dish001
0  15.616150 21.842667 42.880241  -0.667154 0.351801 -0.656613  0.797761 0.683239
0  17.608328 18.579157 39.429688  -0.635166 0.299118 -0.712104  0.774987 0.655435
0  12.889499 17.823750 44.406788  -0.764750 0.214988 -0.607402  0.769715 0.701978
Roof_Dish001
0  17.608328 18.579157 39.429688  -0.635166 0.299118 -0.712104  0.774987 0.655435
0  14.515127 15.160708 41.591114  -0.744896 0.183150 -0.641549  0.751132 0.679290
0  12.889499 17.823750 44.406788  -0.764750 0.214988 -0.607402  0.769715 0.701978
Roof_Dish001
0  14.515127 15.160708 41.591114  -0.744896 0.183150 -0.641549  0.751132 0.679290
0  11.363832 10.953413 44.629879  -0.778816 0.140088 -0.611410  0.721772 0.708650
0  12.889499 17.823750 44.406788  -0.764750 0.214988 -0.607402  0.769715 0.701978
Roof_Dish001
0  11.363832 10.953413 44.629879  -0.778816 0.140088 -0.611410  0.721772 0.708650
0  14.515127 15.160708 41.591114  -0.744896 0.183150 -0.641549  0.751132 0.679290
0  15.846649 11.909450 39.284851  -0.729144 0.143597 -0.669126  0.728443 0.660706
Roof_Dish001
0  12.483729 8.789577 42.734818  -0.769606 0.107130 -0.629468  0.706672 0.693290
0  11.363832 10.953413 44.629879  -0.778816 0.140088 -0.611410  0.721772 0.708650
0  15.846649 11.909450 39.284851  -0.729144 0.143597 -0.669126  0.728443 0.660706
Roof_Dish001
0  13.042787 5.927945 41.721840  -0.757343 0.075815 -0.648602  0.686702 0.685217
0  12.483729 8.789577 42.734818  -0.769606 0.107130 -0.629468  0.706672 0.693290
0  15.846649 11.909450 39.284851  -0.729144 0.143597 -0.669126  0.728443 0.660706
Roof_Dish001
0  9.574527 3.826834 45.576691  -0.766015 0.070553 -0.638939  0.672040 0.720615
0  12.483729 8.789577 42.734818  -0.769606 0.107130 -0.629468  0.706672 0.693290
0  13.042787 5.927945 41.721840  -0.757343 0.075815 -0.648602  0.686702 0.685217
Roof_Dish001
0  13.042787 5.927945 41.721840  -0.757343 0.075815 -0.648602  0.686702 0.685217
0  13.664877 3.086490 40.689007  -0.755210 0.037620 -0.654402  0.666873 0.676805
0  9.574527 3.826834 45.576691  -0.766015 0.070553 -0.638939  0.672040 0.720615
Roof_Dish001
0  13.664877 3.086490 40.689007  -0.755210 0.037620 -0.654402  0.666873 0.676805
0  9.955129 0.000000 44.917469  -0.758998 -0.000000 -0.651092  0.645335 0.715303
0  9.574527 3.826834 45.576691  -0.766015 0.070553 -0.638939  0.672040 0.720615
Roof_Dish001
0  9.955129 0.000000 44.917469  -0.758998 -0.000000 -0.651092  0.645335 0.715303
0  13.664877 3.086490 40.689007  -0.755210 0.037620 -0.654402  0.666873 0.676805
0  13.632358 0.000001 40.700676  -0.750089 -0.000001 -0.661337  0.645335 0.676989
Roof_Dish001
0  13.632358 0.000001 40.700676  -0.750089 -0.000001 -0.661337  0.645335 0.676989
0  13.664877 3.086490 40.689007  -0.755210 0.037620 -0.654402  0.666873 0.676805
0  17.447048 4.182043 36.512878  -0.709812 0.050434 -0.702583  0.674518 0.638370
Roof_Dish001
0  17.655014 0.000001 36.152676  -0.706860 -0.000000 -0.707353  0.645335 0.635467
0  13.632358 0.000001 40.700676  -0.750089 -0.000001 -0.661337  0.645335 0.676989
0  17.447048 4.182043 36.512878  -0.709812 0.050434 -0.702583  0.674518 0.638370
Roof_Dish001
0  11.037230 19.808418 47.615005  -0.786891 0.239341 -0.568787  0.783565 0.727830
0  13.346232 24.274837 46.811852  -0.703757 0.390859 -0.593259  0.814733 0.714919
0  12.889499 17.823750 44.406788  -0.764750 0.214988 -0.607402  0.769715 0.701978
Roof_Dish001
0  13.346232 24.274837 46.811852  -0.703757 0.390859 -0.593259  0.814733 0.714919
0  15.616150 21.842667 42.880241  -0.667154 0.351801 -0.656613  0.797761 0.683239
0  12.889499 17.823750 44.406788  -0.764750 0.214988 -0.607402  0.769715 0.701978
Roof_Dish001
0  12.483729 8.789577 42.734818  -0.769606 0.107130 -0.629468  0.706672 0.693290
0  9.574527 3.826834 45.576691  -0.766015 0.070553 -0.638939  0.672040 0.720615
0  8.490663 7.071068 47.453999  -0.785998 0.130365 -0.604328  0.694679 0.735742
Roof_Dish001
0  11.363832 10.953413 44.629879  -0.778816 0.140088 -0.611410  0.721772 0.708650
0  12.483729 8.789577 42.734818  -0.769606 0.107130 -0.629468  0.706672 0.693290
0  8.490663 7.071068 47.453999  -0.785998 0.130365 -0.604328  0.694679 0.735742
Roof_Dish001
0  8.490663 7.071068 47.453999  -0.785998 0.130365 -0.604328  0.694679 0.735742
0  10.301251 13.154531 46.514980  -0.796207 0.160332 -0.583393  0.737132 0.723750
0  11.363832 10.953413 44.629879  -0.778816 0.140088 -0.611410  0.721772 0.708650
Roof_Dish001
0  11.363832 10.953413 44.629879  -0.778816 0.140088 -0.611410  0.721772 0.708650
0  10.301251 13.154531 46.514980  -0.796207 0.160332 -0.583393  0.737132 0.723750
0  12.889499 17.823750 44.406788  -0.764750 0.214988 -0.607402  0.769715 0.701978
Roof_Dish001
0  10.301251 13.154531 46.514980  -0.796207 0.160332 -0.583393  0.737132 0.723750
0  8.851096 14.311323 48.982059  -0.811021 0.182859 -0.555704  0.745204 0.743719
0  12.889499 17.823750 44.406788  -0.764750 0.214988 -0.607402  0.769715 0.701978
Roof_Dish001
0  8.851096 14.311323 48.982059  -0.811021 0.182859 -0.555704  0.745204 0.743719
0  11.037230 19.808418 47.615005  -0.786891 0.239341 -0.568787  0.783565 0.727830
0  12.889499 17.823750 44.406788  -0.764750 0.214988 -0.607402  0.769715 0.701978
Roof_Dish001
0  11.037230 19.808418 47.615005  -0.786891 0.239341 -0.568787  0.783565 0.727830
0  8.851096 14.311323 48.982059  -0.811021 0.182859 -0.555704  0.745204 0.743719
0  9.025795 21.024546 51.098915  -0.811370 0.253548 -0.526680  0.792052 0.755903
Roof_Dish001
0  13.346232 24.274837 46.811852  -0.703757 0.390859 -0.593259  0.814733 0.714919
0  11.037230 19.808418 47.615005  -0.786891 0.239341 -0.568787  0.783565 0.727830
0  9.025795 21.024546 51.098915  -0.811370 0.253548 -0.526680  0.792052 0.755903
Roof_Dish001
0  10.881255 25.765181 51.081318  -0.743415 0.414979 -0.524524  0.825133 0.749322
0  13.346232 24.274837 46.811852  -0.703757 0.390859 -0.593259  0.814733 0.714919
0  9.025795 21.024546 51.098915  -0.811370 0.253548 -0.526680  0.792052 0.755903
Roof_Dish001
0  13.346232 24.274837 46.811852  -0.703757 0.390859 -0.593259  0.814733 0.714919
0  10.881255 25.765181 51.081318  -0.743415 0.414979 -0.524524  0.825133 0.749322
0  12.791162 28.720064 51.505314  -0.633329 0.589737 -0.501103  0.845754 0.745221
Roof_Dish001
0  10.881255 25.765181 51.081318  -0.743415 0.414979 -0.524524  0.825133 0.749322
0  8.318750 26.274895 55.519711  -0.784706 0.423063 -0.453050  0.828691 0.785087
0  12.791162 28.720064 51.505314  -0.633329 0.589737 -0.501103  0.845754 0.745221
Roof_Dish001
0  8.318750 26.274895 55.519711  -0.784706 0.423063 -0.453050  0.828691 0.785087
0  9.934775 29.288235 56.452721  -0.692024 0.601225 -0.399540  0.849719 0.785087
0  12.791162 28.720064 51.505314  -0.633329 0.589737 -0.501103  0.845754 0.745221
Roof_Dish001
0  8.318750 26.274895 55.519711  -0.784706 0.423063 -0.453050  0.828691 0.785087
0  10.881255 25.765181 51.081318  -0.743415 0.414979 -0.524524  0.825133 0.749322
0  9.025795 21.024546 51.098915  -0.811370 0.253548 -0.526680  0.792052 0.755903
Roof_Dish001
0  6.934774 21.440477 54.720673  -0.836427 0.259204 -0.482911  0.794954 0.785087
0  8.318750 26.274895 55.519711  -0.784706 0.423063 -0.453050  0.828691 0.785087
0  9.025795 21.024546 51.098915  -0.811370 0.253548 -0.526680  0.792052 0.755903
Roof_Dish001
0  8.318750 26.274895 55.519711  -0.784706 0.423063 -0.453050  0.828691 0.785087
0  6.934774 21.440477 54.720673  -0.836427 0.259204 -0.482911  0.794954 0.785087
0  4.843753 21.024546 58.342426  -0.861791 0.253642 -0.439298  0.792052 0.814270
Roof_Dish001
0  6.934774 21.440477 54.720673  -0.836427 0.259204 -0.482911  0.794954 0.785087
0  5.887125 15.490464 54.115810  -0.848884 0.197973 -0.490104  0.753433 0.785087
0  4.843753 21.024546 58.342426  -0.861791 0.253642 -0.439298  0.792052 0.814270
Roof_Dish001
0  5.887125 15.490464 54.115810  -0.848884 0.197973 -0.490104  0.753433 0.785087
0  6.934774 21.440477 54.720673  -0.836427 0.259204 -0.482911  0.794954 0.785087
0  9.025795 21.024546 51.098915  -0.811370 0.253548 -0.526680  0.792052 0.755903
Roof_Dish001
0  7.449708 15.516828 51.453999  -0.830962 0.189125 -0.523195  0.753617 0.763548
0  5.887125 15.490464 54.115810  -0.848884 0.197973 -0.490104  0.753433 0.785087
0  9.025795 21.024546 51.098915  -0.811370 0.253548 -0.526680  0.792052 0.755903
Roof_Dish001
0  8.851096 14.311323 48.982059  -0.811021 0.182859 -0.555704  0.745204 0.743719
0  7.449708 15.516828 51.453999  -0.830962 0.189125 -0.523195  0.753617 0.763548
0  9.025795 21.024546 51.098915  -0.811370 0.253548 -0.526680  0.792052 0.755903
Roof_Dish001
0  6.868546 9.238795 50.263588  -0.815937 0.170241 -0.552507  0.709806 0.758382
0  7.449708 15.516828 51.453999  -0.830962 0.189125 -0.523195  0.753617 0.763548
0  8.851096 14.311323 48.982059  -0.811021 0.182859 -0.555704  0.745204 0.743719
Roof_Dish001
0  8.851096 14.311323 48.982059  -0.811021 0.182859 -0.555704  0.745204 0.743719
0  10.301251 13.154531 46.514980  -0.796207 0.160332 -0.583393  0.737132 0.723750
0  6.868546 9.238795 50.263588  -0.815937 0.170241 -0.552507  0.709806 0.758382
Roof_Dish001
0  10.301251 13.154531 46.514980  -0.796207 0.160332 -0.583393  0.737132 0.723750
0  8.490663 7.071068 47.453999  -0.785998 0.130365 -0.604328  0.694679 0.735742
0  6.868546 9.238795 50.263588  -0.815937 0.170241 -0.552507  0.709806 0.758382
Roof_Dish001
0  -3.149988 11.736572 81.616196  -0.952052 0.256816 0.166258  0.727237 0.982816
0  -1.730524 17.035656 79.157616  -0.921019 0.372877 0.112631  0.764216 0.963004
0  -2.239072 16.268610 77.538445  -0.941939 0.334104 0.033546  0.758863 0.954994
Roof_Dish001
0  -1.730524 17.035656 79.157616  -0.921019 0.372877 0.112631  0.764216 0.963004
0  0.174128 21.686357 75.858658  -0.879314 0.474536 0.040272  0.796670 0.936422
0  -2.239072 16.268610 77.538445  -0.941939 0.334104 0.033546  0.758863 0.954994
Roof_Dish001
0  -4.317262 -0.000000 83.637978  -0.977595 -0.000000 0.210496  0.645335 0.999107
0  -4.019783 5.982127 83.122726  -0.971127 0.130937 0.199420  0.687080 0.994955
0  -4.425256 5.712776 81.325027  -0.986849 0.117306 0.111212  0.685201 0.985505
Roof_Dish001
0  -4.019783 5.982127 83.122726  -0.971127 0.130937 0.199420  0.687080 0.994955
0  -3.149988 11.736572 81.616196  -0.952052 0.256816 0.166258  0.727237 0.982816
0  -4.425256 5.712776 81.325027  -0.986849 0.117306 0.111212  0.685201 0.985505
Roof_Dish001
0  -3.149988 11.736572 81.616196  -0.952052 0.256816 0.166258  0.727237 0.982816
0  -3.594625 11.208122 79.886330  -0.969753 0.230079 0.081503  0.723549 0.973913
0  -4.425256 5.712776 81.325027  -0.986849 0.117306 0.111212  0.685201 0.985505
Roof_Dish001
0  -3.594625 11.208122 79.886330  -0.969753 0.230079 0.081503  0.723549 0.973913
0  -3.149988 11.736572 81.616196  -0.952052 0.256816 0.166258  0.727237 0.982816
0  -2.239072 16.268610 77.538445  -0.941939 0.334104 0.033546  0.758863 0.954994
Roof_Dish001
0  -3.818668 10.054967 76.542336  -0.980136 0.161898 -0.114557  0.715502 0.954485
0  -3.594625 11.208122 79.886330  -0.969753 0.230079 0.081503  0.723549 0.973913
0  -2.239072 16.268610 77.538445  -0.941939 0.334104 0.033546  0.758863 0.954994
Roof_Dish001
0  -2.602583 14.594803 74.436012  -0.960589 0.235066 -0.148370  0.747183 0.937513
0  -3.818668 10.054967 76.542336  -0.980136 0.161898 -0.114557  0.715502 0.954485
0  -2.239072 16.268610 77.538445  -0.941939 0.334104 0.033546  0.758863 0.954994
Roof_Dish001
0  -3.818668 10.054967 76.542336  -0.980136 0.161898 -0.114557  0.715502 0.954485
0  -2.602583 14.594803 74.436012  -0.960589 0.235066 -0.148370  0.747183 0.937513
0  -1.977099 11.909449 70.156494  -0.944069 0.143651 -0.296812  0.728443 0.909467
Roof_Dish001
0  -2.602583 14.594803 74.436012  -0.960589 0.235066 -0.148370  0.747183 0.937513
0  -0.970829 18.579157 71.609734  -0.934279 0.299182 -0.193939  0.774987 0.914739
0  -1.977099 11.909449 70.156494  -0.944069 0.143651 -0.296812  0.728443 0.909467
Roof_Dish001
0  -0.970829 18.579157 71.609734  -0.934279 0.299182 -0.193939  0.774987 0.914739
0  -0.645578 15.160707 67.850227  -0.928046 0.183150 -0.324324  0.751132 0.890883
0  -1.977099 11.909449 70.156494  -0.944069 0.143651 -0.296812  0.728443 0.909467
Roof_Dish001
0  -0.645578 15.160707 67.850227  -0.928046 0.183150 -0.324324  0.751132 0.890883
0  -0.970829 18.579157 71.609734  -0.934279 0.299182 -0.193939  0.774987 0.914739
0  0.980051 17.823750 65.034554  -0.908399 0.214948 -0.358622  0.769715 0.868195
Roof_Dish001
0  0.410420 10.953412 63.601746  -0.918887 0.140021 -0.368836  0.721772 0.861523
0  -0.645578 15.160707 67.850227  -0.928046 0.183150 -0.324324  0.751132 0.890883
0  0.980051 17.823750 65.034554  -0.908399 0.214948 -0.358622  0.769715 0.868195
Roof_Dish001
0  1.511675 13.154531 61.738972  -0.903338 0.160332 -0.397838  0.737132 0.846424
0  0.410420 10.953412 63.601746  -0.918887 0.140021 -0.368836  0.721772 0.861523
0  0.980051 17.823750 65.034554  -0.908399 0.214948 -0.358622  0.769715 0.868195
Roof_Dish001
0  7.449708 15.516828 51.453999  -0.830962 0.189125 -0.523195  0.753617 0.763548
0  6.868546 9.238795 50.263588  -0.815937 0.170241 -0.552507  0.709806 0.758382
0  4.955129 10.000000 53.577721  -0.851180 0.184364 -0.491430  0.715118 0.785087
Roof_Dish001
0  5.887125 15.490464 54.115810  -0.848884 0.197973 -0.490104  0.753433 0.785087
0  7.449708 15.516828 51.453999  -0.830962 0.189125 -0.523195  0.753617 0.763548
0  4.955129 10.000000 53.577721  -0.851180 0.184364 -0.491430  0.715118 0.785087
Roof_Dish001
0  5.887125 15.490464 54.115810  -0.848884 0.197973 -0.490104  0.753433 0.785087
0  4.955129 10.000000 53.577721  -0.851180 0.184364 -0.491430  0.715118 0.785087
0  4.363217 15.516828 56.799953  -0.868581 0.189125 -0.458037  0.753617 0.806625
Roof_Dish001
0  5.887125 15.490464 54.115810  -0.848884 0.197973 -0.490104  0.753433 0.785087
0  4.363217 15.516828 56.799953  -0.868581 0.189125 -0.458037  0.753617 0.806625
0  4.843753 21.024546 58.342426  -0.861791 0.253642 -0.439298  0.792052 0.814270
Roof_Dish001
0  4.363217 15.516828 56.799953  -0.868581 0.189125 -0.458037  0.753617 0.806625
0  2.923153 14.311323 59.249561  -0.886766 0.182947 -0.424473  0.745204 0.826454
0  4.843753 21.024546 58.342426  -0.861791 0.253642 -0.439298  0.792052 0.814270
Roof_Dish001
0  2.923153 14.311323 59.249561  -0.886766 0.182947 -0.424473  0.745204 0.826454
0  2.832317 19.808418 61.826336  -0.886029 0.239341 -0.397074  0.783565 0.842343
0  4.843753 21.024546 58.342426  -0.861791 0.253642 -0.439298  0.792052 0.814270
Roof_Dish001
0  3.041712 9.238795 56.891857  -0.886455 0.170286 -0.430349  0.709806 0.811792
0  4.363217 15.516828 56.799953  -0.868581 0.189125 -0.458037  0.753617 0.806625
0  4.955129 10.000000 53.577721  -0.851180 0.184364 -0.491430  0.715118 0.785087
Roof_Dish001
0  4.363217 15.516828 56.799953  -0.868581 0.189125 -0.458037  0.753617 0.806625
0  3.041712 9.238795 56.891857  -0.886455 0.170286 -0.430349  0.709806 0.811792
0  2.923153 14.311323 59.249561  -0.886766 0.182947 -0.424473  0.745204 0.826454
Roof_Dish001
0  -0.645578 15.160707 67.850227  -0.928046 0.183150 -0.324324  0.751132 0.890883
0  0.410420 10.953412 63.601746  -0.918887 0.140021 -0.368836  0.721772 0.861523
0  -1.977099 11.909449 70.156494  -0.944069 0.143651 -0.296812  0.728443 0.909467
Roof_Dish001
0  -1.268535 5.927944 66.509781  -0.940323 0.075743 -0.331747  0.686702 0.884956
0  -2.969434 8.204915 71.875267  -0.956142 0.099157 -0.275610  0.702592 0.923317
0  -1.977099 11.909449 70.156494  -0.944069 0.143651 -0.296812  0.728443 0.909467
Roof_Dish001
0  -0.670802 8.789577 65.519135  -0.929938 0.107130 -0.351765  0.706672 0.876884
0  -1.268535 5.927944 66.509781  -0.940323 0.075743 -0.331747  0.686702 0.884956
0  -1.977099 11.909449 70.156494  -0.944069 0.143651 -0.296812  0.728443 0.909467
Roof_Dish001
0  0.410420 10.953412 63.601746  -0.918887 0.140021 -0.368836  0.721772 0.861523
0  -0.670802 8.789577 65.519135  -0.929938 0.107130 -0.351765  0.706672 0.876884
0  -1.977099 11.909449 70.156494  -0.944069 0.143651 -0.296812  0.728443 0.909467
Roof_Dish001
0  1.419596 7.071068 59.701447  -0.916362 0.130365 -0.378530  0.694679 0.834431
0  -0.670802 8.789577 65.519135  -0.929938 0.107130 -0.351765  0.706672 0.876884
0  0.410420 10.953412 63.601746  -0.918887 0.140021 -0.368836  0.721772 0.861523
Roof_Dish001
0  1.511675 13.154531 61.738972  -0.903338 0.160332 -0.397838  0.737132 0.846424
0  1.419596 7.071068 59.701447  -0.916362 0.130365 -0.378530  0.694679 0.834431
0  0.410420 10.953412 63.601746  -0.918887 0.140021 -0.368836  0.721772 0.861523
Roof_Dish001
0  1.419596 7.071068 59.701447  -0.916362 0.130365 -0.378530  0.694679 0.834431
0  1.511675 13.154531 61.738972  -0.903338 0.160332 -0.397838  0.737132 0.846424
0  3.041712 9.238795 56.891857  -0.886455 0.170286 -0.430349  0.709806 0.811792
Roof_Dish001
0  2.923153 14.311323 59.249561  -0.886766 0.182947 -0.424473  0.745204 0.826454
0  3.041712 9.238795 56.891857  -0.886455 0.170286 -0.430349  0.709806 0.811792
0  1.511675 13.154531 61.738972  -0.903338 0.160332 -0.397838  0.737132 0.846424
Roof_Dish001
0  2.923153 14.311323 59.249561  -0.886766 0.182947 -0.424473  0.745204 0.826454
0  1.511675 13.154531 61.738972  -0.903338 0.160332 -0.397838  0.737132 0.846424
0  0.980051 17.823750 65.034554  -0.908399 0.214948 -0.358622  0.769715 0.868195
Roof_Dish001
0  2.832317 19.808418 61.826336  -0.886029 0.239341 -0.397074  0.783565 0.842343
0  2.923153 14.311323 59.249561  -0.886766 0.182947 -0.424473  0.745204 0.826454
0  0.980051 17.823750 65.034554  -0.908399 0.214948 -0.358622  0.769715 0.868195
Roof_Dish001
0  3.291266 24.274837 64.227570  -0.865655 0.390859 -0.312842  0.814733 0.855254
0  2.832317 19.808418 61.826336  -0.886029 0.239341 -0.397074  0.783565 0.842343
0  0.980051 17.823750 65.034554  -0.908399 0.214948 -0.358622  0.769715 0.868195
Roof_Dish001
0  2.832317 19.808418 61.826336  -0.886029 0.239341 -0.397074  0.783565 0.842343
0  3.291266 24.274837 64.227570  -0.865655 0.390859 -0.312842  0.814733 0.855254
0  4.843753 21.024546 58.342426  -0.861791 0.253642 -0.439298  0.792052 0.814270
Roof_Dish001
0  3.291266 24.274837 64.227570  -0.865655 0.390859 -0.312842  0.814733 0.855254
0  5.756242 25.765181 59.958099  -0.825960 0.414979 -0.381554  0.825133 0.820851
0  4.843753 21.024546 58.342426  -0.861791 0.253642 -0.439298  0.792052 0.814270
Roof_Dish001
0  5.756242 25.765181 59.958099  -0.825960 0.414979 -0.381554  0.825133 0.820851
0  8.318750 26.274895 55.519711  -0.784706 0.423063 -0.453050  0.828691 0.785087
0  4.843753 21.024546 58.342426  -0.861791 0.253642 -0.439298  0.792052 0.814270
Roof_Dish001
0  8.318750 26.274895 55.519711  -0.784706 0.423063 -0.453050  0.828691 0.785087
0  5.756242 25.765181 59.958099  -0.825960 0.414979 -0.381554  0.825133 0.820851
0  7.078387 28.720064 61.400131  -0.750634 0.589737 -0.297925  0.845754 0.824952
Roof_Dish001
0  9.934775 29.288235 56.452721  -0.692024 0.601225 -0.399540  0.849719 0.785087
0  8.318750 26.274895 55.519711  -0.784706 0.423063 -0.453050  0.828691 0.785087
0  7.078387 28.720064 61.400131  -0.750634 0.589737 -0.297925  0.845754 0.824952
Roof_Dish001
0  11.017306 30.669142 57.077721  -0.642049 0.671093 -0.370686  0.859355 0.785087
0  9.934775 29.288235 56.452721  -0.692024 0.601225 -0.399540  0.849719 0.785087
0  7.078387 28.720064 61.400131  -0.750634 0.589737 -0.297925  0.845754 0.824952
Roof_Dish001
0  9.934775 29.288235 56.452721  -0.692024 0.601225 -0.399540  0.849719 0.785087
0  11.017306 30.669142 57.077721  -0.642049 0.671093 -0.370686  0.859355 0.785087
0  12.791162 28.720064 51.505314  -0.633329 0.589737 -0.501103  0.845754 0.745221
Roof_Dish001
0  11.017306 30.669142 57.077721  -0.642049 0.671093 -0.370686  0.859355 0.785087
0  14.008368 30.074183 51.897049  -0.576525 0.658266 -0.484050  0.855203 0.743341
0  12.791162 28.720064 51.505314  -0.633329 0.589737 -0.501103  0.845754 0.745221
Roof_Dish001
0  -1.851950 -3.086489 67.564941  -0.944350 -0.037628 -0.326784  0.623796 0.893369
0  -0.044870 -0.000000 62.237976  -0.943362 0.000000 -0.331765  0.645335 0.854870
0  0.335732 -3.826834 61.578754  -0.936345 -0.070553 -0.343919  0.618630 0.849558
Roof_Dish001
0  -1.851950 3.086489 67.564941  -0.944334 0.037620 -0.326830  0.666873 0.893369
0  0.335732 3.826834 61.578754  -0.936345 0.070552 -0.343919  0.672040 0.849558
0  -0.044870 -0.000000 62.237976  -0.943362 0.000000 -0.331765  0.645335 0.854870
Roof_Dish001
0  -1.858106 -0.000000 67.530945  -0.947886 -0.000000 -0.318608  0.645335 0.893185
0  -1.851950 3.086489 67.564941  -0.944334 0.037620 -0.326830  0.666873 0.893369
0  -0.044870 -0.000000 62.237976  -0.943362 0.000000 -0.331765  0.645335 0.854870
Roof_Dish001
0  -0.044870 -0.000000 62.237976  -0.943362 0.000000 -0.331765  0.645335 0.854870
0  -1.851950 -3.086489 67.564941  -0.944350 -0.037628 -0.326784  0.623796 0.893369
0  -1.858106 -0.000000 67.530945  -0.947886 -0.000000 -0.318608  0.645335 0.893185
Roof_Dish001
0  -1.858106 -0.000000 67.530945  -0.947886 -0.000000 -0.318608  0.645335 0.893185
0  -1.851950 -3.086489 67.564941  -0.944350 -0.037628 -0.326784  0.623796 0.893369
0  -3.577497 -4.182042 72.928459  -0.963373 -0.050443 -0.263377  0.616151 0.931803
Roof_Dish001
0  -1.851950 -3.086489 67.564941  -0.944350 -0.037628 -0.326784  0.623796 0.893369
0  -1.268535 -5.927944 66.509781  -0.940336 -0.075761 -0.331704  0.603967 0.884956
0  -3.577497 -4.182042 72.928459  -0.963373 -0.050443 -0.263377  0.616151 0.931803
Roof_Dish001
0  -1.268535 -5.927944 66.509781  -0.940336 -0.075761 -0.331704  0.603967 0.884956
0  -1.851950 -3.086489 67.564941  -0.944350 -0.037628 -0.326784  0.623796 0.893369
0  0.335732 -3.826834 61.578754  -0.936345 -0.070553 -0.343919  0.618630 0.849558
Roof_Dish001
0  0.335732 -3.826834 61.578754  -0.936345 -0.070553 -0.343919  0.618630 0.849558
0  -0.670802 -8.789577 65.519135  -0.929938 -0.107130 -0.351765  0.583998 0.876884
0  -1.268535 -5.927944 66.509781  -0.940336 -0.075761 -0.331704  0.603967 0.884956
Roof_Dish001
0  -0.670802 -8.789577 65.519135  -0.929938 -0.107130 -0.351765  0.583998 0.876884
0  0.335732 -3.826834 61.578754  -0.936345 -0.070553 -0.343919  0.618630 0.849558
0  1.419596 -7.071068 59.701447  -0.916362 -0.130365 -0.378530  0.595990 0.834431
Roof_Dish001
0  0.410420 -10.953412 63.601746  -0.918938 -0.140222 -0.368635  0.568898 0.861523
0  -0.670802 -8.789577 65.519135  -0.929938 -0.107130 -0.351765  0.583998 0.876884
0  1.419596 -7.071068 59.701447  -0.916362 -0.130365 -0.378530  0.595990 0.834431
Roof_Dish001
0  -0.670802 -8.789577 65.519135  -0.929938 -0.107130 -0.351765  0.583998 0.876884
0  0.410420 -10.953412 63.601746  -0.918938 -0.140222 -0.368635  0.568898 0.861523
0  -1.977098 -11.909449 70.156494  -0.944069 -0.143650 -0.296812  0.562226 0.909467
Roof_Dish001
0  0.410420 -10.953412 63.601746  -0.918938 -0.140222 -0.368635  0.568898 0.861523
0  -0.645576 -15.160707 67.850227  -0.928052 -0.183184 -0.324289  0.539538 0.890883
0  -1.977098 -11.909449 70.156494  -0.944069 -0.143650 -0.296812  0.562226 0.909467
Roof_Dish001
0  -1.268535 -5.927944 66.509781  -0.940336 -0.075761 -0.331704  0.603967 0.884956
0  -2.969433 -8.204915 71.875267  -0.956153 -0.099175 -0.275566  0.588078 0.923317
0  -3.577497 -4.182042 72.928459  -0.963373 -0.050443 -0.263377  0.616151 0.931803
Roof_Dish001
0  -1.268535 -5.927944 66.509781  -0.940336 -0.075761 -0.331704  0.603967 0.884956
0  -0.670802 -8.789577 65.519135  -0.929938 -0.107130 -0.351765  0.583998 0.876884
0  -1.977098 -11.909449 70.156494  -0.944069 -0.143650 -0.296812  0.562226 0.909467
Roof_Dish001
0  -2.969433 -8.204915 71.875267  -0.956153 -0.099175 -0.275566  0.588078 0.923317
0  -1.268535 -5.927944 66.509781  -0.940336 -0.075761 -0.331704  0.603967 0.884956
0  -1.977098 -11.909449 70.156494  -0.944069 -0.143650 -0.296812  0.562226 0.909467
Roof_Dish001
0  -3.818667 -10.054967 76.542336  -0.980136 -0.161899 -0.114557  0.575167 0.954485
0  -2.969433 -8.204915 71.875267  -0.956153 -0.099175 -0.275566  0.588078 0.923317
0  -1.977098 -11.909449 70.156494  -0.944069 -0.143650 -0.296812  0.562226 0.909467
Roof_Dish001
0  -2.969433 -8.204915 71.875267  -0.956153 -0.099175 -0.275566  0.588078 0.923317
0  -3.818667 -10.054967 76.542336  -0.980136 -0.161899 -0.114557  0.575167 0.954485
0  -3.577497 -4.182042 72.928459  -0.963373 -0.050443 -0.263377  0.616151 0.931803
Roof_Dish001
0  -3.818667 -10.054967 76.542336  -0.980136 -0.161899 -0.114557  0.575167 0.954485
0  -4.563839 -5.125013 77.833008  -0.992177 -0.082544 -0.093658  0.609571 0.964885
0  -3.577497 -4.182042 72.928459  -0.963373 -0.050443 -0.263377  0.616151 0.931803
Roof_Dish001
0  -0.670802 8.789577 65.519135  -0.929938 0.107130 -0.351765  0.706672 0.876884
0  1.419596 7.071068 59.701447  -0.916362 0.130365 -0.378530  0.694679 0.834431
0  0.335732 3.826834 61.578754  -0.936345 0.070552 -0.343919  0.672040 0.849558
Roof_Dish001
0  -1.268535 5.927944 66.509781  -0.940323 0.075743 -0.331747  0.686702 0.884956
0  -0.670802 8.789577 65.519135  -0.929938 0.107130 -0.351765  0.706672 0.876884
0  0.335732 3.826834 61.578754  -0.936345 0.070552 -0.343919  0.672040 0.849558
Roof_Dish001
0  0.335732 3.826834 61.578754  -0.936345 0.070552 -0.343919  0.672040 0.849558
0  -1.851950 3.086489 67.564941  -0.944334 0.037620 -0.326830  0.666873 0.893369
0  -1.268535 5.927944 66.509781  -0.940323 0.075743 -0.331747  0.686702 0.884956
Roof_Dish001
0  -1.268535 5.927944 66.509781  -0.940323 0.075743 -0.331747  0.686702 0.884956
0  -1.851950 3.086489 67.564941  -0.944334 0.037620 -0.326830  0.666873 0.893369
0  -3.577497 4.182042 72.928459  -0.963386 0.050453 -0.263330  0.674518 0.931803
Roof_Dish001
0  -1.851950 3.086489 67.564941  -0.944334 0.037620 -0.326830  0.666873 0.893369
0  -1.858106 -0.000000 67.530945  -0.947886 -0.000000 -0.318608  0.645335 0.893185
0  -3.577497 4.182042 72.928459  -0.963386 0.050453 -0.263330  0.674518 0.931803
Roof_Dish001
0  -1.858106 -0.000000 67.530945  -0.947886 -0.000000 -0.318608  0.645335 0.893185
0  -3.785462 -0.000000 73.288666  -0.965978 -0.000000 -0.258625  0.645335 0.934706
0  -3.577497 4.182042 72.928459  -0.963386 0.050453 -0.263330  0.674518 0.931803
Roof_Dish001
0  -3.785462 -0.000000 73.288666  -0.965978 -0.000000 -0.258625  0.645335 0.934706
0  -1.858106 -0.000000 67.530945  -0.947886 -0.000000 -0.318608  0.645335 0.893185
0  -3.577497 -4.182042 72.928459  -0.963373 -0.050443 -0.263377  0.616151 0.931803
Roof_Dish001
0  -4.818696 -0.000000 78.274437  -0.996237 -0.000000 -0.086667  0.645335 0.968442
0  -3.785462 -0.000000 73.288666  -0.965978 -0.000000 -0.258625  0.645335 0.934706
0  -3.577497 -4.182042 72.928459  -0.963373 -0.050443 -0.263377  0.616151 0.931803
Roof_Dish001
0  -4.563839 -5.125013 77.833008  -0.992177 -0.082544 -0.093658  0.609571 0.964885
0  -4.818696 -0.000000 78.274437  -0.996237 -0.000000 -0.086667  0.645335 0.968442
0  -3.577497 -4.182042 72.928459  -0.963373 -0.050443 -0.263377  0.616151 0.931803
Roof_Dish001
0  -4.818696 -0.000000 78.274437  -0.996237 -0.000000 -0.086667  0.645335 0.968442
0  -4.563839 -5.125013 77.833008  -0.992177 -0.082544 -0.093658  0.609571 0.964885
0  -4.425255 -5.712776 81.325027  -0.986836 -0.117322 0.111311  0.605469 0.985505
Roof_Dish001
0  -4.563839 -5.125013 77.833008  -0.992177 -0.082544 -0.093658  0.609571 0.964885
0  -3.818667 -10.054967 76.542336  -0.980136 -0.161899 -0.114557  0.575167 0.954485
0  -4.425255 -5.712776 81.325027  -0.986836 -0.117322 0.111311  0.605469 0.985505
Roof_Dish001
0  -3.818667 -10.054967 76.542336  -0.980136 -0.161899 -0.114557  0.575167 0.954485
0  -3.594625 -11.208122 79.886330  -0.969753 -0.230079 0.081503  0.567120 0.973913
0  -4.425255 -5.712776 81.325027  -0.986836 -0.117322 0.111311  0.605469 0.985505
Roof_Dish001
0  -3.785462 -0.000000 73.288666  -0.965978 -0.000000 -0.258625  0.645335 0.934706
0  -4.818696 -0.000000 78.274437  -0.996237 -0.000000 -0.086667  0.645335 0.968442
0  -3.577497 4.182042 72.928459  -0.963386 0.050453 -0.263330  0.674518 0.931803
Roof_Dish001
0  -4.818696 -0.000000 78.274437  -0.996237 -0.000000 -0.086667  0.645335 0.968442
0  -4.563839 5.125013 77.833008  -0.992173 0.082535 -0.093707  0.681099 0.964885
0  -3.577497 4.182042 72.928459  -0.963386 0.050453 -0.263330  0.674518 0.931803
Roof_Dish001
0  -3.594625 11.208122 79.886330  -0.969753 0.230079 0.081503  0.723549 0.973913
0  -3.818668 10.054967 76.542336  -0.980136 0.161898 -0.114557  0.715502 0.954485
0  -4.425256 5.712776 81.325027  -0.986849 0.117306 0.111212  0.685201 0.985505
Roof_Dish001
0  -2.969434 8.204915 71.875267  -0.956142 0.099157 -0.275610  0.702592 0.923317
0  -3.818668 10.054967 76.542336  -0.980136 0.161898 -0.114557  0.715502 0.954485
0  -1.977099 11.909449 70.156494  -0.944069 0.143651 -0.296812  0.728443 0.909467
Roof_Dish001
0  -4.709341 -0.000000 81.817078  -0.992636 -0.000000 0.121135  0.645335 0.989470
0  -4.317262 -0.000000 83.637978  -0.977595 -0.000000 0.210496  0.645335 0.999107
0  -4.425256 5.712776 81.325027  -0.986849 0.117306 0.111212  0.685201 0.985505
Roof_Dish001
0  -0.970827 -18.579157 71.609734  -0.934281 -0.299150 -0.193978  0.515683 0.914739
0  -0.645576 -15.160707 67.850227  -0.928052 -0.183184 -0.324289  0.539538 0.890883
0  0.980053 -17.823750 65.034554  -0.908401 -0.214988 -0.358592  0.520954 0.868195
Roof_Dish001
0  -0.645576 -15.160707 67.850227  -0.928052 -0.183184 -0.324289  0.539538 0.890883
0  -0.970827 -18.579157 71.609734  -0.934281 -0.299150 -0.193978  0.515683 0.914739
0  -1.977098 -11.909449 70.156494  -0.944069 -0.143650 -0.296812  0.562226 0.909467
Roof_Dish001
0  -0.970827 -18.579157 71.609734  -0.934281 -0.299150 -0.193978  0.515683 0.914739
0  -2.602581 -14.594803 74.436012  -0.960588 -0.235067 -0.148370  0.543487 0.937513
0  -1.977098 -11.909449 70.156494  -0.944069 -0.143650 -0.296812  0.562226 0.909467
Roof_Dish001
0  -2.602581 -14.594803 74.436012  -0.960588 -0.235067 -0.148370  0.543487 0.937513
0  -3.818667 -10.054967 76.542336  -0.980136 -0.161899 -0.114557  0.575167 0.954485
0  -1.977098 -11.909449 70.156494  -0.944069 -0.143650 -0.296812  0.562226 0.909467
Roof_Dish001
0  -3.818667 -10.054967 76.542336  -0.980136 -0.161899 -0.114557  0.575167 0.954485
0  -2.602581 -14.594803 74.436012  -0.960588 -0.235067 -0.148370  0.543487 0.937513
0  -2.239070 -16.268610 77.538445  -0.941958 -0.334059 0.033458  0.531806 0.954994
Roof_Dish001
0  -3.594625 -11.208122 79.886330  -0.969753 -0.230079 0.081503  0.567120 0.973913
0  -3.818667 -10.054967 76.542336  -0.980136 -0.161899 -0.114557  0.575167 0.954485
0  -2.239070 -16.268610 77.538445  -0.941958 -0.334059 0.033458  0.531806 0.954994
Roof_Dish001
0  -3.149987 -11.736572 81.616196  -0.952052 -0.256817 0.166258  0.563433 0.982816
0  -3.594625 -11.208122 79.886330  -0.969753 -0.230079 0.081503  0.567120 0.973913
0  -2.239070 -16.268610 77.538445  -0.941958 -0.334059 0.033458  0.531806 0.954994
Roof_Dish001
0  -3.594625 -11.208122 79.886330  -0.969753 -0.230079 0.081503  0.567120 0.973913
0  -3.149987 -11.736572 81.616196  -0.952052 -0.256817 0.166258  0.563433 0.982816
0  -4.425255 -5.712776 81.325027  -0.986836 -0.117322 0.111311  0.605469 0.985505
Roof_Dish001
0  -3.149987 -11.736572 81.616196  -0.952052 -0.256817 0.166258  0.563433 0.982816
0  -4.019782 -5.982127 83.122726  -0.971126 -0.130938 0.199421  0.603589 0.994955
0  -4.425255 -5.712776 81.325027  -0.986836 -0.117322 0.111311  0.605469 0.985505
Roof_Dish001
0  -4.019782 -5.982127 83.122726  -0.971126 -0.130938 0.199421  0.603589 0.994955
0  -4.317262 -0.000000 83.637978  -0.977595 -0.000000 0.210496  0.645335 0.999107
0  -4.425255 -5.712776 81.325027  -0.986836 -0.117322 0.111311  0.605469 0.985505
Roof_Dish001
0  -4.317262 -0.000000 83.637978  -0.977595 -0.000000 0.210496  0.645335 0.999107
0  -4.709341 -0.000000 81.817078  -0.992636 -0.000000 0.121135  0.645335 0.989470
0  -4.425255 -5.712776 81.325027  -0.986836 -0.117322 0.111311  0.605469 0.985505
Roof_Dish001
0  -4.709341 -0.000000 81.817078  -0.992636 -0.000000 0.121135  0.645335 0.989470
0  -4.818696 -0.000000 78.274437  -0.996237 -0.000000 -0.086667  0.645335 0.968442
0  -4.425255 -5.712776 81.325027  -0.986836 -0.117322 0.111311  0.605469 0.985505
Roof_Dish001
0  -4.818696 -0.000000 78.274437  -0.996237 -0.000000 -0.086667  0.645335 0.968442
0  -4.709341 -0.000000 81.817078  -0.992636 -0.000000 0.121135  0.645335 0.989470
0  -4.425256 5.712776 81.325027  -0.986849 0.117306 0.111212  0.685201 0.985505
Roof_Dish001
0  -4.563839 5.125013 77.833008  -0.992173 0.082535 -0.093707  0.681099 0.964885
0  -4.818696 -0.000000 78.274437  -0.996237 -0.000000 -0.086667  0.645335 0.968442
0  -4.425256 5.712776 81.325027  -0.986849 0.117306 0.111212  0.685201 0.985505
Roof_Dish001
0  -3.818668 10.054967 76.542336  -0.980136 0.161898 -0.114557  0.715502 0.954485
0  -4.563839 5.125013 77.833008  -0.992173 0.082535 -0.093707  0.681099 0.964885
0  -4.425256 5.712776 81.325027  -0.986849 0.117306 0.111212  0.685201 0.985505
Roof_Dish001
0  -4.563839 5.125013 77.833008  -0.992173 0.082535 -0.093707  0.681099 0.964885
0  -3.818668 10.054967 76.542336  -0.980136 0.161898 -0.114557  0.715502 0.954485
0  -3.577497 4.182042 72.928459  -0.963386 0.050453 -0.263330  0.674518 0.931803
Roof_Dish001
0  -3.818668 10.054967 76.542336  -0.980136 0.161898 -0.114557  0.715502 0.954485
0  -2.969434 8.204915 71.875267  -0.956142 0.099157 -0.275610  0.702592 0.923317
0  -3.577497 4.182042 72.928459  -0.963386 0.050453 -0.263330  0.674518 0.931803
Roof_Dish001
0  -2.969434 8.204915 71.875267  -0.956142 0.099157 -0.275610  0.702592 0.923317
0  -1.268535 5.927944 66.509781  -0.940323 0.075743 -0.331747  0.686702 0.884956
0  -3.577497 4.182042 72.928459  -0.963386 0.050453 -0.263330  0.674518 0.931803
Roof_Dish001
0  5.756244 -25.765181 59.958099  -0.825960 -0.414979 -0.381554  0.465536 0.820851
0  8.318752 -26.274895 55.519711  -0.784706 -0.423063 -0.453050  0.461979 0.785087
0  7.078390 -28.720064 61.400131  -0.750634 -0.589736 -0.297926  0.444916 0.824952
Roof_Dish001
0  8.318752 -26.274895 55.519711  -0.784706 -0.423063 -0.453050  0.461979 0.785087
0  9.934777 -29.288235 56.452721  -0.692024 -0.601225 -0.399540  0.440951 0.785087
0  7.078390 -28.720064 61.400131  -0.750634 -0.589736 -0.297926  0.444916 0.824952
Roof_Dish001
0  9.934777 -29.288235 56.452721  -0.692024 -0.601225 -0.399540  0.440951 0.785087
0  8.318752 -26.274895 55.519711  -0.784706 -0.423063 -0.453050  0.461979 0.785087
0  12.791164 -28.720064 51.505314  -0.633328 -0.589737 -0.501105  0.444916 0.745221
Roof_Dish001
0  11.017308 -30.669142 57.077721  -0.642049 -0.671093 -0.370686  0.431314 0.785087
0  9.934777 -29.288235 56.452721  -0.692024 -0.601225 -0.399540  0.440951 0.785087
0  12.791164 -28.720064 51.505314  -0.633328 -0.589737 -0.501105  0.444916 0.745221
Roof_Dish001
0  9.934777 -29.288235 56.452721  -0.692024 -0.601225 -0.399540  0.440951 0.785087
0  11.017308 -30.669142 57.077721  -0.642049 -0.671093 -0.370686  0.431314 0.785087
0  7.078390 -28.720064 61.400131  -0.750634 -0.589736 -0.297926  0.444916 0.824952
Roof_Dish001
0  11.017308 -30.669142 57.077721  -0.642049 -0.671093 -0.370686  0.431314 0.785087
0  8.026245 -30.074183 62.258396  -0.707463 -0.658265 -0.257261  0.435466 0.826832
0  7.078390 -28.720064 61.400131  -0.750634 -0.589736 -0.297926  0.444916 0.824952
Roof_Dish001
0  8.026245 -30.074183 62.258396  -0.707463 -0.658265 -0.257261  0.435466 0.826832
0  5.149024 -28.334593 67.241890  -0.770455 -0.620010 -0.148277  0.447606 0.866989
0  7.078390 -28.720064 61.400131  -0.750634 -0.589736 -0.297926  0.444916 0.824952
Roof_Dish001
0  -1.730522 -17.035656 79.157616  -0.921019 -0.372877 0.112630  0.526454 0.963004
0  -3.149987 -11.736572 81.616196  -0.952052 -0.256817 0.166258  0.563433 0.982816
0  -2.239070 -16.268610 77.538445  -0.941958 -0.334059 0.033458  0.531806 0.954994
Roof_Dish001
0  0.174130 -21.686357 75.858658  -0.879315 -0.474536 0.040272  0.494000 0.936422
0  -1.730522 -17.035656 79.157616  -0.921019 -0.372877 0.112630  0.526454 0.963004
0  -2.239070 -16.268610 77.538445  -0.941958 -0.334059 0.033458  0.531806 0.954994
Roof_Dish001
0  -0.420178 -20.709909 74.388031  -0.904589 -0.425130 -0.031365  0.500814 0.929608
0  0.174130 -21.686357 75.858658  -0.879315 -0.474536 0.040272  0.494000 0.936422
0  -2.239070 -16.268610 77.538445  -0.941958 -0.334059 0.033458  0.531806 0.954994
Roof_Dish001
0  -2.602581 -14.594803 74.436012  -0.960588 -0.235067 -0.148370  0.543487 0.937513
0  -0.970827 -18.579157 71.609734  -0.934281 -0.299150 -0.193978  0.515683 0.914739
0  -2.239070 -16.268610 77.538445  -0.941958 -0.334059 0.033458  0.531806 0.954994
Roof_Dish001
0  -0.970827 -18.579157 71.609734  -0.934281 -0.299150 -0.193978  0.515683 0.914739
0  -0.420178 -20.709909 74.388031  -0.904589 -0.425130 -0.031365  0.500814 0.929608
0  -2.239070 -16.268610 77.538445  -0.941958 -0.334059 0.033458  0.531806 0.954994
Roof_Dish001
0  -0.420178 -20.709909 74.388031  -0.904589 -0.425130 -0.031365  0.500814 0.929608
0  -0.970827 -18.579157 71.609734  -0.934281 -0.299150 -0.193978  0.515683 0.914739
0  1.800472 -24.347694 70.541748  -0.858995 -0.499988 -0.110178  0.475428 0.898615
Roof_Dish001
0  0.174130 -21.686357 75.858658  -0.879315 -0.474536 0.040272  0.494000 0.936422
0  -0.420178 -20.709909 74.388031  -0.904589 -0.425130 -0.031365  0.500814 0.929608
0  1.800472 -24.347694 70.541748  -0.858995 -0.499988 -0.110178  0.475428 0.898615
Roof_Dish001
0  2.499481 -25.495661 71.831032  -0.828434 -0.558050 -0.047733  0.467417 0.903968
0  0.174130 -21.686357 75.858658  -0.879315 -0.474536 0.040272  0.494000 0.936422
0  1.800472 -24.347694 70.541748  -0.858995 -0.499988 -0.110178  0.475428 0.898615
Roof_Dish001
0  5.149024 -28.334593 67.241890  -0.770455 -0.620010 -0.148277  0.447606 0.866989
0  2.499481 -25.495661 71.831032  -0.828434 -0.558050 -0.047733  0.467417 0.903968
0  1.800472 -24.347694 70.541748  -0.858995 -0.499988 -0.110178  0.475428 0.898615
Roof_Dish001
0  4.330716 -27.058802 66.159241  -0.807062 -0.555460 -0.200286  0.456509 0.863301
0  5.149024 -28.334593 67.241890  -0.770455 -0.620010 -0.148277  0.447606 0.866989
0  1.800472 -24.347694 70.541748  -0.858995 -0.499988 -0.110178  0.475428 0.898615
Roof_Dish001
0  5.149024 -28.334593 67.241890  -0.770455 -0.620010 -0.148277  0.447606 0.866989
0  4.330716 -27.058802 66.159241  -0.807062 -0.555460 -0.200286  0.456509 0.863301
0  7.078390 -28.720064 61.400131  -0.750634 -0.589736 -0.297926  0.444916 0.824952
Roof_Dish001
0  4.330716 -27.058802 66.159241  -0.807062 -0.555460 -0.200286  0.456509 0.863301
0  3.291268 -24.274837 64.227570  -0.865656 -0.390859 -0.312842  0.475936 0.855254
0  7.078390 -28.720064 61.400131  -0.750634 -0.589736 -0.297926  0.444916 0.824952
Roof_Dish001
0  3.291268 -24.274837 64.227570  -0.865656 -0.390859 -0.312842  0.475936 0.855254
0  5.756244 -25.765181 59.958099  -0.825960 -0.414979 -0.381554  0.465536 0.820851
0  7.078390 -28.720064 61.400131  -0.750634 -0.589736 -0.297926  0.444916 0.824952
Roof_Dish001
0  5.756244 -25.765181 59.958099  -0.825960 -0.414979 -0.381554  0.465536 0.820851
0  3.291268 -24.274837 64.227570  -0.865656 -0.390859 -0.312842  0.475936 0.855254
0  4.843755 -21.024546 58.342426  -0.861792 -0.253642 -0.439296  0.498618 0.814270
Roof_Dish001
0  8.318752 -26.274895 55.519711  -0.784706 -0.423063 -0.453050  0.461979 0.785087
0  5.756244 -25.765181 59.958099  -0.825960 -0.414979 -0.381554  0.465536 0.820851
0  4.843755 -21.024546 58.342426  -0.861792 -0.253642 -0.439296  0.498618 0.814270
Roof_Dish001
0  6.934776 -21.440477 54.720673  -0.836493 -0.258918 -0.482950  0.495715 0.785087
0  8.318752 -26.274895 55.519711  -0.784706 -0.423063 -0.453050  0.461979 0.785087
0  4.843755 -21.024546 58.342426  -0.861792 -0.253642 -0.439296  0.498618 0.814270
Roof_Dish001
0  1.021350 -21.842667 68.159180  -0.902221 -0.351802 -0.249466  0.492909 0.886934
0  3.291268 -24.274837 64.227570  -0.865656 -0.390859 -0.312842  0.475936 0.855254
0  1.800472 -24.347694 70.541748  -0.858995 -0.499988 -0.110178  0.475428 0.898615
Roof_Dish001
0  3.291268 -24.274837 64.227570  -0.865656 -0.390859 -0.312842  0.475936 0.855254
0  4.330716 -27.058802 66.159241  -0.807062 -0.555460 -0.200286  0.456509 0.863301
0  1.800472 -24.347694 70.541748  -0.858995 -0.499988 -0.110178  0.475428 0.898615
Roof_Dish001
0  1.511677 -13.154531 61.738972  -0.903337 -0.160332 -0.397839  0.553538 0.846424
0  2.923155 -14.311323 59.249561  -0.886766 -0.182947 -0.424473  0.545465 0.826454
0  0.980053 -17.823750 65.034554  -0.908401 -0.214988 -0.358592  0.520954 0.868195
Roof_Dish001
0  2.923155 -14.311323 59.249561  -0.886766 -0.182947 -0.424473  0.545465 0.826454
0  2.832319 -19.808418 61.826336  -0.886025 -0.239429 -0.397030  0.507105 0.842343
0  0.980053 -17.823750 65.034554  -0.908401 -0.214988 -0.358592  0.520954 0.868195
Roof_Dish001
0  2.832319 -19.808418 61.826336  -0.886025 -0.239429 -0.397030  0.507105 0.842343
0  2.923155 -14.311323 59.249561  -0.886766 -0.182947 -0.424473  0.545465 0.826454
0  4.843755 -21.024546 58.342426  -0.861792 -0.253642 -0.439296  0.498618 0.814270
Roof_Dish001
0  3.291268 -24.274837 64.227570  -0.865656 -0.390859 -0.312842  0.475936 0.855254
0  2.832319 -19.808418 61.826336  -0.886025 -0.239429 -0.397030  0.507105 0.842343
0  4.843755 -21.024546 58.342426  -0.861792 -0.253642 -0.439296  0.498618 0.814270
Roof_Dish001
0  2.832319 -19.808418 61.826336  -0.886025 -0.239429 -0.397030  0.507105 0.842343
0  3.291268 -24.274837 64.227570  -0.865656 -0.390859 -0.312842  0.475936 0.855254
0  0.980053 -17.823750 65.034554  -0.908401 -0.214988 -0.358592  0.520954 0.868195
Roof_Dish001
0  3.291268 -24.274837 64.227570  -0.865656 -0.390859 -0.312842  0.475936 0.855254
0  1.021350 -21.842667 68.159180  -0.902221 -0.351802 -0.249466  0.492909 0.886934
0  0.980053 -17.823750 65.034554  -0.908401 -0.214988 -0.358592  0.520954 0.868195
Roof_Dish001
0  1.021350 -21.842667 68.159180  -0.902221 -0.351802 -0.249466  0.492909 0.886934
0  -0.970827 -18.579157 71.609734  -0.934281 -0.299150 -0.193978  0.515683 0.914739
0  0.980053 -17.823750 65.034554  -0.908401 -0.214988 -0.358592  0.520954 0.868195
Roof_Dish001
0  -0.970827 -18.579157 71.609734  -0.934281 -0.299150 -0.193978  0.515683 0.914739
0  1.021350 -21.842667 68.159180  -0.902221 -0.351802 -0.249466  0.492909 0.886934
0  1.800472 -24.347694 70.541748  -0.858995 -0.499988 -0.110178  0.475428 0.898615
Roof_Dish001
0  15.538836 -27.058802 46.746204  -0.576985 -0.555460 -0.598793  0.456509 0.706872
0  16.885595 -28.334593 46.913551  -0.513640 -0.620009 -0.593096  0.447606 0.703185
0  12.791164 -28.720064 51.505314  -0.633328 -0.589737 -0.501105  0.444916 0.745221
Roof_Dish001
0  16.885595 -28.334593 46.913551  -0.513640 -0.620009 -0.593096  0.447606 0.703185
0  14.008370 -30.074183 51.897049  -0.576525 -0.658266 -0.484050  0.435466 0.743341
0  12.791164 -28.720064 51.505314  -0.633328 -0.589737 -0.501105  0.444916 0.745221
Roof_Dish001
0  14.008370 -30.074183 51.897049  -0.576525 -0.658266 -0.484050  0.435466 0.743341
0  11.017308 -30.669142 57.077721  -0.642049 -0.671093 -0.370686  0.431314 0.785087
0  12.791164 -28.720064 51.505314  -0.633328 -0.589737 -0.501105  0.444916 0.745221
Roof_Dish001
0  19.535137 -25.495661 42.324413  -0.455555 -0.558051 -0.693576  0.467417 0.666206
0  16.885595 -28.334593 46.913551  -0.513640 -0.620009 -0.593096  0.447606 0.703185
0  18.069082 -24.347694 42.363693  -0.524952 -0.499955 -0.688818  0.475428 0.671558
Roof_Dish001
0  16.885595 -28.334593 46.913551  -0.513640 -0.620009 -0.593096  0.447606 0.703185
0  15.538836 -27.058802 46.746204  -0.576985 -0.555460 -0.598793  0.456509 0.706872
0  18.069082 -24.347694 42.363693  -0.524952 -0.499955 -0.688818  0.475428 0.671558
Roof_Dish001
0  15.538836 -27.058802 46.746204  -0.576985 -0.555460 -0.598793  0.456509 0.706872
0  13.346234 -24.274837 46.811852  -0.703757 -0.390859 -0.593258  0.475936 0.714919
0  18.069082 -24.347694 42.363693  -0.524952 -0.499955 -0.688818  0.475428 0.671558
Roof_Dish001
0  13.346234 -24.274837 46.811852  -0.703757 -0.390859 -0.593258  0.475936 0.714919
0  15.538836 -27.058802 46.746204  -0.576985 -0.555460 -0.598793  0.456509 0.706872
0  12.791164 -28.720064 51.505314  -0.633328 -0.589737 -0.501105  0.444916 0.745221
Roof_Dish001
0  10.881257 -25.765181 51.081318  -0.743416 -0.414979 -0.524524  0.465536 0.749322
0  13.346234 -24.274837 46.811852  -0.703757 -0.390859 -0.593258  0.475936 0.714919
0  12.791164 -28.720064 51.505314  -0.633328 -0.589737 -0.501105  0.444916 0.745221
Roof_Dish001
0  8.318752 -26.274895 55.519711  -0.784706 -0.423063 -0.453050  0.461979 0.785087
0  10.881257 -25.765181 51.081318  -0.743416 -0.414979 -0.524524  0.465536 0.749322
0  12.791164 -28.720064 51.505314  -0.633328 -0.589737 -0.501105  0.444916 0.745221
Roof_Dish001
0  10.881257 -25.765181 51.081318  -0.743416 -0.414979 -0.524524  0.465536 0.749322
0  8.318752 -26.274895 55.519711  -0.784706 -0.423063 -0.453050  0.461979 0.785087
0  9.025797 -21.024546 51.098915  -0.811370 -0.253548 -0.526681  0.498618 0.755903
Roof_Dish001
0  8.318752 -26.274895 55.519711  -0.784706 -0.423063 -0.453050  0.461979 0.785087
0  6.934776 -21.440477 54.720673  -0.836493 -0.258918 -0.482950  0.495715 0.785087
0  9.025797 -21.024546 51.098915  -0.811370 -0.253548 -0.526681  0.498618 0.755903
Roof_Dish001
0  6.934776 -21.440477 54.720673  -0.836493 -0.258918 -0.482950  0.495715 0.785087
0  5.887126 -15.490464 54.115810  -0.848876 -0.198021 -0.490099  0.537237 0.785087
0  9.025797 -21.024546 51.098915  -0.811370 -0.253548 -0.526681  0.498618 0.755903
Roof_Dish001
0  5.887126 -15.490464 54.115810  -0.848876 -0.198021 -0.490099  0.537237 0.785087
0  6.934776 -21.440477 54.720673  -0.836493 -0.258918 -0.482950  0.495715 0.785087
0  4.843755 -21.024546 58.342426  -0.861792 -0.253642 -0.439296  0.498618 0.814270
Roof_Dish001
0  4.363218 -15.516828 56.799953  -0.868582 -0.189124 -0.458037  0.537053 0.806625
0  5.887126 -15.490464 54.115810  -0.848876 -0.198021 -0.490099  0.537237 0.785087
0  4.843755 -21.024546 58.342426  -0.861792 -0.253642 -0.439296  0.498618 0.814270
Roof_Dish001
0  2.923155 -14.311323 59.249561  -0.886766 -0.182947 -0.424473  0.545465 0.826454
0  4.363218 -15.516828 56.799953  -0.868582 -0.189124 -0.458037  0.537053 0.806625
0  4.843755 -21.024546 58.342426  -0.861792 -0.253642 -0.439296  0.498618 0.814270
Roof_Dish001
0  3.041713 -9.238795 56.891857  -0.886454 -0.170242 -0.430369  0.580863 0.811792
0  4.363218 -15.516828 56.799953  -0.868582 -0.189124 -0.458037  0.537053 0.806625
0  2.923155 -14.311323 59.249561  -0.886766 -0.182947 -0.424473  0.545465 0.826454
Roof_Dish001
0  2.923155 -14.311323 59.249561  -0.886766 -0.182947 -0.424473  0.545465 0.826454
0  1.511677 -13.154531 61.738972  -0.903337 -0.160332 -0.397839  0.553538 0.846424
0  3.041713 -9.238795 56.891857  -0.886454 -0.170242 -0.430369  0.580863 0.811792
Roof_Dish001
0  1.511677 -13.154531 61.738972  -0.903337 -0.160332 -0.397839  0.553538 0.846424
0  1.419596 -7.071068 59.701447  -0.916362 -0.130365 -0.378530  0.595990 0.834431
0  3.041713 -9.238795 56.891857  -0.886454 -0.170242 -0.430369  0.580863 0.811792
Roof_Dish001
0  1.419596 -7.071068 59.701447  -0.916362 -0.130365 -0.378530  0.595990 0.834431
0  1.511677 -13.154531 61.738972  -0.903337 -0.160332 -0.397839  0.553538 0.846424
0  0.410420 -10.953412 63.601746  -0.918938 -0.140222 -0.368635  0.568898 0.861523
Roof_Dish001
0  0.410420 -10.953412 63.601746  -0.918938 -0.140222 -0.368635  0.568898 0.861523
0  1.511677 -13.154531 61.738972  -0.903337 -0.160332 -0.397839  0.553538 0.846424
0  0.980053 -17.823750 65.034554  -0.908401 -0.214988 -0.358592  0.520954 0.868195
Roof_Dish001
0  -0.645576 -15.160707 67.850227  -0.928052 -0.183184 -0.324289  0.539538 0.890883
0  0.410420 -10.953412 63.601746  -0.918938 -0.140222 -0.368635  0.568898 0.861523
0  0.980053 -17.823750 65.034554  -0.908401 -0.214988 -0.358592  0.520954 0.868195
Roof_Dish001
0  11.037232 -19.808418 47.615005  -0.786911 -0.239297 -0.568777  0.507105 0.727830
0  13.346234 -24.274837 46.811852  -0.703757 -0.390859 -0.593258  0.475936 0.714919
0  9.025797 -21.024546 51.098915  -0.811370 -0.253548 -0.526681  0.498618 0.755903
Roof_Dish001
0  13.346234 -24.274837 46.811852  -0.703757 -0.390859 -0.593258  0.475936 0.714919
0  10.881257 -25.765181 51.081318  -0.743416 -0.414979 -0.524524  0.465536 0.749322
0  9.025797 -21.024546 51.098915  -0.811370 -0.253548 -0.526681  0.498618 0.755903
Roof_Dish001
0  4.363218 -15.516828 56.799953  -0.868582 -0.189124 -0.458037  0.537053 0.806625
0  3.041713 -9.238795 56.891857  -0.886454 -0.170242 -0.430369  0.580863 0.811792
0  4.955130 -10.000000 53.577721  -0.851180 -0.184364 -0.491429  0.575551 0.785087
Roof_Dish001
0  5.887126 -15.490464 54.115810  -0.848876 -0.198021 -0.490099  0.537237 0.785087
0  4.363218 -15.516828 56.799953  -0.868582 -0.189124 -0.458037  0.537053 0.806625
0  4.955130 -10.000000 53.577721  -0.851180 -0.184364 -0.491429  0.575551 0.785087
Roof_Dish001
0  4.955130 -10.000000 53.577721  -0.851180 -0.184364 -0.491429  0.575551 0.785087
0  7.449708 -15.516828 51.453999  -0.830963 -0.189125 -0.523194  0.537053 0.763548
0  5.887126 -15.490464 54.115810  -0.848876 -0.198021 -0.490099  0.537237 0.785087
Roof_Dish001
0  5.887126 -15.490464 54.115810  -0.848876 -0.198021 -0.490099  0.537237 0.785087
0  7.449708 -15.516828 51.453999  -0.830963 -0.189125 -0.523194  0.537053 0.763548
0  9.025797 -21.024546 51.098915  -0.811370 -0.253548 -0.526681  0.498618 0.755903
Roof_Dish001
0  7.449708 -15.516828 51.453999  -0.830963 -0.189125 -0.523194  0.537053 0.763548
0  8.851098 -14.311323 48.982059  -0.810918 -0.183121 -0.555769  0.545465 0.743719
0  9.025797 -21.024546 51.098915  -0.811370 -0.253548 -0.526681  0.498618 0.755903
Roof_Dish001
0  8.851098 -14.311323 48.982059  -0.810918 -0.183121 -0.555769  0.545465 0.743719
0  11.037232 -19.808418 47.615005  -0.786911 -0.239297 -0.568777  0.507105 0.727830
0  9.025797 -21.024546 51.098915  -0.811370 -0.253548 -0.526681  0.498618 0.755903
Roof_Dish001
0  11.037232 -19.808418 47.615005  -0.786911 -0.239297 -0.568777  0.507105 0.727830
0  8.851098 -14.311323 48.982059  -0.810918 -0.183121 -0.555769  0.545465 0.743719
0  12.889501 -17.823750 44.406788  -0.764775 -0.214948 -0.607386  0.520954 0.701978
Roof_Dish001
0  13.346234 -24.274837 46.811852  -0.703757 -0.390859 -0.593258  0.475936 0.714919
0  11.037232 -19.808418 47.615005  -0.786911 -0.239297 -0.568777  0.507105 0.727830
0  12.889501 -17.823750 44.406788  -0.764775 -0.214948 -0.607386  0.520954 0.701978
Roof_Dish001
0  15.616152 -21.842667 42.880241  -0.667154 -0.351802 -0.656613  0.492909 0.683239
0  13.346234 -24.274837 46.811852  -0.703757 -0.390859 -0.593258  0.475936 0.714919
0  12.889501 -17.823750 44.406788  -0.764775 -0.214948 -0.607386  0.520954 0.701978
Roof_Dish001
0  13.346234 -24.274837 46.811852  -0.703757 -0.390859 -0.593258  0.475936 0.714919
0  15.616152 -21.842667 42.880241  -0.667154 -0.351802 -0.656613  0.492909 0.683239
0  18.069082 -24.347694 42.363693  -0.524952 -0.499955 -0.688818  0.475428 0.671558
Roof_Dish001
0  15.616152 -21.842667 42.880241  -0.667154 -0.351802 -0.656613  0.492909 0.683239
0  17.608328 -18.579157 39.429688  -0.635131 -0.299150 -0.712122  0.515683 0.655435
0  18.069082 -24.347694 42.363693  -0.524952 -0.499955 -0.688818  0.475428 0.671558
Roof_Dish001
0  17.608328 -18.579157 39.429688  -0.635131 -0.299150 -0.712122  0.515683 0.655435
0  20.289730 -20.709909 38.517414  -0.479418 -0.425159 -0.767723  0.500814 0.640565
0  18.069082 -24.347694 42.363693  -0.524952 -0.499955 -0.688818  0.475428 0.671558
Roof_Dish001
0  17.608328 -18.579157 39.429688  -0.635131 -0.299150 -0.712122  0.515683 0.655435
0  15.616152 -21.842667 42.880241  -0.667154 -0.351802 -0.656613  0.492909 0.683239
0  12.889501 -17.823750 44.406788  -0.764775 -0.214948 -0.607386  0.520954 0.701978
Roof_Dish001
0  14.515129 -15.160707 41.591114  -0.744868 -0.183184 -0.641573  0.539538 0.679290
0  17.608328 -18.579157 39.429688  -0.635131 -0.299150 -0.712122  0.515683 0.655435
0  12.889501 -17.823750 44.406788  -0.764775 -0.214948 -0.607386  0.520954 0.701978
Roof_Dish001
0  17.608328 -18.579157 39.429688  -0.635131 -0.299150 -0.712122  0.515683 0.655435
0  14.515129 -15.160707 41.591114  -0.744868 -0.183184 -0.641573  0.539538 0.679290
0  15.846651 -11.909448 39.284851  -0.729082 -0.143650 -0.669182  0.562226 0.660706
Roof_Dish001
0  14.515129 -15.160707 41.591114  -0.744868 -0.183184 -0.641573  0.539538 0.679290
0  11.363833 -10.953411 44.629879  -0.778865 -0.140021 -0.611362  0.568898 0.708650
0  15.846651 -11.909448 39.284851  -0.729082 -0.143650 -0.669182  0.562226 0.660706
Roof_Dish001
0  11.363833 -10.953411 44.629879  -0.778865 -0.140021 -0.611362  0.568898 0.708650
0  14.515129 -15.160707 41.591114  -0.744868 -0.183184 -0.641573  0.539538 0.679290
0  12.889501 -17.823750 44.406788  -0.764775 -0.214948 -0.607386  0.520954 0.701978
Roof_Dish001
0  10.301253 -13.154531 46.514980  -0.796207 -0.160332 -0.583393  0.553538 0.723750
0  11.363833 -10.953411 44.629879  -0.778865 -0.140021 -0.611362  0.568898 0.708650
0  12.889501 -17.823750 44.406788  -0.764775 -0.214948 -0.607386  0.520954 0.701978
Roof_Dish001
0  8.851098 -14.311323 48.982059  -0.810918 -0.183121 -0.555769  0.545465 0.743719
0  10.301253 -13.154531 46.514980  -0.796207 -0.160332 -0.583393  0.553538 0.723750
0  12.889501 -17.823750 44.406788  -0.764775 -0.214948 -0.607386  0.520954 0.701978
Roof_Dish001
0  6.868546 -9.238795 50.263588  -0.815904 -0.170330 -0.552530  0.580863 0.758382
0  10.301253 -13.154531 46.514980  -0.796207 -0.160332 -0.583393  0.553538 0.723750
0  8.851098 -14.311323 48.982059  -0.810918 -0.183121 -0.555769  0.545465 0.743719
Roof_Dish001
0  8.851098 -14.311323 48.982059  -0.810918 -0.183121 -0.555769  0.545465 0.743719
0  7.449708 -15.516828 51.453999  -0.830963 -0.189125 -0.523194  0.537053 0.763548
0  6.868546 -9.238795 50.263588  -0.815904 -0.170330 -0.552530  0.580863 0.758382
Roof_Dish001
0  7.449708 -15.516828 51.453999  -0.830963 -0.189125 -0.523194  0.537053 0.763548
0  4.955130 -10.000000 53.577721  -0.851180 -0.184364 -0.491429  0.575551 0.785087
0  6.868546 -9.238795 50.263588  -0.815904 -0.170330 -0.552530  0.580863 0.758382
Roof_Dish001
0  10.301253 -13.154531 46.514980  -0.796207 -0.160332 -0.583393  0.553538 0.723750
0  6.868546 -9.238795 50.263588  -0.815904 -0.170330 -0.552530  0.580863 0.758382
0  8.490663 -7.071067 47.453999  -0.785998 -0.130365 -0.604328  0.595990 0.735742
Roof_Dish001
0  11.363833 -10.953411 44.629879  -0.778865 -0.140021 -0.611362  0.568898 0.708650
0  10.301253 -13.154531 46.514980  -0.796207 -0.160332 -0.583393  0.553538 0.723750
0  8.490663 -7.071067 47.453999  -0.785998 -0.130365 -0.604328  0.595990 0.735742
Roof_Dish001
0  8.490663 -7.071067 47.453999  -0.785998 -0.130365 -0.604328  0.595990 0.735742
0  12.483729 -8.789576 42.734818  -0.769606 -0.107130 -0.629467  0.583998 0.693290
0  11.363833 -10.953411 44.629879  -0.778865 -0.140021 -0.611362  0.568898 0.708650
Roof_Dish001
0  11.363833 -10.953411 44.629879  -0.778865 -0.140021 -0.611362  0.568898 0.708650
0  12.483729 -8.789576 42.734818  -0.769606 -0.107130 -0.629467  0.583998 0.693290
0  15.846651 -11.909448 39.284851  -0.729082 -0.143650 -0.669182  0.562226 0.660706
Roof_Dish001
0  12.483729 -8.789576 42.734818  -0.769606 -0.107130 -0.629467  0.583998 0.693290
0  13.042787 -5.927944 41.721840  -0.757222 -0.075888 -0.648734  0.603967 0.685217
0  15.846651 -11.909448 39.284851  -0.729082 -0.143650 -0.669182  0.562226 0.660706
Roof_Dish001
0  13.042787 -5.927944 41.721840  -0.757222 -0.075888 -0.648734  0.603967 0.685217
0  16.838984 -8.204914 37.566078  -0.716756 -0.099157 -0.690238  0.588078 0.646856
0  15.846651 -11.909448 39.284851  -0.729082 -0.143650 -0.669182  0.562226 0.660706
Roof_Dish001
0  13.042787 -5.927944 41.721840  -0.757222 -0.075888 -0.648734  0.603967 0.685217
0  12.483729 -8.789576 42.734818  -0.769606 -0.107130 -0.629467  0.583998 0.693290
0  9.574527 -3.826833 45.576691  -0.765985 -0.070571 -0.638973  0.618630 0.720615
Roof_Dish001
0  12.483729 -8.789576 42.734818  -0.769606 -0.107130 -0.629467  0.583998 0.693290
0  8.490663 -7.071067 47.453999  -0.785998 -0.130365 -0.604328  0.595990 0.735742
0  9.574527 -3.826833 45.576691  -0.765985 -0.070571 -0.638973  0.618630 0.720615
Roof_Dish001
0  4.500001 0.750000 19.000000  0.000003 0.000000 1.000000  0.498575 0.451834
0  4.500001 -0.750000 19.000000  -0.000001 0.000000 1.000000  0.476548 0.451834
0  5.500001 0.750000 19.000000  0.000001 0.000000 1.000000  0.498575 0.437149
Roof_Dish001
0  4.500001 -0.750000 19.000000  -0.000001 0.000000 1.000000  0.476548 0.451834
0  5.500001 -0.750000 19.000000  -0.000003 0.000000 1.000000  0.476548 0.437149
0  5.500001 0.750000 19.000000  0.000001 0.000000 1.000000  0.498575 0.437149
Roof_Dish001
0  5.500001 0.750000 36.500000  -1.000000 0.000000 0.000000  0.517994 0.451999
0  5.500001 0.750000 19.000000  -1.000000 0.000000 0.000000  0.517994 0.256997
0  5.500001 -0.750000 36.533333  -1.000000 0.000000 0.000000  0.501311 0.451999
Roof_Dish001
0  5.500001 0.750000 19.000000  -1.000000 0.000000 0.000000  0.517994 0.256997
0  5.500001 -0.750000 19.000000  -1.000000 0.000000 0.000000  0.501311 0.256997
0  5.500001 -0.750000 36.533333  -1.000000 0.000000 0.000000  0.501311 0.451999
Roof_Dish001
0  4.000002 0.750001 44.500000  0.000000 0.000000 1.000000  0.002315 0.067374
0  4.000002 -0.750000 44.500000  0.000000 0.000000 1.000000  0.002315 0.054300
0  6.000002 0.750001 44.500000  0.000000 0.000000 1.000000  0.028577 0.067374
Roof_Dish001
0  4.000002 -0.750000 44.500000  0.000000 0.000000 1.000000  0.002315 0.054300
0  6.000002 -0.750000 44.500000  0.000000 0.000000 1.000000  0.028577 0.054300
0  6.000002 0.750001 44.500000  0.000000 0.000000 1.000000  0.028577 0.067374
Roof_Dish001
0  4.500001 0.750000 19.000000  1.000000 0.000000 0.000000  0.537818 0.256997
0  4.500001 0.750000 36.500000  1.000000 0.000000 0.000000  0.537818 0.451999
0  4.500001 -0.750000 19.000000  1.000000 0.000000 0.000000  0.521136 0.256997
Roof_Dish001
0  4.500001 0.750000 36.500000  1.000000 0.000000 0.000000  0.537818 0.451999
0  4.500001 -0.750000 36.533333  1.000000 0.000000 0.000000  0.521136 0.451999
0  4.500001 -0.750000 19.000000  1.000000 0.000000 0.000000  0.521136 0.256997
Roof_Dish001
0  4.500001 -0.750000 36.533333  0.000005 -0.022216 -0.999753  0.476548 0.435163
0  4.500001 0.750000 36.500000  -0.000001 -0.022216 -0.999753  0.498575 0.435163
0  5.500001 -0.750000 36.533333  0.000001 -0.022216 -0.999753  0.476548 0.420478
Roof_Dish001
0  4.500001 0.750000 36.500000  -0.000001 -0.022216 -0.999753  0.498575 0.435163
0  5.500001 0.750000 36.500000  -0.000005 -0.022216 -0.999753  0.498575 0.420478
0  5.500001 -0.750000 36.533333  0.000001 -0.022216 -0.999753  0.476548 0.420478
Roof_Dish001
0  4.750000 0.750000 15.000000  -1.000000 0.000000 0.000000  0.734479 0.497407
0  4.750000 4.000000 15.000000  -1.000000 0.000000 0.000000  0.762530 0.497407
0  4.750000 0.750000 0.250000  -1.000000 0.000000 0.000000  0.734479 0.370098
Roof_Dish001
0  4.750000 4.000000 15.000000  -1.000000 0.000000 0.000000  0.762530 0.497407
0  4.750000 8.000000 0.250000  -1.000000 0.000000 0.000000  0.797055 0.370098
0  4.750000 0.750000 0.250000  -1.000000 0.000000 0.000000  0.734479 0.370098
Roof_Dish001
0  5.250000 8.000000 0.250000  1.000000 0.000000 -0.000000  0.797055 0.241071
0  5.250000 4.000000 15.000000  1.000000 0.000000 -0.000000  0.762530 0.368380
0  5.250000 0.750000 0.250000  1.000000 0.000000 -0.000000  0.734479 0.241071
Roof_Dish001
0  5.250000 4.000000 15.000000  1.000000 0.000000 -0.000000  0.762530 0.368380
0  5.250000 0.750000 15.000000  1.000000 0.000000 0.000000  0.734479 0.368380
0  5.250000 0.750000 0.250000  1.000000 0.000000 -0.000000  0.734479 0.241071
Roof_Dish001
0  5.250000 0.750000 15.000000  0.000000 0.000000 1.000000  0.550263 0.426303
0  5.250000 4.000000 15.000000  0.000000 0.000000 1.000000  0.611055 0.426303
0  4.750000 0.750000 15.000000  0.000000 0.000000 1.000000  0.550263 0.435655
Roof_Dish001
0  5.250000 4.000000 15.000000  0.000000 0.000000 1.000000  0.611055 0.426303
0  4.750000 4.000000 15.000000  0.000000 0.000000 1.000000  0.611055 0.435655
0  4.750000 0.750000 15.000000  0.000000 0.000000 1.000000  0.550263 0.435655
Roof_Dish001
0  4.750000 4.000000 15.000000  0.000000 0.965140 0.261733  0.640631 0.503103
0  5.250000 4.000000 15.000000  0.000000 0.965140 0.261733  0.635996 0.503103
0  4.750000 8.000000 0.250000  0.000000 0.965140 0.261733  0.640631 0.366374
Roof_Dish001
0  5.250000 4.000000 15.000000  0.000000 0.965140 0.261733  0.635996 0.503103
0  5.250000 8.000000 0.250000  0.000000 0.965140 0.261733  0.635996 0.366374
0  4.750000 8.000000 0.250000  0.000000 0.965140 0.261733  0.640631 0.366374
Roof_Dish001
0  4.750000 -4.000000 15.000000  -1.000000 0.000000 -0.000000  0.693481 0.497407
0  4.750000 -0.750000 15.000000  -1.000000 0.000000 -0.000000  0.721532 0.497407
0  4.750000 -8.000000 0.250000  -1.000000 0.000000 -0.000000  0.658957 0.370098
Roof_Dish001
0  4.750000 -0.750000 15.000000  -1.000000 0.000000 -0.000000  0.721532 0.497407
0  4.750000 -0.750000 0.250000  -1.000000 0.000000 0.000000  0.721532 0.370098
0  4.750000 -8.000000 0.250000  -1.000000 0.000000 -0.000000  0.658957 0.370098
Roof_Dish001
0  5.250000 -4.000000 15.000000  1.000000 0.000000 0.000000  0.693481 0.368380
0  5.250000 -8.000000 0.250000  1.000000 0.000000 0.000000  0.658957 0.241071
0  5.250000 -0.750000 15.000000  1.000000 0.000000 0.000000  0.721532 0.368380
Roof_Dish001
0  5.250000 -8.000000 0.250000  1.000000 0.000000 0.000000  0.658957 0.241071
0  5.250000 -0.750000 0.250000  1.000000 0.000000 0.000000  0.721532 0.241071
0  5.250000 -0.750000 15.000000  1.000000 0.000000 0.000000  0.721532 0.368380
Roof_Dish001
0  5.250000 -4.000000 15.000000  0.000000 0.000000 1.000000  0.550263 0.416611
0  5.250000 -0.750000 15.000000  0.000000 0.000000 1.000000  0.611055 0.416611
0  4.750000 -4.000000 15.000000  0.000000 0.000000 1.000000  0.550263 0.425963
Roof_Dish001
0  5.250000 -0.750000 15.000000  0.000000 0.000000 1.000000  0.611055 0.416611
0  4.750000 -0.750000 15.000000  0.000000 0.000000 1.000000  0.611055 0.425963
0  4.750000 -4.000000 15.000000  0.000000 0.000000 1.000000  0.550263 0.425963
Roof_Dish001
0  5.250000 -4.000000 15.000000  0.000000 -0.965140 0.261733  0.646937 0.503103
0  4.750000 -4.000000 15.000000  0.000000 -0.965140 0.261733  0.651572 0.503103
0  5.250000 -8.000000 0.250000  0.000000 -0.965140 0.261733  0.646937 0.366374
Roof_Dish001
0  4.750000 -4.000000 15.000000  0.000000 -0.965140 0.261733  0.651572 0.503103
0  4.750000 -8.000000 0.250000  0.000000 -0.965140 0.261733  0.651572 0.366374
0  5.250000 -8.000000 0.250000  0.000000 -0.965140 0.261733  0.646937 0.366374
Roof_Dish001
0  3.000001 -0.250000 15.000000  0.000000 -1.000000 0.000000  0.176597 0.383415
0  2.000001 -0.250000 15.000000  0.000000 -1.000000 0.000000  0.176597 0.375919
0  3.000000 -0.250000 0.250000  0.000000 -1.000000 0.000000  0.066024 0.383415
Roof_Dish001
0  2.000001 -0.250000 15.000000  0.000000 -1.000000 0.000000  0.176597 0.375919
0  -4.000000 -0.250000 0.250000  0.000000 -1.000000 0.000000  0.066024 0.330940
0  3.000000 -0.250000 0.250000  0.000000 -1.000000 0.000000  0.066024 0.383415
Roof_Dish001
0  -4.000000 0.250000 0.250000  -0.000000 1.000000 -0.000000  0.368077 0.393765
0  2.000001 0.250000 15.000000  -0.000000 1.000000 -0.000000  0.257504 0.348786
0  3.000000 0.250000 0.250000  -0.000000 1.000000 -0.000000  0.368077 0.341290
Roof_Dish001
0  2.000001 0.250000 15.000000  -0.000000 1.000000 -0.000000  0.257504 0.348786
0  3.000001 0.250000 15.000000  -0.000000 1.000000 0.000000  0.257504 0.341290
0  3.000000 0.250000 0.250000  -0.000000 1.000000 -0.000000  0.368077 0.341290
Roof_Dish001
0  3.000001 0.250000 15.000000  -0.000002 0.000000 1.000000  0.597874 0.438346
0  2.000001 0.250000 15.000000  0.000000 0.000000 1.000000  0.610748 0.438346
0  3.000001 -0.250000 15.000000  -0.000001 0.000000 1.000000  0.597874 0.444783
Roof_Dish001
0  2.000001 0.250000 15.000000  0.000000 0.000000 1.000000  0.610748 0.438346
0  2.000001 -0.250000 15.000000  0.000001 0.000000 1.000000  0.610748 0.444783
0  3.000001 -0.250000 15.000000  -0.000001 0.000000 1.000000  0.597874 0.444783
Roof_Dish001
0  2.000001 -0.250000 15.000000  -0.926295 0.000000 0.376798  0.619948 0.503103
0  2.000001 0.250000 15.000000  -0.926295 0.000000 0.376798  0.624583 0.503103
0  -4.000000 -0.250000 0.250000  -0.926295 0.000000 0.376798  0.619948 0.366374
Roof_Dish001
0  2.000001 0.250000 15.000000  -0.926295 0.000000 0.376798  0.624583 0.503103
0  -4.000000 0.250000 0.250000  -0.926295 0.000000 0.376798  0.624583 0.366374
0  -4.000000 -0.250000 0.250000  -0.926295 0.000000 0.376798  0.619948 0.366374
Roof_Dish001
0  8.000001 -0.250000 15.000000  0.000000 -1.000000 0.000000  0.176597 0.450884
0  7.000000 -0.250000 15.000000  0.000000 -1.000000 0.000000  0.176597 0.443387
0  14.000000 -0.249999 0.249999  0.000000 -1.000000 0.000000  0.066024 0.495862
Roof_Dish001
0  7.000000 -0.250000 15.000000  0.000000 -1.000000 0.000000  0.176597 0.443387
0  7.000000 -0.250000 0.250000  0.000000 -1.000000 0.000000  0.066024 0.443387
0  14.000000 -0.249999 0.249999  0.000000 -1.000000 0.000000  0.066024 0.495862
Roof_Dish001
0  8.000001 0.250000 15.000000  -0.000000 1.000000 0.000000  0.257504 0.273821
0  14.000000 0.250001 0.249999  -0.000000 1.000000 0.000000  0.368077 0.228843
0  7.000000 0.250000 15.000000  -0.000000 1.000000 0.000000  0.257504 0.281318
Roof_Dish001
0  14.000000 0.250001 0.249999  -0.000000 1.000000 0.000000  0.368077 0.228843
0  7.000000 0.250000 0.250000  -0.000000 1.000000 0.000000  0.368077 0.281318
0  7.000000 0.250000 15.000000  -0.000000 1.000000 0.000000  0.257504 0.281318
Roof_Dish001
0  8.000001 0.250000 15.000000  0.000000 0.000000 1.000000  0.597874 0.444948
0  7.000000 0.250000 15.000000  0.000001 0.000000 1.000000  0.610748 0.444948
0  8.000001 -0.250000 15.000000  0.000001 0.000000 1.000000  0.597874 0.451385
Roof_Dish001
0  7.000000 0.250000 15.000000  0.000001 0.000000 1.000000  0.610748 0.444948
0  7.000000 -0.250000 15.000000  0.000002 0.000000 1.000000  0.610748 0.451385
0  8.000001 -0.250000 15.000000  0.000001 0.000000 1.000000  0.597874 0.451385
Roof_Dish001
0  8.000001 0.250000 15.000000  0.926295 0.000000 0.376798  0.632607 0.503103
0  8.000001 -0.250000 15.000000  0.926295 0.000000 0.376798  0.627972 0.503103
0  14.000000 0.250001 0.249999  0.926295 0.000000 0.376798  0.632607 0.366374
Roof_Dish001
0  8.000001 -0.250000 15.000000  0.926295 0.000000 0.376798  0.627972 0.503103
0  14.000000 -0.249999 0.249999  0.926295 0.000000 0.376798  0.627972 0.366374
0  14.000000 0.250001 0.249999  0.926295 0.000000 0.376798  0.632607 0.366374
Roof_Dish001
0  4.133977 -2.000000 44.000000  -1.000000 0.000000 0.000000  0.933002 0.247872
0  4.133977 2.000000 44.000000  -1.000000 0.000000 0.000000  0.933002 0.318628
0  4.133977 -2.000000 43.000000  -1.000000 0.000000 0.000000  0.919904 0.247872
Roof_Dish001
0  4.133977 2.000000 44.000000  -1.000000 0.000000 0.000000  0.933002 0.318628
0  4.133977 2.000000 43.000000  -1.000000 0.000000 0.000000  0.919904 0.318628
0  4.133977 -2.000000 43.000000  -1.000000 0.000000 0.000000  0.919904 0.247872
Roof_Dish001
0  5.000002 -2.000000 44.500000  -0.500000 0.000000 0.866025  0.946101 0.247872
0  5.000002 2.000000 44.500000  -0.500000 0.000000 0.866025  0.946101 0.318628
0  4.133977 -2.000000 44.000000  -0.500000 0.000000 0.866025  0.933002 0.247872
Roof_Dish001
0  5.000002 2.000000 44.500000  -0.500000 0.000000 0.866025  0.946101 0.318628
0  4.133977 2.000000 44.000000  -0.500000 0.000000 0.866025  0.933002 0.318628
0  4.133977 -2.000000 44.000000  -0.500000 0.000000 0.866025  0.933002 0.247872
Roof_Dish001
0  4.133977 -2.000000 43.000000  -0.500000 0.000000 -0.866025  0.998494 0.247872
0  4.133977 2.000000 43.000000  -0.500000 0.000000 -0.866025  0.998494 0.318628
0  5.000002 -2.000000 42.500000  -0.500000 0.000000 -0.866025  0.985396 0.247872
Roof_Dish001
0  4.133977 2.000000 43.000000  -0.500000 0.000000 -0.866025  0.998494 0.318628
0  5.000002 2.000000 42.500000  -0.500000 0.000000 -0.866025  0.985396 0.318628
0  5.000002 -2.000000 42.500000  -0.500000 0.000000 -0.866025  0.985396 0.247872
Roof_Dish001
0  5.866027 -2.000000 43.000000  1.000000 0.000000 0.000000  0.972297 0.247872
0  5.866027 2.000000 43.000000  1.000000 0.000000 0.000000  0.972297 0.318628
0  5.866027 -2.000000 44.000000  0.866020 0.000000 0.500010  0.959199 0.247872
Roof_Dish001
0  5.866027 2.000000 43.000000  1.000000 0.000000 0.000000  0.972297 0.318628
0  5.866027 2.000000 44.000000  0.866031 0.000000 0.499990  0.959199 0.318628
0  5.866027 -2.000000 44.000000  0.866020 0.000000 0.500010  0.959199 0.247872
Roof_Dish001
0  5.866027 -2.000000 44.000000  0.866020 0.000000 0.500010  0.959199 0.247872
0  5.866027 2.000000 44.000000  0.866031 0.000000 0.499990  0.959199 0.318628
0  5.000002 -2.000000 44.500000  0.500000 0.000000 0.866025  0.946101 0.247872
Roof_Dish001
0  5.866027 2.000000 44.000000  0.866031 0.000000 0.499990  0.959199 0.318628
0  5.000002 2.000000 44.500000  0.500000 0.000000 0.866025  0.946101 0.318628
0  5.000002 -2.000000 44.500000  0.500000 0.000000 0.866025  0.946101 0.247872
Roof_Dish001
0  5.000002 -2.000000 42.500000  0.500000 0.000000 -0.866025  0.985396 0.247872
0  5.000002 2.000000 42.500000  0.500000 0.000000 -0.866025  0.985396 0.318628
0  5.866027 -2.000000 43.000000  0.500000 0.000000 -0.866025  0.972297 0.247872
Roof_Dish001
0  5.000002 2.000000 42.500000  0.500000 0.000000 -0.866025  0.985396 0.318628
0  5.866027 2.000000 43.000000  0.500000 0.000000 -0.866025  0.972297 0.318628
0  5.866027 -2.000000 43.000000  0.500000 0.000000 -0.866025  0.972297 0.247872
Roof_Dish001
0  5.866027 2.000000 44.000000  0.000000 1.000000 0.000000  0.912123 0.460891
0  5.866027 2.000000 43.000000  0.000000 1.000000 0.000000  0.918509 0.449832
0  5.000002 2.000000 44.500000  0.000000 1.000000 0.000000  0.918509 0.471951
Roof_Dish001
0  5.866027 2.000000 43.000000  0.000000 1.000000 0.000000  0.918509 0.449832
0  5.000002 2.000000 42.500000  0.000000 1.000000 0.000000  0.931280 0.449832
0  5.000002 2.000000 44.500000  0.000000 1.000000 0.000000  0.918509 0.471951
Roof_Dish001
0  5.000002 2.000000 42.500000  0.000000 1.000000 0.000000  0.931280 0.449832
0  4.133977 2.000000 43.000000  0.000000 1.000000 0.000000  0.937665 0.460891
0  5.000002 2.000000 44.500000  0.000000 1.000000 0.000000  0.918509 0.471951
Roof_Dish001
0  4.133977 2.000000 43.000000  0.000000 1.000000 0.000000  0.937665 0.460891
0  4.133977 2.000000 44.000000  0.000000 1.000000 0.000000  0.931280 0.471951
0  5.000002 2.000000 44.500000  0.000000 1.000000 0.000000  0.918509 0.471951
Roof_Dish001
0  22.112000 -21.673464 38.456882  0.467668 0.433343 0.770390  0.063570 0.633751
0  24.015518 -17.025526 35.159893  0.429482 0.340516 0.836417  0.096025 0.607169
0  22.174593 -16.085054 35.722290  0.476253 0.315769 0.820654  0.102591 0.616997
Roof_Dish001
0  24.015518 -17.025526 35.159893  0.429482 0.340516 0.836417  0.096025 0.607169
0  25.434139 -11.729594 32.702766  0.401246 0.234523 0.885438  0.133004 0.587358
0  22.174593 -16.085054 35.722290  0.476253 0.315769 0.820654  0.102591 0.616997
Roof_Dish001
0  25.434139 -11.729594 32.702766  0.401246 0.234523 0.885438  0.133004 0.587358
0  23.514853 -11.081664 33.400894  0.450034 0.217490 0.866122  0.137528 0.598280
0  22.174593 -16.085054 35.722290  0.476253 0.315769 0.820654  0.102591 0.616997
Roof_Dish001
0  23.514853 -11.081664 33.400894  0.450034 0.217490 0.866122  0.137528 0.598280
0  25.434139 -11.729594 32.702766  0.401246 0.234523 0.885438  0.133004 0.587358
0  24.336113 -5.648320 31.978430  0.433779 0.110891 0.894169  0.175466 0.586811
Roof_Dish001
0  20.559042 -9.941520 34.872730  0.591883 0.160746 0.789833  0.145489 0.617500
0  23.514853 -11.081664 33.400894  0.450034 0.217490 0.866122  0.137528 0.598280
0  24.336113 -5.648320 31.978430  0.433779 0.110891 0.894169  0.175466 0.586811
Roof_Dish001
0  21.295805 -5.067189 33.596619  0.579880 0.081958 0.810569  0.179524 0.607211
0  20.559042 -9.941520 34.872730  0.591883 0.160746 0.789833  0.145489 0.617500
0  24.336113 -5.648320 31.978430  0.433779 0.110891 0.894169  0.175466 0.586811
Roof_Dish001
0  20.559042 -9.941520 34.872730  0.591883 0.160746 0.789833  0.145489 0.617500
0  21.295805 -5.067189 33.596619  0.579880 0.081958 0.810569  0.179524 0.607211
0  17.590675 -4.134857 36.869713  0.708354 0.050828 0.704025  0.186034 0.639939
Roof_Dish001
0  21.295805 -5.067189 33.596619  0.579880 0.081958 0.810569  0.179524 0.607211
0  21.547787 0.000001 33.160175  0.575933 0.000000 0.817497  0.214905 0.603692
0  17.590675 -4.134857 36.869713  0.708354 0.050828 0.704025  0.186034 0.639939
Roof_Dish001
0  21.547787 0.000001 33.160175  0.575933 0.000000 0.817497  0.214905 0.603692
0  21.295805 -5.067189 33.596619  0.579880 0.081958 0.810569  0.179524 0.607211
0  24.336113 -5.648320 31.978430  0.433779 0.110891 0.894169  0.175466 0.586811
Roof_Dish001
0  24.616993 0.000001 31.491930  0.428404 0.000001 0.903587  0.214905 0.582889
0  21.547787 0.000001 33.160175  0.575933 0.000000 0.817497  0.214905 0.603692
0  24.336113 -5.648320 31.978430  0.433779 0.110891 0.894169  0.175466 0.586811
Roof_Dish001
0  26.600721 0.000001 30.682186  0.377921 -0.000000 0.925838  0.214905 0.571066
0  24.616993 0.000001 31.491930  0.428404 0.000001 0.903587  0.214905 0.582889
0  24.336113 -5.648320 31.978430  0.433779 0.110891 0.894169  0.175466 0.586811
Roof_Dish001
0  24.616993 0.000001 31.491930  0.428404 0.000001 0.903587  0.214905 0.582889
0  26.600721 0.000001 30.682186  0.377921 -0.000000 0.925838  0.214905 0.571066
0  24.336113 5.648322 31.978430  0.433779 -0.110891 0.894169  0.254345 0.586811
Roof_Dish001
0  26.600721 0.000001 30.682186  0.377921 -0.000000 0.925838  0.214905 0.571066
0  26.303417 5.978571 31.197130  0.383726 -0.119573 0.915673  0.256651 0.575218
0  24.336113 5.648322 31.978430  0.433779 -0.110891 0.894169  0.254345 0.586811
Roof_Dish001
0  26.303417 5.978571 31.197130  0.383726 -0.119573 0.915673  0.256651 0.575218
0  25.434139 11.729596 32.702766  0.401246 -0.234523 0.885438  0.296807 0.587358
0  24.336113 5.648322 31.978430  0.433779 -0.110891 0.894169  0.254345 0.586811
Roof_Dish001
0  25.434139 11.729596 32.702766  0.401246 -0.234523 0.885438  0.296807 0.587358
0  23.514853 11.081666 33.400894  0.450034 -0.217490 0.866122  0.292283 0.598280
0  24.336113 5.648322 31.978430  0.433779 -0.110891 0.894169  0.254345 0.586811
Roof_Dish001
0  25.434139 -11.729594 32.702766  0.401246 0.234523 0.885438  0.133004 0.587358
0  26.303417 -5.978569 31.197130  0.383725 0.119573 0.915673  0.173160 0.575218
0  24.336113 -5.648320 31.978430  0.433779 0.110891 0.894169  0.175466 0.586811
Roof_Dish001
0  26.303417 -5.978569 31.197130  0.383725 0.119573 0.915673  0.173160 0.575218
0  26.600721 0.000001 30.682186  0.377921 -0.000000 0.925838  0.214905 0.571066
0  24.336113 -5.648320 31.978430  0.433779 0.110891 0.894169  0.175466 0.586811
Roof_Dish001
0  -2.940083 0.281250 84.815132  0.456097 0.692715 0.558679  0.910880 0.991190
0  -2.858893 -0.000000 84.862007  0.632402 0.000112 0.774640  0.908467 0.990840
0  21.249983 -0.000963 65.180229  0.632365 -0.001180 0.774670  0.908459 0.662289
Roof_Dish001
0  21.168932 0.281090 65.133438  0.456603 0.691881 0.559298  0.910810 0.662639
0  -2.940083 0.281250 84.815132  0.456097 0.692715 0.558679  0.910880 0.991190
0  21.249983 -0.000963 65.180229  0.632365 -0.001180 0.774670  0.908459 0.662289
Roof_Dish001
0  -3.183653 0.375000 84.674507  -0.000001 1.000000 -0.000010  0.913077 0.992242
0  -2.940083 0.281250 84.815132  0.456097 0.692715 0.558679  0.910880 0.991190
0  21.168932 0.281090 65.133438  0.456603 0.691881 0.559298  0.910810 0.662639
Roof_Dish001
0  20.925364 0.375162 64.992813  0.000769 0.999999 0.000984  0.912981 0.663691
0  -3.183653 0.375000 84.674507  -0.000001 1.000000 -0.000010  0.913077 0.992242
0  21.168932 0.281090 65.133438  0.456603 0.691881 0.559298  0.910810 0.662639
Roof_Dish001
0  -3.183653 0.375000 84.674507  -0.000001 1.000000 -0.000010  0.913077 0.992242
0  20.925364 0.375162 64.992813  0.000769 0.999999 0.000984  0.912981 0.663691
0  -3.427223 0.281250 84.533882  -0.456111 0.692693 -0.558695  0.915248 0.993294
Roof_Dish001
0  20.925364 0.375162 64.992813  0.000769 0.999999 0.000984  0.912981 0.663691
0  20.681515 0.281733 64.852028  -0.455547 0.693672 -0.557939  0.915179 0.664745
0  -3.427223 0.281250 84.533882  -0.456111 0.692693 -0.558695  0.915248 0.993294
Roof_Dish001
0  -3.427223 0.281250 84.533882  -0.456111 0.692693 -0.558695  0.915248 0.993294
0  20.681515 0.281733 64.852028  -0.455547 0.693672 -0.557939  0.915179 0.664745
0  -3.508413 -0.000000 84.487007  -0.632405 0.000002 -0.774638  0.917594 0.993645
Roof_Dish001
0  20.681515 0.281733 64.852028  -0.455547 0.693672 -0.557939  0.915179 0.664745
0  20.600046 0.000483 64.804993  -0.632413 0.001208 -0.774631  0.917590 0.665096
0  -3.508413 -0.000000 84.487007  -0.632405 0.000002 -0.774638  0.917594 0.993645
Roof_Dish001
0  -3.508413 -0.000000 84.487007  -0.632405 0.000002 -0.774638  0.917594 0.993645
0  20.600046 0.000483 64.804993  -0.632413 0.001208 -0.774631  0.917590 0.665096
0  -3.427223 -0.281250 84.533882  -0.456111 -0.692686 -0.558703  0.919940 0.993294
Roof_Dish001
0  20.600046 0.000483 64.804993  -0.632413 0.001208 -0.774631  0.917590 0.665096
0  20.680958 -0.281089 64.851707  -0.456631 -0.691809 -0.559364  0.920004 0.664747
0  -3.427223 -0.281250 84.533882  -0.456111 -0.692686 -0.558703  0.919940 0.993294
Roof_Dish001
0  -3.183653 -0.375000 84.674507  -0.000009 -1.000000 -0.000020  0.922111 0.992242
0  -3.427223 -0.281250 84.533882  -0.456111 -0.692686 -0.558703  0.919940 0.993294
0  20.680958 -0.281089 64.851707  -0.456631 -0.691809 -0.559364  0.920004 0.664747
Roof_Dish001
0  20.924528 -0.375160 64.992332  -0.000814 -0.999999 -0.000985  0.922201 0.663695
0  -3.183653 -0.375000 84.674507  -0.000009 -1.000000 -0.000020  0.922111 0.992242
0  20.680958 -0.281089 64.851707  -0.456631 -0.691809 -0.559364  0.920004 0.664747
Roof_Dish001
0  -3.183653 -0.375000 84.674507  -0.000009 -1.000000 -0.000020  0.922111 0.992242
0  20.924528 -0.375160 64.992332  -0.000814 -0.999999 -0.000985  0.922201 0.663695
0  -2.940083 -0.281250 84.815132  0.456094 -0.692723 0.558671  0.924309 0.991190
Roof_Dish001
0  20.924528 -0.375160 64.992332  -0.000814 -0.999999 -0.000985  0.922201 0.663695
0  21.168375 -0.281731 65.133118  0.455842 -0.693088 0.558424  0.924372 0.662642
0  -2.940083 -0.281250 84.815132  0.456094 -0.692723 0.558671  0.924309 0.991190
Roof_Dish001
0  -2.940083 -0.281250 84.815132  0.456094 -0.692723 0.558671  0.924309 0.991190
0  21.168375 -0.281731 65.133118  0.455842 -0.693088 0.558424  0.924372 0.662642
0  -2.858893 -0.000000 84.862007  0.632417 -0.000116 0.774628  0.926721 0.990840
Roof_Dish001
0  21.168375 -0.281731 65.133118  0.455842 -0.693088 0.558424  0.924372 0.662642
0  21.249704 0.000001 65.180069  0.632405 -0.000102 0.774638  0.926721 0.662290
0  -2.858893 -0.000000 84.862007  0.632417 -0.000116 0.774628  0.926721 0.990840
Roof_Dish001
0  -3.749998 0.250000 45.250000  0.756295 0.654143 0.010717  0.488586 0.525441
0  -2.999998 0.250000 48.750000  0.742429 0.651509 -0.155998  0.488676 0.603624
0  -3.534408 -0.000000 45.162525  0.756302 0.654136 0.010679  0.483388 0.526374
Roof_Dish001
0  -2.999998 0.250000 48.750000  0.742429 0.651509 -0.155998  0.488676 0.603624
0  -2.834592 -0.000000 48.562542  0.742450 0.651486 -0.155996  0.483388 0.602446
0  -3.534408 -0.000000 45.162525  0.756302 0.654136 0.010679  0.483388 0.526374
Roof_Dish001
0  -0.266176 -0.000000 33.475388  -0.655419 0.691974 -0.302649  0.411283 0.525908
0  -1.986336 -0.000000 37.458332  -0.686429 0.684592 -0.245254  0.411283 0.604801
0  -0.027777 0.250000 33.537037  -0.655421 0.691976 -0.302641  0.406233 0.525208
Roof_Dish001
0  -1.986336 -0.000000 37.458332  -0.686429 0.684592 -0.245254  0.411283 0.604801
0  -1.749998 0.250000 37.500000  -0.686442 0.684593 -0.245214  0.406223 0.603782
0  -0.027777 0.250000 33.537037  -0.655421 0.691976 -0.302641  0.406233 0.525208
Roof_Dish001
0  -2.777776 0.250000 41.064816  0.728143 0.658141 0.191465  0.465561 0.524973
0  -3.749998 0.250000 45.250000  0.756331 0.654099 0.010870  0.465460 0.603512
0  -2.544260 -0.000000 41.055431  0.728140 0.658150 0.191442  0.459447 0.525439
Roof_Dish001
0  -3.749998 0.250000 45.250000  0.756331 0.654099 0.010870  0.465460 0.603512
0  -3.534408 -0.000000 45.162525  0.756324 0.654108 0.010860  0.459447 0.602223
0  -2.544260 -0.000000 41.055431  0.728140 0.658150 0.191442  0.459447 0.525439
Roof_Dish001
0  -0.027777 0.250000 33.537037  0.655168 0.691891 0.303384  0.406233 0.525208
0  -1.749998 0.250000 37.500000  0.685838 0.684310 0.247682  0.406223 0.603782
0  0.210623 0.000000 33.598686  0.655172 0.691894 0.303368  0.401184 0.524507
Roof_Dish001
0  -1.749998 0.250000 37.500000  0.685838 0.684310 0.247682  0.406223 0.603782
0  -1.513660 -0.000000 37.541668  0.685853 0.684306 0.247651  0.401184 0.602764
0  0.210623 0.000000 33.598686  0.655172 0.691894 0.303368  0.401184 0.524507
Roof_Dish001
0  -3.534408 -0.000000 45.162525  0.756290 -0.654149 0.010694  0.483388 0.526374
0  -2.834592 -0.000000 48.562542  0.742423 -0.651518 -0.155991  0.483388 0.602446
0  -3.749998 -0.250000 45.250000  0.756308 -0.654128 0.010713  0.478190 0.525441
Roof_Dish001
0  -2.834592 -0.000000 48.562542  0.742423 -0.651518 -0.155991  0.483388 0.602446
0  -2.999998 -0.250000 48.750000  0.742435 -0.651502 -0.155999  0.478099 0.603624
0  -3.749998 -0.250000 45.250000  0.756308 -0.654128 0.010713  0.478190 0.525441
Roof_Dish001
0  2.992780 0.000000 27.930647  0.682755 -0.705115 0.191462  0.400541 0.524507
0  0.210623 0.000000 33.598686  0.655175 -0.691887 0.303380  0.400541 0.604511
0  2.750001 -0.250000 27.879629  0.682740 -0.705120 0.191498  0.396762 0.524807
Roof_Dish001
0  0.210623 0.000000 33.598686  0.655175 -0.691887 0.303380  0.400541 0.604511
0  -0.027777 -0.250000 33.537037  0.655167 -0.691889 0.303390  0.396830 0.604656
0  2.750001 -0.250000 27.879629  0.682740 -0.705120 0.191498  0.396762 0.524807
Roof_Dish001
0  -1.513660 -0.000000 37.541668  0.685852 -0.684310 0.247641  0.446830 0.524507
0  -2.544260 -0.000000 41.055431  0.728147 -0.658144 0.191439  0.446830 0.601707
0  -1.749998 -0.250000 37.500000  0.685853 -0.684312 0.247635  0.440975 0.525036
Roof_Dish001
0  -2.544260 -0.000000 41.055431  0.728147 -0.658144 0.191439  0.446830 0.601707
0  -2.777776 -0.250000 41.064816  0.728130 -0.658155 0.191463  0.440895 0.603254
0  -1.749998 -0.250000 37.500000  0.685853 -0.684312 0.247635  0.440975 0.525036
Roof_Dish001
0  2.750001 -0.250000 27.879629  -0.682756 -0.705130 -0.191405  0.396762 0.524807
0  -0.027777 -0.250000 33.537037  -0.655422 -0.691974 -0.302646  0.396830 0.604656
0  2.507222 0.000000 27.828611  -0.682755 -0.705131 -0.191402  0.393040 0.525106
Roof_Dish001
0  -0.027777 -0.250000 33.537037  -0.655422 -0.691974 -0.302646  0.396830 0.604656
0  -0.266176 -0.000000 33.475388  -0.655415 -0.691976 -0.302655  0.393040 0.604801
0  2.507222 0.000000 27.828611  -0.682755 -0.705131 -0.191402  0.393040 0.525106
Roof_Dish001
0  -2.544260 -0.000000 41.055431  0.728136 -0.658156 0.191437  0.459447 0.525439
0  -3.534408 -0.000000 45.162525  0.756321 -0.654111 0.010842  0.459447 0.602223
0  -2.777776 -0.250000 41.064816  0.728142 -0.658142 0.191460  0.453334 0.524973
Roof_Dish001
0  -3.534408 -0.000000 45.162525  0.756321 -0.654111 0.010842  0.459447 0.602223
0  -3.749998 -0.250000 45.250000  0.756330 -0.654100 0.010839  0.453435 0.603512
0  -2.777776 -0.250000 41.064816  0.728142 -0.658142 0.191460  0.453334 0.524973
Roof_Dish001
0  2.507222 0.000000 27.828611  -0.682762 0.705127 -0.191398  0.393040 0.525106
0  -0.266176 -0.000000 33.475388  -0.655413 0.691976 -0.302660  0.393040 0.604801
0  2.750001 0.250000 27.879629  -0.682759 0.705134 -0.191378  0.389318 0.524807
Roof_Dish001
0  -0.266176 -0.000000 33.475388  -0.655413 0.691976 -0.302660  0.393040 0.604801
0  -0.027777 0.250000 33.537037  -0.655408 0.691979 -0.302665  0.389250 0.604656
0  2.750001 0.250000 27.879629  -0.682759 0.705134 -0.191378  0.389318 0.524807
Roof_Dish001
0  -1.749998 -0.250000 37.500000  -0.686437 -0.684598 -0.245212  0.440975 0.525036
0  -2.777776 -0.250000 41.064816  -0.728564 -0.659069 -0.186610  0.440895 0.603254
0  -1.986336 -0.000000 37.458332  -0.686445 -0.684596 -0.245197  0.435119 0.525565
Roof_Dish001
0  -2.777776 -0.250000 41.064816  -0.728564 -0.659069 -0.186610  0.440895 0.603254
0  -3.011291 -0.000000 41.074200  -0.728566 -0.659067 -0.186607  0.435119 0.604801
0  -1.986336 -0.000000 37.458332  -0.686445 -0.684596 -0.245197  0.435119 0.525565
Roof_Dish001
0  2.750001 0.250000 27.879629  0.682747 0.705126 0.191452  0.389318 0.524807
0  -0.027777 0.250000 33.537037  0.655166 0.691888 0.303396  0.389250 0.604656
0  2.992780 0.000000 27.930647  0.682745 0.705117 0.191490  0.385538 0.524507
Roof_Dish001
0  -0.027777 0.250000 33.537037  0.655166 0.691888 0.303396  0.389250 0.604656
0  0.210623 0.000000 33.598686  0.655161 0.691890 0.303401  0.385538 0.604511
0  2.992780 0.000000 27.930647  0.682745 0.705117 0.191490  0.385538 0.524507
Roof_Dish001
0  -3.965588 -0.000000 45.337475  -0.755180 0.655501 -0.004631  0.493965 0.524507
0  -3.165404 -0.000000 48.937458  -0.740094 0.652801 0.161588  0.493965 0.604801
0  -3.749998 0.250000 45.250000  -0.755191 0.655488 -0.004611  0.488586 0.525441
Roof_Dish001
0  -3.165404 -0.000000 48.937458  -0.740094 0.652801 0.161588  0.493965 0.604801
0  -2.999998 0.250000 48.750000  -0.740108 0.652786 0.161588  0.488676 0.603624
0  -3.749998 0.250000 45.250000  -0.755191 0.655488 -0.004611  0.488586 0.525441
Roof_Dish001
0  3.777521 0.000000 19.011353  0.707205 -0.704278 0.062081  0.383438 0.524507
0  2.992780 0.000000 27.930647  0.682773 -0.705131 0.191340  0.383438 0.604801
0  3.527779 -0.250000 19.000000  0.707155 -0.704325 0.062111  0.380958 0.524669
Roof_Dish001
0  2.992780 0.000000 27.930647  0.682773 -0.705131 0.191340  0.383438 0.604801
0  2.750001 -0.250000 27.879629  0.682777 -0.705130 0.191328  0.380929 0.604604
0  3.527779 -0.250000 19.000000  0.707155 -0.704325 0.062111  0.380958 0.524669
Roof_Dish001
0  -1.986336 -0.000000 37.458332  -0.686434 0.684596 -0.245229  0.435119 0.525565
0  -3.011291 -0.000000 41.074200  -0.728560 0.659070 -0.186619  0.435119 0.604801
0  -1.749998 0.250000 37.500000  -0.686441 0.684595 -0.245210  0.429263 0.525036
Roof_Dish001
0  -3.011291 -0.000000 41.074200  -0.728560 0.659070 -0.186619  0.435119 0.604801
0  -2.777776 0.250000 41.064816  -0.728575 0.659062 -0.186589  0.429343 0.603254
0  -1.749998 0.250000 37.500000  -0.686441 0.684595 -0.245210  0.429263 0.525036
Roof_Dish001
0  3.527779 -0.250000 19.000000  -0.707156 -0.704351 -0.061803  0.380958 0.524669
0  2.750001 -0.250000 27.879629  -0.682802 -0.705132 -0.191234  0.380929 0.604604
0  3.278037 0.000000 18.988647  -0.707143 -0.704364 -0.061803  0.378464 0.524830
Roof_Dish001
0  2.750001 -0.250000 27.879629  -0.682802 -0.705132 -0.191234  0.380929 0.604604
0  2.507222 0.000000 27.828611  -0.682794 -0.705137 -0.191241  0.378464 0.604406
0  3.278037 0.000000 18.988647  -0.707143 -0.704364 -0.061803  0.378464 0.524830
Roof_Dish001
0  -2.777776 -0.250000 41.064816  -0.728573 -0.659060 -0.186602  0.453334 0.524973
0  -3.749998 -0.250000 45.250000  -0.755212 -0.655463 -0.004789  0.453435 0.603512
0  -3.011291 -0.000000 41.074200  -0.728570 -0.659071 -0.186576  0.447220 0.524507
Roof_Dish001
0  -3.749998 -0.250000 45.250000  -0.755212 -0.655463 -0.004789  0.453435 0.603512
0  -3.965588 -0.000000 45.337475  -0.755218 -0.655457 -0.004769  0.447220 0.604801
0  -3.011291 -0.000000 41.074200  -0.728570 -0.659071 -0.186576  0.447220 0.524507
Roof_Dish001
0  3.278037 0.000000 18.988647  -0.707184 0.704323 -0.061803  0.378464 0.524830
0  2.507222 0.000000 27.828611  -0.682795 0.705139 -0.191232  0.378464 0.604406
0  3.527779 0.250000 19.000000  -0.707176 0.704332 -0.061802  0.375969 0.524669
Roof_Dish001
0  2.507222 0.000000 27.828611  -0.682795 0.705139 -0.191232  0.378464 0.604406
0  2.750001 0.250000 27.879629  -0.682803 0.705131 -0.191236  0.375998 0.604604
0  3.527779 0.250000 19.000000  -0.707176 0.704332 -0.061802  0.375969 0.524669
Roof_Dish001
0  -1.749998 0.250000 37.500000  0.685856 0.684314 0.247621  0.429263 0.525036
0  -2.777776 0.250000 41.064816  0.728142 0.658147 0.191445  0.429343 0.603254
0  -1.513660 -0.000000 37.541668  0.685851 0.684312 0.247640  0.423408 0.524507
Roof_Dish001
0  -2.777776 0.250000 41.064816  0.728142 0.658147 0.191445  0.429343 0.603254
0  -2.544260 -0.000000 41.055431  0.728139 0.658149 0.191449  0.423408 0.601707
0  -1.513660 -0.000000 37.541668  0.685851 0.684312 0.247640  0.423408 0.524507
Roof_Dish001
0  3.527779 0.250000 19.000000  0.707165 0.704318 0.062080  0.375969 0.524669
0  2.750001 0.250000 27.879629  0.682775 0.705130 0.191340  0.375998 0.604604
0  3.777521 0.000000 19.011353  0.707156 0.704327 0.062079  0.373490 0.524507
Roof_Dish001
0  2.750001 0.250000 27.879629  0.682775 0.705130 0.191340  0.375998 0.604604
0  2.992780 0.000000 27.930647  0.682779 0.705132 0.191318  0.373490 0.604801
0  3.777521 0.000000 19.011353  0.707156 0.704327 0.062079  0.373490 0.524507
Roof_Dish001
0  -3.749998 -0.250000 45.250000  -0.755181 -0.655500 -0.004629  0.478190 0.525441
0  -2.999998 -0.250000 48.750000  -0.740114 -0.652778 0.161594  0.478099 0.603624
0  -3.965588 -0.000000 45.337475  -0.755191 -0.655488 -0.004594  0.472810 0.524507
Roof_Dish001
0  -2.999998 -0.250000 48.750000  -0.740114 -0.652778 0.161594  0.478099 0.603624
0  -3.165404 -0.000000 48.937458  -0.740108 -0.652784 0.161595  0.472810 0.604801
0  -3.965588 -0.000000 45.337475  -0.755191 -0.655488 -0.004594  0.472810 0.524507
Roof_Dish001
0  11.727379 -11.095403 44.675816  0.797069 0.114896 0.592858  0.137432 0.707613
0  9.312589 -7.348588 47.608082  0.831952 0.061568 0.551421  0.163594 0.733775
0  8.512114 -8.600451 48.995705  0.838344 0.072880 0.540248  0.154853 0.744961
Roof_Dish001
0  10.526377 -13.006113 46.759464  0.809249 0.135361 0.571658  0.124090 0.724406
0  11.727379 -11.095403 44.675816  0.797069 0.114896 0.592858  0.137432 0.707613
0  8.512114 -8.600451 48.995705  0.838344 0.072880 0.540248  0.154853 0.744961
Roof_Dish001
0  9.182072 -14.496843 49.084415  0.823442 0.150076 0.547194  0.113681 0.743158
0  10.526377 -13.006113 46.759464  0.809249 0.135361 0.571658  0.124090 0.724406
0  8.512114 -8.600451 48.995705  0.838344 0.072880 0.540248  0.154853 0.744961
Roof_Dish001
0  10.526377 -13.006113 46.759464  0.809249 0.135361 0.571658  0.124090 0.724406
0  9.182072 -14.496843 49.084415  0.823442 0.150076 0.547194  0.113681 0.743158
0  13.084549 -17.622650 44.674557  0.763744 0.216625 0.608086  0.091855 0.702867
Roof_Dish001
0  11.727379 -11.095403 44.675816  0.797069 0.114896 0.592858  0.137432 0.707613
0  10.526377 -13.006113 46.759464  0.809249 0.135361 0.571658  0.124090 0.724406
0  13.084549 -17.622650 44.674557  0.763744 0.216625 0.608086  0.091855 0.702867
Roof_Dish001
0  14.691835 -14.989653 41.890652  0.744156 0.184043 0.642153  0.110240 0.680421
0  11.727379 -11.095403 44.675816  0.797069 0.114896 0.592858  0.137432 0.707613
0  13.084549 -17.622650 44.674557  0.763744 0.216625 0.608086  0.091855 0.702867
Roof_Dish001
0  11.727379 -11.095403 44.675816  0.797069 0.114896 0.592858  0.137432 0.707613
0  14.691835 -14.989653 41.890652  0.744156 0.184043 0.642153  0.110240 0.680421
0  16.008335 -11.775078 39.610409  0.727834 0.144720 0.670309  0.132686 0.662036
Roof_Dish001
0  14.691835 -14.989653 41.890652  0.744156 0.184043 0.642153  0.110240 0.680421
0  17.743332 -18.369535 39.749683  0.637379 0.297048 0.710992  0.086640 0.656821
0  16.008335 -11.775078 39.610409  0.727834 0.144720 0.670309  0.132686 0.662036
Roof_Dish001
0  20.376223 -20.476248 38.837162  0.511633 0.401869 0.759429  0.071930 0.642111
0  17.743332 -18.369535 39.749683  0.637379 0.297048 0.710992  0.086640 0.656821
0  18.180630 -24.072989 42.640045  0.554626 0.472612 0.684856  0.046816 0.672773
Roof_Dish001
0  17.743332 -18.369535 39.749683  0.637379 0.297048 0.710992  0.086640 0.656821
0  15.773633 -21.596222 43.161304  0.669198 0.349305 0.655866  0.064110 0.684328
0  18.180630 -24.072989 42.640045  0.554626 0.472612 0.684856  0.046816 0.672773
Roof_Dish001
0  15.773633 -21.596222 43.161304  0.669198 0.349305 0.655866  0.064110 0.684328
0  13.529325 -24.000954 47.048557  0.705547 0.388074 0.592960  0.047319 0.715670
0  18.180630 -24.072989 42.640045  0.554626 0.472612 0.684856  0.046816 0.672773
Roof_Dish001
0  13.529325 -24.000954 47.048557  0.705547 0.388074 0.592960  0.047319 0.715670
0  15.773633 -21.596222 43.161304  0.669198 0.349305 0.655866  0.064110 0.684328
0  13.084549 -17.622650 44.674557  0.763744 0.216625 0.608086  0.091855 0.702867
Roof_Dish001
0  11.253181 -19.584927 47.846577  0.786337 0.240547 0.569044  0.078154 0.728442
0  13.529325 -24.000954 47.048557  0.705547 0.388074 0.592960  0.047319 0.715670
0  13.084549 -17.622650 44.674557  0.763744 0.216625 0.608086  0.091855 0.702867
Roof_Dish001
0  9.182072 -14.496843 49.084415  0.823442 0.150076 0.547194  0.113681 0.743158
0  11.253181 -19.584927 47.846577  0.786337 0.240547 0.569044  0.078154 0.728442
0  13.084549 -17.622650 44.674557  0.763744 0.216625 0.608086  0.091855 0.702867
Roof_Dish001
0  11.253181 -19.584927 47.846577  0.786337 0.240547 0.569044  0.078154 0.728442
0  9.182072 -14.496843 49.084415  0.823442 0.150076 0.547194  0.113681 0.743158
0  9.264439 -20.787334 51.291180  0.810704 0.255527 0.526750  0.069758 0.756215
Roof_Dish001
0  9.182072 -14.496843 49.084415  0.823442 0.150076 0.547194  0.113681 0.743158
0  7.707006 -15.341757 51.642757  0.838581 0.159715 0.520839  0.107782 0.763778
0  9.264439 -20.787334 51.291180  0.810704 0.255527 0.526750  0.069758 0.756215
Roof_Dish001
0  7.707006 -15.341757 51.642757  0.838581 0.159715 0.520839  0.107782 0.763778
0  6.179677 -15.691270 54.284714  0.854523 0.162441 0.493359  0.105341 0.785087
0  9.264439 -20.787334 51.291180  0.810704 0.255527 0.526750  0.069758 0.756215
Roof_Dish001
0  6.179677 -15.691270 54.284714  0.854523 0.162441 0.493359  0.105341 0.785087
0  7.707006 -15.341757 51.642757  0.838581 0.159715 0.520839  0.107782 0.763778
0  6.647770 -10.144923 52.224842  0.854159 0.085874 0.512873  0.144069 0.770996
Roof_Dish001
0  7.707006 -15.341757 51.642757  0.838581 0.159715 0.520839  0.107782 0.763778
0  9.182072 -14.496843 49.084415  0.823442 0.150076 0.547194  0.113681 0.743158
0  6.647770 -10.144923 52.224842  0.854159 0.085874 0.512873  0.144069 0.770996
Roof_Dish001
0  9.182072 -14.496843 49.084415  0.823442 0.150076 0.547194  0.113681 0.743158
0  7.626809 -9.601394 50.527943  0.846038 0.080574 0.526999  0.147864 0.757317
0  6.647770 -10.144923 52.224842  0.854159 0.085874 0.512873  0.144069 0.770996
Roof_Dish001
0  7.626809 -9.601394 50.527943  0.846038 0.080574 0.526999  0.147864 0.757317
0  9.182072 -14.496843 49.084415  0.823442 0.150076 0.547194  0.113681 0.743158
0  8.512114 -8.600451 48.995705  0.838344 0.072880 0.540248  0.154853 0.744961
Roof_Dish001
0  5.123015 0.000000 53.674652  0.866026 0.000000 0.500000  0.214905 0.785087
0  7.626809 -9.601394 50.527943  0.846038 0.080574 0.526999  0.147864 0.757317
0  8.512114 -8.600451 48.995705  0.838344 0.072880 0.540248  0.154853 0.744961
Roof_Dish001
0  5.123015 0.000000 53.674652  0.866026 0.000000 0.500000  0.214905 0.785087
0  8.512114 -8.600451 48.995705  0.838344 0.072880 0.540248  0.154853 0.744961
0  9.312589 -7.348588 47.608082  0.831952 0.061568 0.551421  0.163594 0.733775
Roof_Dish001
0  5.123015 0.000000 53.674652  0.866026 0.000000 0.500000  0.214905 0.785087
0  9.312589 -7.348588 47.608082  0.831952 0.061568 0.551421  0.163594 0.733775
0  9.939020 -5.746636 46.524227  0.826299 0.048644 0.561127  0.174780 0.725034
Roof_Dish001
0  9.312589 -7.348588 47.608082  0.831952 0.061568 0.551421  0.163594 0.733775
0  11.727379 -11.095403 44.675816  0.797069 0.114896 0.592858  0.137432 0.707613
0  9.939020 -5.746636 46.524227  0.826299 0.048644 0.561127  0.174780 0.725034
Roof_Dish001
0  11.727379 -11.095403 44.675816  0.797069 0.114896 0.592858  0.137432 0.707613
0  12.684229 -8.690406 43.021954  0.786765 0.090471 0.610586  0.154225 0.694271
0  9.939020 -5.746636 46.524227  0.826299 0.048644 0.561127  0.174780 0.725034
Roof_Dish001
0  12.684229 -8.690406 43.021954  0.786765 0.090471 0.610586  0.154225 0.694271
0  11.727379 -11.095403 44.675816  0.797069 0.114896 0.592858  0.137432 0.707613
0  16.008335 -11.775078 39.610409  0.727834 0.144720 0.670309  0.132686 0.662036
Roof_Dish001
0  13.428098 -6.004788 41.730080  0.779485 0.062163 0.623329  0.172977 0.683862
0  12.684229 -8.690406 43.021954  0.786765 0.090471 0.610586  0.154225 0.694271
0  16.008335 -11.775078 39.610409  0.727834 0.144720 0.670309  0.132686 0.662036
Roof_Dish001
0  16.989471 -8.112341 37.911030  0.715945 0.099604 0.691015  0.158261 0.648335
0  13.428098 -6.004788 41.730080  0.779485 0.062163 0.623329  0.172977 0.683862
0  16.008335 -11.775078 39.610409  0.727834 0.144720 0.670309  0.132686 0.662036
Roof_Dish001
0  15.773633 -21.596222 43.161304  0.669198 0.349305 0.655866  0.064110 0.684328
0  17.743332 -18.369535 39.749683  0.637379 0.297048 0.710992  0.086640 0.656821
0  13.084549 -17.622650 44.674557  0.763744 0.216625 0.608086  0.091855 0.702867
Roof_Dish001
0  17.743332 -18.369535 39.749683  0.637379 0.297048 0.710992  0.086640 0.656821
0  14.691835 -14.989653 41.890652  0.744156 0.184043 0.642153  0.110240 0.680421
0  13.084549 -17.622650 44.674557  0.763744 0.216625 0.608086  0.091855 0.702867
Roof_Dish001
0  12.684229 -8.690406 43.021954  0.786765 0.090471 0.610586  0.154225 0.694271
0  13.428098 -6.004788 41.730080  0.779485 0.062163 0.623329  0.172977 0.683862
0  9.939020 -5.746636 46.524227  0.826299 0.048644 0.561127  0.174780 0.725034
Roof_Dish001
0  5.123015 0.000000 53.674652  0.866026 0.000000 0.500000  0.214905 0.785087
0  10.711257 -2.017951 45.186676  0.819709 0.017100 0.572525  0.200815 0.714250
0  10.834531 0.000000 44.972000  0.819228 0.000001 0.573468  0.214905 0.712521
Roof_Dish001
0  5.123015 0.000000 53.674652  0.866026 0.000000 0.500000  0.214905 0.785087
0  10.438991 -3.977027 45.657097  0.822489 0.033339 0.567803  0.187136 0.718045
0  10.711257 -2.017951 45.186676  0.819709 0.017100 0.572525  0.200815 0.714250
Roof_Dish001
0  5.123015 0.000000 53.674652  0.866026 0.000000 0.500000  0.214905 0.785087
0  9.939020 -5.746636 46.524227  0.826299 0.048644 0.561127  0.174780 0.725034
0  10.438991 -3.977027 45.657097  0.822489 0.033339 0.567803  0.187136 0.718045
Roof_Dish001
0  13.428098 -6.004788 41.730080  0.779485 0.062163 0.623329  0.172977 0.683862
0  10.438991 -3.977027 45.657097  0.822489 0.033339 0.567803  0.187136 0.718045
0  9.939020 -5.746636 46.524227  0.826299 0.048644 0.561127  0.174780 0.725034
Roof_Dish001
0  10.438991 -3.977027 45.657097  0.822489 0.033339 0.567803  0.187136 0.718045
0  13.428098 -6.004788 41.730080  0.779485 0.062163 0.623329  0.172977 0.683862
0  10.711257 -2.017951 45.186676  0.819709 0.017100 0.572525  0.200815 0.714250
Roof_Dish001
0  23.514853 -11.081664 33.400894  0.450034 0.217490 0.866122  0.137528 0.598280
0  20.559042 -9.941520 34.872730  0.591883 0.160746 0.789833  0.145489 0.617500
0  22.174593 -16.085054 35.722290  0.476253 0.315769 0.820654  0.102591 0.616997
Roof_Dish001
0  20.559042 -9.941520 34.872730  0.591883 0.160746 0.789833  0.145489 0.617500
0  19.356676 -14.430134 36.955288  0.611245 0.233398 0.756244  0.114147 0.634291
0  22.174593 -16.085054 35.722290  0.476253 0.315769 0.820654  0.102591 0.616997
Roof_Dish001
0  5.123015 0.000000 53.674652  0.866026 0.000000 0.500000  0.214905 0.785087
0  10.438991 3.977028 45.657097  0.822490 -0.033339 0.567802  0.242675 0.718045
0  9.939020 5.746637 46.524227  0.826253 -0.048696 0.561191  0.255031 0.725034
Roof_Dish001
0  5.123015 0.000000 53.674652  0.866026 0.000000 0.500000  0.214905 0.785087
0  10.711257 2.017951 45.186676  0.819789 -0.017073 0.572411  0.228996 0.714250
0  10.438991 3.977028 45.657097  0.822490 -0.033339 0.567802  0.242675 0.718045
Roof_Dish001
0  5.123015 0.000000 53.674652  0.866026 0.000000 0.500000  0.214905 0.785087
0  10.834531 0.000000 44.972000  0.819228 0.000001 0.573468  0.214905 0.712521
0  10.711257 2.017951 45.186676  0.819789 -0.017073 0.572411  0.228996 0.714250
Roof_Dish001
0  10.834531 0.000000 44.972000  0.819228 0.000001 0.573468  0.214905 0.712521
0  14.025311 0.000001 40.695675  0.773303 -0.000000 0.634037  0.214905 0.675522
0  10.711257 2.017951 45.186676  0.819789 -0.017073 0.572411  0.228996 0.714250
Roof_Dish001
0  14.025311 0.000001 40.695675  0.773303 -0.000000 0.634037  0.214905 0.675522
0  10.834531 0.000000 44.972000  0.819228 0.000001 0.573468  0.214905 0.712521
0  10.711257 -2.017951 45.186676  0.819709 0.017100 0.572525  0.200815 0.714250
Roof_Dish001
0  13.852051 -3.051664 40.999229  0.774520 0.031797 0.631750  0.193597 0.677963
0  14.025311 0.000001 40.695675  0.773303 -0.000000 0.634037  0.214905 0.675522
0  10.711257 -2.017951 45.186676  0.819709 0.017100 0.572525  0.200815 0.714250
Roof_Dish001
0  13.428098 -6.004788 41.730080  0.779485 0.062163 0.623329  0.172977 0.683862
0  13.852051 -3.051664 40.999229  0.774520 0.031797 0.631750  0.193597 0.677963
0  10.711257 -2.017951 45.186676  0.819709 0.017100 0.572525  0.200815 0.714250
Roof_Dish001
0  13.852051 -3.051664 40.999229  0.774520 0.031797 0.631750  0.193597 0.677963
0  13.428098 -6.004788 41.730080  0.779485 0.062163 0.623329  0.172977 0.683862
0  17.590675 -4.134857 36.869713  0.708354 0.050828 0.704025  0.186034 0.639939
Roof_Dish001
0  13.428098 -6.004788 41.730080  0.779485 0.062163 0.623329  0.172977 0.683862
0  16.989471 -8.112341 37.911030  0.715945 0.099604 0.691015  0.158261 0.648335
0  17.590675 -4.134857 36.869713  0.708354 0.050828 0.704025  0.186034 0.639939
Roof_Dish001
0  16.989471 -8.112341 37.911030  0.715945 0.099604 0.691015  0.158261 0.648335
0  20.559042 -9.941520 34.872730  0.591883 0.160746 0.789833  0.145489 0.617500
0  17.590675 -4.134857 36.869713  0.708354 0.050828 0.704025  0.186034 0.639939
Roof_Dish001
0  20.559042 -9.941520 34.872730  0.591883 0.160746 0.789833  0.145489 0.617500
0  16.989471 -8.112341 37.911030  0.715945 0.099604 0.691015  0.158261 0.648335
0  16.008335 -11.775078 39.610409  0.727834 0.144720 0.670309  0.132686 0.662036
Roof_Dish001
0  19.356676 -14.430134 36.955288  0.611245 0.233398 0.756244  0.114147 0.634291
0  20.559042 -9.941520 34.872730  0.591883 0.160746 0.789833  0.145489 0.617500
0  16.008335 -11.775078 39.610409  0.727834 0.144720 0.670309  0.132686 0.662036
Roof_Dish001
0  17.743332 -18.369535 39.749683  0.637379 0.297048 0.710992  0.086640 0.656821
0  19.356676 -14.430134 36.955288  0.611245 0.233398 0.756244  0.114147 0.634291
0  16.008335 -11.775078 39.610409  0.727834 0.144720 0.670309  0.132686 0.662036
Roof_Dish001
0  19.356676 -14.430134 36.955288  0.611245 0.233398 0.756244  0.114147 0.634291
0  17.743332 -18.369535 39.749683  0.637379 0.297048 0.710992  0.086640 0.656821
0  22.174593 -16.085054 35.722290  0.476253 0.315769 0.820654  0.102591 0.616997
Roof_Dish001
0  17.743332 -18.369535 39.749683  0.637379 0.297048 0.710992  0.086640 0.656821
0  20.376223 -20.476248 38.837162  0.511633 0.401869 0.759429  0.071930 0.642111
0  22.174593 -16.085054 35.722290  0.476253 0.315769 0.820654  0.102591 0.616997
Roof_Dish001
0  20.376223 -20.476248 38.837162  0.511633 0.401869 0.759429  0.071930 0.642111
0  22.112000 -21.673464 38.456882  0.467668 0.433343 0.770390  0.063570 0.633751
0  22.174593 -16.085054 35.722290  0.476253 0.315769 0.820654  0.102591 0.616997
Roof_Dish001
0  22.112000 -21.673464 38.456882  0.467668 0.433343 0.770390  0.063570 0.633751
0  20.376223 -20.476248 38.837162  0.511633 0.401869 0.759429  0.071930 0.642111
0  18.180630 -24.072989 42.640045  0.554626 0.472612 0.684856  0.046816 0.672773
Roof_Dish001
0  19.788033 -25.480505 42.482117  0.514035 0.509617 0.689970  0.036988 0.666206
0  22.112000 -21.673464 38.456882  0.467668 0.433343 0.770390  0.063570 0.633751
0  18.180630 -24.072989 42.640045  0.554626 0.472612 0.684856  0.046816 0.672773
Roof_Dish001
0  14.025311 0.000001 40.695675  0.773303 -0.000000 0.634037  0.214905 0.675522
0  13.852051 -3.051664 40.999229  0.774520 0.031797 0.631750  0.193597 0.677963
0  17.590675 -4.134857 36.869713  0.708354 0.050828 0.704025  0.186034 0.639939
Roof_Dish001
0  14.025311 0.000001 40.695675  0.773303 -0.000000 0.634037  0.214905 0.675522
0  13.852051 3.051666 40.999229  0.774608 -0.031769 0.631643  0.236214 0.677963
0  10.711257 2.017951 45.186676  0.819789 -0.017073 0.572411  0.228996 0.714250
Roof_Dish001
0  21.547787 0.000001 33.160175  0.575933 0.000000 0.817497  0.214905 0.603692
0  17.796295 0.000001 36.513573  0.706039 -0.000000 0.708173  0.214905 0.637067
0  17.590675 -4.134857 36.869713  0.708354 0.050828 0.704025  0.186034 0.639939
Roof_Dish001
0  17.796295 0.000001 36.513573  0.706039 -0.000000 0.708173  0.214905 0.637067
0  14.025311 0.000001 40.695675  0.773303 -0.000000 0.634037  0.214905 0.675522
0  17.590675 -4.134857 36.869713  0.708354 0.050828 0.704025  0.186034 0.639939
Roof_Dish001
0  14.025311 0.000001 40.695675  0.773303 -0.000000 0.634037  0.214905 0.675522
0  17.796295 0.000001 36.513573  0.706039 -0.000000 0.708173  0.214905 0.637067
0  17.590675 4.134859 36.869713  0.708289 -0.050845 0.704089  0.243777 0.639939
Roof_Dish001
0  13.852051 3.051666 40.999229  0.774608 -0.031769 0.631643  0.236214 0.677963
0  14.025311 0.000001 40.695675  0.773303 -0.000000 0.634037  0.214905 0.675522
0  17.590675 4.134859 36.869713  0.708289 -0.050845 0.704089  0.243777 0.639939
Roof_Dish001
0  13.428098 6.004789 41.730080  0.779485 -0.062164 0.623329  0.256834 0.683862
0  13.852051 3.051666 40.999229  0.774608 -0.031769 0.631643  0.236214 0.677963
0  17.590675 4.134859 36.869713  0.708289 -0.050845 0.704089  0.243777 0.639939
Roof_Dish001
0  13.852051 3.051666 40.999229  0.774608 -0.031769 0.631643  0.236214 0.677963
0  13.428098 6.004789 41.730080  0.779485 -0.062164 0.623329  0.256834 0.683862
0  10.711257 2.017951 45.186676  0.819789 -0.017073 0.572411  0.228996 0.714250
Roof_Dish001
0  13.428098 6.004789 41.730080  0.779485 -0.062164 0.623329  0.256834 0.683862
0  10.438991 3.977028 45.657097  0.822490 -0.033339 0.567802  0.242675 0.718045
0  10.711257 2.017951 45.186676  0.819789 -0.017073 0.572411  0.228996 0.714250
Roof_Dish001
0  20.376223 20.476248 38.837162  0.511633 -0.401868 0.759430  0.357881 0.642111
0  17.743332 18.369535 39.749683  0.637410 -0.297020 0.710977  0.343171 0.656821
0  22.174593 16.085058 35.722290  0.476253 -0.315769 0.820654  0.327220 0.616997
Roof_Dish001
0  17.743332 18.369535 39.749683  0.637410 -0.297020 0.710977  0.343171 0.656821
0  19.356676 14.430136 36.955288  0.611245 -0.233398 0.756244  0.315664 0.634291
0  22.174593 16.085058 35.722290  0.476253 -0.315769 0.820654  0.327220 0.616997
Roof_Dish001
0  19.356676 14.430136 36.955288  0.611245 -0.233398 0.756244  0.315664 0.634291
0  20.559042 9.941522 34.872730  0.591882 -0.160745 0.789833  0.284322 0.617500
0  22.174593 16.085058 35.722290  0.476253 -0.315769 0.820654  0.327220 0.616997
Roof_Dish001
0  20.559042 9.941522 34.872730  0.591882 -0.160745 0.789833  0.284322 0.617500
0  19.356676 14.430136 36.955288  0.611245 -0.233398 0.756244  0.315664 0.634291
0  16.008335 11.775080 39.610409  0.727775 -0.144770 0.670362  0.297125 0.662036
Roof_Dish001
0  19.356676 14.430136 36.955288  0.611245 -0.233398 0.756244  0.315664 0.634291
0  17.743332 18.369535 39.749683  0.637410 -0.297020 0.710977  0.343171 0.656821
0  16.008335 11.775080 39.610409  0.727775 -0.144770 0.670362  0.297125 0.662036
Roof_Dish001
0  17.743332 18.369535 39.749683  0.637410 -0.297020 0.710977  0.343171 0.656821
0  14.691833 14.989655 41.890652  0.744156 -0.184043 0.642153  0.319571 0.680421
0  16.008335 11.775080 39.610409  0.727775 -0.144770 0.670362  0.297125 0.662036
Roof_Dish001
0  14.691833 14.989655 41.890652  0.744156 -0.184043 0.642153  0.319571 0.680421
0  17.743332 18.369535 39.749683  0.637410 -0.297020 0.710977  0.343171 0.656821
0  13.084547 17.622650 44.674557  0.763745 -0.216625 0.608085  0.337956 0.702867
Roof_Dish001
0  11.727377 11.095405 44.675816  0.797069 -0.114896 0.592858  0.292379 0.707613
0  14.691833 14.989655 41.890652  0.744156 -0.184043 0.642153  0.319571 0.680421
0  13.084547 17.622650 44.674557  0.763745 -0.216625 0.608085  0.337956 0.702867
Roof_Dish001
0  14.691833 14.989655 41.890652  0.744156 -0.184043 0.642153  0.319571 0.680421
0  11.727377 11.095405 44.675816  0.797069 -0.114896 0.592858  0.292379 0.707613
0  16.008335 11.775080 39.610409  0.727775 -0.144770 0.670362  0.297125 0.662036
Roof_Dish001
0  11.727377 11.095405 44.675816  0.797069 -0.114896 0.592858  0.292379 0.707613
0  12.684229 8.690408 43.021954  0.786792 -0.090446 0.610556  0.275586 0.694271
0  16.008335 11.775080 39.610409  0.727775 -0.144770 0.670362  0.297125 0.662036
Roof_Dish001
0  12.684229 8.690408 43.021954  0.786792 -0.090446 0.610556  0.275586 0.694271
0  13.428098 6.004789 41.730080  0.779485 -0.062164 0.623329  0.256834 0.683862
0  16.008335 11.775080 39.610409  0.727775 -0.144770 0.670362  0.297125 0.662036
Roof_Dish001
0  13.428098 6.004789 41.730080  0.779485 -0.062164 0.623329  0.256834 0.683862
0  12.684229 8.690408 43.021954  0.786792 -0.090446 0.610556  0.275586 0.694271
0  9.939020 5.746637 46.524227  0.826253 -0.048696 0.561191  0.255031 0.725034
Roof_Dish001
0  10.438991 3.977028 45.657097  0.822490 -0.033339 0.567802  0.242675 0.718045
0  13.428098 6.004789 41.730080  0.779485 -0.062164 0.623329  0.256834 0.683862
0  9.939020 5.746637 46.524227  0.826253 -0.048696 0.561191  0.255031 0.725034
Roof_Dish001
0  16.989471 8.112343 37.911030  0.715883 -0.099638 0.691075  0.271550 0.648335
0  20.559042 9.941522 34.872730  0.591882 -0.160745 0.789833  0.284322 0.617500
0  16.008335 11.775080 39.610409  0.727775 -0.144770 0.670362  0.297125 0.662036
Roof_Dish001
0  13.428098 6.004789 41.730080  0.779485 -0.062164 0.623329  0.256834 0.683862
0  16.989471 8.112343 37.911030  0.715883 -0.099638 0.691075  0.271550 0.648335
0  16.008335 11.775080 39.610409  0.727775 -0.144770 0.670362  0.297125 0.662036
Roof_Dish001
0  16.989471 8.112343 37.911030  0.715883 -0.099638 0.691075  0.271550 0.648335
0  13.428098 6.004789 41.730080  0.779485 -0.062164 0.623329  0.256834 0.683862
0  17.590675 4.134859 36.869713  0.708289 -0.050845 0.704089  0.243777 0.639939
Roof_Dish001
0  20.559042 9.941522 34.872730  0.591882 -0.160745 0.789833  0.284322 0.617500
0  16.989471 8.112343 37.911030  0.715883 -0.099638 0.691075  0.271550 0.648335
0  17.590675 4.134859 36.869713  0.708289 -0.050845 0.704089  0.243777 0.639939
Roof_Dish001
0  21.295805 5.067191 33.596619  0.579880 -0.081958 0.810569  0.250287 0.607211
0  20.559042 9.941522 34.872730  0.591882 -0.160745 0.789833  0.284322 0.617500
0  17.590675 4.134859 36.869713  0.708289 -0.050845 0.704089  0.243777 0.639939
Roof_Dish001
0  21.547787 0.000001 33.160175  0.575933 0.000000 0.817497  0.214905 0.603692
0  24.616993 0.000001 31.491930  0.428404 0.000001 0.903587  0.214905 0.582889
0  24.336113 5.648322 31.978430  0.433779 -0.110891 0.894169  0.254345 0.586811
Roof_Dish001
0  9.182070 14.496843 49.084415  0.823457 -0.150033 0.547183  0.316130 0.743158
0  11.253179 19.584927 47.846577  0.786337 -0.240547 0.569044  0.351657 0.728442
0  9.264437 20.787334 51.291180  0.810689 -0.255571 0.526751  0.360053 0.756215
Roof_Dish001
0  11.253179 19.584927 47.846577  0.786337 -0.240547 0.569044  0.351657 0.728442
0  13.529324 24.000954 47.048557  0.705546 -0.388074 0.592961  0.382492 0.715670
0  9.264437 20.787334 51.291180  0.810689 -0.255571 0.526751  0.360053 0.756215
Roof_Dish001
0  13.529324 24.000954 47.048557  0.705546 -0.388074 0.592961  0.382492 0.715670
0  11.253179 19.584927 47.846577  0.786337 -0.240547 0.569044  0.351657 0.728442
0  13.084547 17.622650 44.674557  0.763745 -0.216625 0.608085  0.337956 0.702867
Roof_Dish001
0  15.773631 21.596222 43.161304  0.669198 -0.349305 0.655866  0.365701 0.684328
0  13.529324 24.000954 47.048557  0.705546 -0.388074 0.592961  0.382492 0.715670
0  13.084547 17.622650 44.674557  0.763745 -0.216625 0.608085  0.337956 0.702867
Roof_Dish001
0  17.743332 18.369535 39.749683  0.637410 -0.297020 0.710977  0.343171 0.656821
0  15.773631 21.596222 43.161304  0.669198 -0.349305 0.655866  0.365701 0.684328
0  13.084547 17.622650 44.674557  0.763745 -0.216625 0.608085  0.337956 0.702867
Roof_Dish001
0  15.773631 21.596222 43.161304  0.669198 -0.349305 0.655866  0.365701 0.684328
0  17.743332 18.369535 39.749683  0.637410 -0.297020 0.710977  0.343171 0.656821
0  18.180626 24.072989 42.640045  0.554626 -0.472612 0.684856  0.382995 0.672773
Roof_Dish001
0  17.743332 18.369535 39.749683  0.637410 -0.297020 0.710977  0.343171 0.656821
0  20.376223 20.476248 38.837162  0.511633 -0.401868 0.759430  0.357881 0.642111
0  18.180626 24.072989 42.640045  0.554626 -0.472612 0.684856  0.382995 0.672773
Roof_Dish001
0  20.376223 20.476248 38.837162  0.511633 -0.401868 0.759430  0.357881 0.642111
0  22.112000 21.673468 38.456882  0.467668 -0.433343 0.770390  0.366241 0.633751
0  18.180626 24.072989 42.640045  0.554626 -0.472612 0.684856  0.382995 0.672773
Roof_Dish001
0  22.112000 21.673468 38.456882  0.467668 -0.433343 0.770390  0.366241 0.633751
0  20.376223 20.476248 38.837162  0.511633 -0.401868 0.759430  0.357881 0.642111
0  22.174593 16.085058 35.722290  0.476253 -0.315769 0.820654  0.327220 0.616997
Roof_Dish001
0  24.015518 17.025530 35.159893  0.429482 -0.340516 0.836417  0.333786 0.607169
0  22.112000 21.673468 38.456882  0.467668 -0.433343 0.770390  0.366241 0.633751
0  22.174593 16.085058 35.722290  0.476253 -0.315769 0.820654  0.327220 0.616997
Roof_Dish001
0  25.434139 11.729596 32.702766  0.401246 -0.234523 0.885438  0.296807 0.587358
0  24.015518 17.025530 35.159893  0.429482 -0.340516 0.836417  0.333786 0.607169
0  22.174593 16.085058 35.722290  0.476253 -0.315769 0.820654  0.327220 0.616997
Roof_Dish001
0  23.514853 11.081666 33.400894  0.450034 -0.217490 0.866122  0.292283 0.598280
0  25.434139 11.729596 32.702766  0.401246 -0.234523 0.885438  0.296807 0.587358
0  22.174593 16.085058 35.722290  0.476253 -0.315769 0.820654  0.327220 0.616997
Roof_Dish001
0  20.559042 9.941522 34.872730  0.591882 -0.160745 0.789833  0.284322 0.617500
0  23.514853 11.081666 33.400894  0.450034 -0.217490 0.866122  0.292283 0.598280
0  22.174593 16.085058 35.722290  0.476253 -0.315769 0.820654  0.327220 0.616997
Roof_Dish001
0  23.514853 11.081666 33.400894  0.450034 -0.217490 0.866122  0.292283 0.598280
0  20.559042 9.941522 34.872730  0.591882 -0.160745 0.789833  0.284322 0.617500
0  24.336113 5.648322 31.978430  0.433779 -0.110891 0.894169  0.254345 0.586811
Roof_Dish001
0  20.559042 9.941522 34.872730  0.591882 -0.160745 0.789833  0.284322 0.617500
0  21.295805 5.067191 33.596619  0.579880 -0.081958 0.810569  0.250287 0.607211
0  24.336113 5.648322 31.978430  0.433779 -0.110891 0.894169  0.254345 0.586811
Roof_Dish001
0  21.295805 5.067191 33.596619  0.579880 -0.081958 0.810569  0.250287 0.607211
0  21.547787 0.000001 33.160175  0.575933 0.000000 0.817497  0.214905 0.603692
0  24.336113 5.648322 31.978430  0.433779 -0.110891 0.894169  0.254345 0.586811
Roof_Dish001
0  21.547787 0.000001 33.160175  0.575933 0.000000 0.817497  0.214905 0.603692
0  21.295805 5.067191 33.596619  0.579880 -0.081958 0.810569  0.250287 0.607211
0  17.590675 4.134859 36.869713  0.708289 -0.050845 0.704089  0.243777 0.639939
Roof_Dish001
0  17.796295 0.000001 36.513573  0.706039 -0.000000 0.708173  0.214905 0.637067
0  21.547787 0.000001 33.160175  0.575933 0.000000 0.817497  0.214905 0.603692
0  17.590675 4.134859 36.869713  0.708289 -0.050845 0.704089  0.243777 0.639939
Roof_Dish001
0  15.678930 26.753506 46.973106  0.603823 -0.525066 0.599753  0.401712 0.707709
0  13.529324 24.000954 47.048557  0.705546 -0.388074 0.592961  0.382492 0.715670
0  18.180626 24.072989 42.640045  0.554626 -0.472612 0.684856  0.382995 0.672773
Roof_Dish001
0  13.529324 24.000954 47.048557  0.705546 -0.388074 0.592961  0.382492 0.715670
0  15.773631 21.596222 43.161304  0.669198 -0.349305 0.655866  0.365701 0.684328
0  18.180626 24.072989 42.640045  0.554626 -0.472612 0.684856  0.382995 0.672773
Roof_Dish001
0  22.112000 21.673468 38.456882  0.467668 -0.433343 0.770390  0.366241 0.633751
0  19.788029 25.480505 42.482117  0.514034 -0.509617 0.689971  0.392823 0.666206
0  18.180626 24.072989 42.640045  0.554626 -0.472612 0.684856  0.382995 0.672773
Roof_Dish001
0  19.788029 25.480505 42.482117  0.514034 -0.509617 0.689971  0.392823 0.666206
0  17.140062 28.317749 47.068527  0.567078 -0.566189 0.598208  0.412635 0.703185
0  18.180626 24.072989 42.640045  0.554626 -0.472612 0.684856  0.382995 0.672773
Roof_Dish001
0  17.140062 28.317749 47.068527  0.567078 -0.566189 0.598208  0.412635 0.703185
0  15.678930 26.753506 46.973106  0.603823 -0.525066 0.599753  0.401712 0.707709
0  18.180626 24.072989 42.640045  0.554626 -0.472612 0.684856  0.382995 0.672773
Roof_Dish001
0  15.678930 26.753506 46.973106  0.603823 -0.525066 0.599753  0.401712 0.707709
0  17.140062 28.317749 47.068527  0.567078 -0.566189 0.598208  0.412635 0.703185
0  12.962258 28.396027 51.678524  0.657102 -0.557447 0.507415  0.413181 0.745647
Roof_Dish001
0  13.529324 24.000954 47.048557  0.705546 -0.388074 0.592961  0.382492 0.715670
0  15.678930 26.753506 46.973106  0.603823 -0.525066 0.599753  0.401712 0.707709
0  12.962258 28.396027 51.678524  0.657102 -0.557447 0.507415  0.413181 0.745647
Roof_Dish001
0  11.092158 25.474482 51.269852  0.744918 -0.412034 0.524715  0.392781 0.749705
0  13.529324 24.000954 47.048557  0.705546 -0.388074 0.592961  0.382492 0.715670
0  12.962258 28.396027 51.678524  0.657102 -0.557447 0.507415  0.413181 0.745647
Roof_Dish001
0  13.529324 24.000954 47.048557  0.705546 -0.388074 0.592961  0.382492 0.715670
0  11.092158 25.474482 51.269852  0.744918 -0.412034 0.524715  0.392781 0.749705
0  9.264437 20.787334 51.291180  0.810689 -0.255571 0.526751  0.360053 0.756215
Roof_Dish001
0  11.092158 25.474482 51.269852  0.744918 -0.412034 0.524715  0.392781 0.749705
0  8.558564 25.978445 55.658165  0.785919 -0.420048 0.453751  0.396300 0.785087
0  9.264437 20.787334 51.291180  0.810689 -0.255571 0.526751  0.360053 0.756215
Roof_Dish001
0  8.558564 25.978445 55.658165  0.785919 -0.420048 0.453751  0.396300 0.785087
0  7.197009 21.198570 54.872074  0.836156 -0.260366 0.482755  0.362925 0.785087
0  9.264437 20.787334 51.291180  0.810689 -0.255571 0.526751  0.360053 0.756215
Roof_Dish001
0  17.140062 28.317749 47.068527  0.567078 -0.566189 0.598208  0.412635 0.703185
0  14.264550 30.056305 52.049061  0.624506 -0.601133 0.498629  0.424774 0.743341
0  12.962258 28.396027 51.678524  0.657102 -0.557447 0.507415  0.413181 0.745647
Roof_Dish001
0  14.264550 30.056305 52.049061  0.624506 -0.601133 0.498629  0.424774 0.743341
0  11.275266 30.650909 57.226654  0.684340 -0.612839 0.395104  0.428926 0.785087
0  12.962258 28.396027 51.678524  0.657102 -0.557447 0.507415  0.413181 0.745647
Roof_Dish001
0  1.343497 21.596222 68.155029  0.902591 -0.349339 0.251580  0.365701 0.885845
0  3.587804 24.000954 64.267776  0.866292 -0.388074 0.314542  0.382492 0.854503
0  2.095571 24.072989 70.500175  0.870416 -0.472611 0.137892  0.382995 0.897401
Roof_Dish001
0  3.587804 24.000954 64.267776  0.866292 -0.388074 0.314542  0.382492 0.854503
0  4.597267 26.753506 66.167114  0.821297 -0.525102 0.223024  0.401712 0.862464
0  2.095571 24.072989 70.500175  0.870416 -0.472611 0.137892  0.382995 0.897401
Roof_Dish001
0  4.597267 26.753506 66.167114  0.821297 -0.525102 0.223024  0.401712 0.862464
0  3.587804 24.000954 64.267776  0.866292 -0.388074 0.314542  0.382492 0.854503
0  7.313939 28.396027 61.461700  0.767928 -0.557558 0.315302  0.413181 0.824526
Roof_Dish001
0  5.410468 28.317749 67.384781  0.801601 -0.566190 0.192002  0.412635 0.866989
0  4.597267 26.753506 66.167114  0.821297 -0.525102 0.223024  0.401712 0.862464
0  7.313939 28.396027 61.461700  0.767928 -0.557558 0.315302  0.413181 0.824526
Roof_Dish001
0  8.285980 30.056305 62.404247  0.744079 -0.601133 0.291523  0.424774 0.826832
0  5.410468 28.317749 67.384781  0.801601 -0.566190 0.192002  0.412635 0.866989
0  7.313939 28.396027 61.461700  0.767928 -0.557558 0.315302  0.413181 0.824526
Roof_Dish001
0  11.275266 30.650909 57.226654  0.684340 -0.612839 0.395104  0.428926 0.785087
0  8.285980 30.056305 62.404247  0.744079 -0.601133 0.291523  0.424774 0.826832
0  7.313939 28.396027 61.461700  0.767928 -0.557558 0.315302  0.413181 0.824526
Roof_Dish001
0  10.138099 28.957787 56.570110  0.712568 -0.568328 0.411401  0.417104 0.785087
0  11.275266 30.650909 57.226654  0.684340 -0.612839 0.395104  0.428926 0.785087
0  7.313939 28.396027 61.461700  0.767928 -0.557558 0.315302  0.413181 0.824526
Roof_Dish001
0  11.275266 30.650909 57.226654  0.684340 -0.612839 0.395104  0.428926 0.785087
0  10.138099 28.957787 56.570110  0.712568 -0.568328 0.411401  0.417104 0.785087
0  12.962258 28.396027 51.678524  0.657102 -0.557447 0.507415  0.413181 0.745647
Roof_Dish001
0  10.138099 28.957787 56.570110  0.712568 -0.568328 0.411401  0.417104 0.785087
0  8.558564 25.978445 55.658165  0.785919 -0.420048 0.453751  0.396300 0.785087
0  12.962258 28.396027 51.678524  0.657102 -0.557447 0.507415  0.413181 0.745647
Roof_Dish001
0  8.558564 25.978445 55.658165  0.785919 -0.420048 0.453751  0.396300 0.785087
0  11.092158 25.474482 51.269852  0.744918 -0.412034 0.524715  0.392781 0.749705
0  12.962258 28.396027 51.678524  0.657102 -0.557447 0.507415  0.413181 0.745647
Roof_Dish001
0  8.558564 25.978445 55.658165  0.785919 -0.420048 0.453751  0.396300 0.785087
0  10.138099 28.957787 56.570110  0.712568 -0.568328 0.411401  0.417104 0.785087
0  7.313939 28.396027 61.461700  0.767928 -0.557558 0.315302  0.413181 0.824526
Roof_Dish001
0  6.024970 25.474482 60.046482  0.826864 -0.412074 0.382742  0.392781 0.820468
0  8.558564 25.978445 55.658165  0.785919 -0.420048 0.453751  0.396300 0.785087
0  7.313939 28.396027 61.461700  0.767928 -0.557558 0.315302  0.413181 0.824526
Roof_Dish001
0  8.558564 25.978445 55.658165  0.785919 -0.420048 0.453751  0.396300 0.785087
0  6.024970 25.474482 60.046482  0.826864 -0.412074 0.382742  0.392781 0.820468
0  5.129579 20.787334 58.452965  0.861537 -0.255483 0.438728  0.360053 0.813958
Roof_Dish001
0  6.024970 25.474482 60.046482  0.826864 -0.412074 0.382742  0.392781 0.820468
0  3.587804 24.000954 64.267776  0.866292 -0.388074 0.314542  0.382492 0.854503
0  5.129579 20.787334 58.452965  0.861537 -0.255483 0.438728  0.360053 0.813958
Roof_Dish001
0  3.587804 24.000954 64.267776  0.866292 -0.388074 0.314542  0.382492 0.854503
0  6.024970 25.474482 60.046482  0.826864 -0.412074 0.382742  0.392781 0.820468
0  7.313939 28.396027 61.461700  0.767928 -0.557558 0.315302  0.413181 0.824526
Roof_Dish001
0  2.762502 25.480505 71.971199  0.854549 -0.509617 0.100181  0.392823 0.903968
0  0.438533 21.673466 75.996429  0.901011 -0.433342 0.019818  0.366241 0.936422
0  2.095571 24.072989 70.500175  0.870416 -0.472611 0.137892  0.382995 0.897401
Roof_Dish001
0  5.410468 28.317749 67.384781  0.801601 -0.566190 0.192002  0.412635 0.866989
0  2.762502 25.480505 71.971199  0.854549 -0.509617 0.100181  0.392823 0.903968
0  2.095571 24.072989 70.500175  0.870416 -0.472611 0.137892  0.382995 0.897401
Roof_Dish001
0  4.597267 26.753506 66.167114  0.821297 -0.525102 0.223024  0.401712 0.862464
0  5.410468 28.317749 67.384781  0.801601 -0.566190 0.192002  0.412635 0.866989
0  2.095571 24.072989 70.500175  0.870416 -0.472611 0.137892  0.382995 0.897401
Roof_Dish001
0  7.197009 21.198570 54.872074  0.836156 -0.260366 0.482755  0.362925 0.785087
0  8.558564 25.978445 55.658165  0.785919 -0.420048 0.453751  0.396300 0.785087
0  5.129579 20.787334 58.452965  0.861537 -0.255483 0.438728  0.360053 0.813958
Roof_Dish001
0  6.179677 15.691270 54.284714  0.854523 -0.162441 0.493359  0.324470 0.785087
0  7.197009 21.198570 54.872074  0.836156 -0.260366 0.482755  0.362925 0.785087
0  5.129579 20.787334 58.452965  0.861537 -0.255483 0.438728  0.360053 0.813958
Roof_Dish001
0  4.655340 15.341757 56.928398  0.870342 -0.159897 0.465766  0.322029 0.806395
0  6.179677 15.691270 54.284714  0.854523 -0.162441 0.493359  0.324470 0.785087
0  5.129579 20.787334 58.452965  0.861537 -0.255483 0.438728  0.360053 0.813958
Roof_Dish001
0  6.179677 15.691270 54.284714  0.854523 -0.162441 0.493359  0.324470 0.785087
0  4.655340 15.341757 56.928398  0.870342 -0.159897 0.465766  0.322029 0.806395
0  4.629819 10.144923 55.720036  0.871243 -0.086013 0.483257  0.285743 0.799177
Roof_Dish001
0  4.655340 15.341757 56.928398  0.870342 -0.159897 0.465766  0.322029 0.806395
0  3.177282 14.496843 59.485016  0.885605 -0.150076 0.439524  0.316130 0.827015
0  4.629819 10.144923 55.720036  0.871243 -0.086013 0.483257  0.285743 0.799177
Roof_Dish001
0  3.177282 14.496843 59.485016  0.885605 -0.150076 0.439524  0.316130 0.827015
0  4.655340 15.341757 56.928398  0.870342 -0.159897 0.465766  0.322029 0.806395
0  5.129579 20.787334 58.452965  0.861537 -0.255483 0.438728  0.360053 0.813958
Roof_Dish001
0  3.140838 19.584927 61.897568  0.885975 -0.240547 0.396466  0.351657 0.841731
0  3.177282 14.496843 59.485016  0.885605 -0.150076 0.439524  0.316130 0.827015
0  5.129579 20.787334 58.452965  0.861537 -0.255483 0.438728  0.360053 0.813958
Roof_Dish001
0  3.587804 24.000954 64.267776  0.866292 -0.388074 0.314542  0.382492 0.854503
0  3.140838 19.584927 61.897568  0.885975 -0.240547 0.396466  0.351657 0.841731
0  5.129579 20.787334 58.452965  0.861537 -0.255483 0.438728  0.360053 0.813958
Roof_Dish001
0  3.140838 19.584927 61.897568  0.885975 -0.240547 0.396466  0.351657 0.841731
0  3.587804 24.000954 64.267776  0.866292 -0.388074 0.314542  0.382492 0.854503
0  1.309470 17.622650 65.069588  0.908489 -0.216625 0.357380  0.337956 0.867306
Roof_Dish001
0  3.587804 24.000954 64.267776  0.866292 -0.388074 0.314542  0.382492 0.854503
0  1.343497 21.596222 68.155029  0.902591 -0.349339 0.251580  0.365701 0.885845
0  1.309470 17.622650 65.069588  0.908489 -0.216625 0.357380  0.337956 0.867306
Roof_Dish001
0  1.343497 21.596222 68.155029  0.902591 -0.349339 0.251580  0.365701 0.885845
0  -0.626203 18.369535 71.566650  0.934429 -0.297019 0.196525  0.343171 0.913352
0  1.309470 17.622650 65.069588  0.908489 -0.216625 0.357380  0.337956 0.867306
Roof_Dish001
0  -0.626203 18.369535 71.566650  0.934429 -0.297019 0.196525  0.343171 0.913352
0  1.343497 21.596222 68.155029  0.902591 -0.349339 0.251580  0.365701 0.885845
0  2.095571 24.072989 70.500175  0.870416 -0.472611 0.137892  0.382995 0.897401
Roof_Dish001
0  -0.100024 20.476248 74.303062  0.913502 -0.401869 0.063373  0.357881 0.928062
0  -0.626203 18.369535 71.566650  0.934429 -0.297019 0.196525  0.343171 0.913352
0  2.095571 24.072989 70.500175  0.870416 -0.472611 0.137892  0.382995 0.897401
Roof_Dish001
0  0.438533 21.673466 75.996429  0.901011 -0.433342 0.019818  0.366241 0.936422
0  -0.100024 20.476248 74.303062  0.913502 -0.401869 0.063373  0.357881 0.928062
0  2.095571 24.072989 70.500175  0.870416 -0.472611 0.137892  0.382995 0.897401
Roof_Dish001
0  -0.100024 20.476248 74.303062  0.913502 -0.401869 0.063373  0.357881 0.928062
0  0.438533 21.673466 75.996429  0.901011 -0.433342 0.019818  0.366241 0.936422
0  -1.898395 16.085056 77.417931  0.948827 -0.315789 0.002080  0.327220 0.953176
Roof_Dish001
0  0.438533 21.673466 75.996429  0.901011 -0.433342 0.019818  0.366241 0.936422
0  -1.464986 17.025528 79.293419  0.939100 -0.340514 -0.046265  0.333786 0.963005
0  -1.898395 16.085056 77.417931  0.948827 -0.315789 0.002080  0.327220 0.953176
Roof_Dish001
0  -1.464986 17.025528 79.293419  0.939100 -0.340514 -0.046265  0.333786 0.963005
0  -2.883606 11.729595 81.750542  0.967435 -0.234524 -0.095231  0.296807 0.982816
0  -1.898395 16.085056 77.417931  0.948827 -0.315789 0.002080  0.327220 0.953176
Roof_Dish001
0  -2.883606 11.729595 81.750542  0.967435 -0.234524 -0.095231  0.296807 0.982816
0  -3.238652 11.081665 79.739326  0.975101 -0.217489 -0.043320  0.292283 0.971893
0  -1.898395 16.085056 77.417931  0.948827 -0.315789 0.002080  0.327220 0.953176
Roof_Dish001
0  0.631975 -11.095404 63.893616  0.911945 0.114830 0.393917  0.137432 0.862560
0  1.964001 -7.348589 60.336212  0.893534 0.061602 0.444750  0.163594 0.836398
0  1.338571 -5.746637 61.420647  0.899100 0.048644 0.435032  0.174780 0.845139
Roof_Dish001
0  -0.321883 -8.690407 65.549202  0.922153 0.090446 0.376104  0.154225 0.875902
0  0.631975 -11.095404 63.893616  0.911945 0.114830 0.393917  0.137432 0.862560
0  1.338571 -5.746637 61.420647  0.899100 0.048644 0.435032  0.174780 0.845139
Roof_Dish001
0  -1.068744 -6.004789 66.839348  0.929576 0.062181 0.363349  0.172977 0.886311
0  -0.321883 -8.690407 65.549202  0.922153 0.090446 0.376104  0.154225 0.875902
0  1.338571 -5.746637 61.420647  0.899100 0.048644 0.435032  0.174780 0.845139
Roof_Dish001
0  -0.321883 -8.690407 65.549202  0.922153 0.090446 0.376104  0.154225 0.875902
0  -1.068744 -6.004789 66.839348  0.929576 0.062181 0.363349  0.172977 0.886311
0  -1.614315 -11.775079 70.133736  0.944430 0.144744 0.295129  0.132686 0.908137
Roof_Dish001
0  -1.068744 -6.004789 66.839348  0.929576 0.062181 0.363349  0.172977 0.886311
0  -2.595453 -8.112342 71.833115  0.956440 0.099654 0.274393  0.158261 0.921839
0  -1.614315 -11.775079 70.133736  0.944430 0.144744 0.295129  0.132686 0.908137
Roof_Dish001
0  -2.595453 -8.112342 71.833115  0.956440 0.099654 0.274393  0.158261 0.921839
0  -3.441911 -9.941521 76.443604  0.979957 0.160746 0.117669  0.145489 0.952673
0  -1.614315 -11.775079 70.133736  0.944430 0.144744 0.295129  0.132686 0.908137
Roof_Dish001
0  -3.441911 -9.941521 76.443604  0.979957 0.160746 0.117669  0.145489 0.952673
0  -2.595453 -8.112342 71.833115  0.956440 0.099654 0.274393  0.158261 0.921839
0  -3.196657 -4.134858 72.874428  0.963869 0.050819 0.261484  0.186034 0.930234
Roof_Dish001
0  -4.178675 -5.067190 77.719711  0.991913 0.081958 0.096906  0.179524 0.962962
0  -3.441911 -9.941521 76.443604  0.979957 0.160746 0.117669  0.145489 0.952673
0  -3.196657 -4.134858 72.874428  0.963869 0.050819 0.261484  0.186034 0.930234
Roof_Dish001
0  -4.430656 -0.000000 78.156158  0.995944 -0.000001 0.089979  0.214905 0.966481
0  -4.178675 -5.067190 77.719711  0.991913 0.081958 0.096906  0.179524 0.962962
0  -3.196657 -4.134858 72.874428  0.963869 0.050819 0.261484  0.186034 0.930234
Roof_Dish001
0  -4.178675 -5.067190 77.719711  0.991913 0.081958 0.096906  0.179524 0.962962
0  -4.430656 -0.000000 78.156158  0.995944 -0.000001 0.089979  0.214905 0.966481
0  -4.059913 -5.648321 81.161789  0.991263 0.110890 -0.071421  0.175466 0.983362
Roof_Dish001
0  -4.430656 -0.000000 78.156158  0.995944 -0.000001 0.089979  0.214905 0.966481
0  -4.340793 -0.000000 81.648293  0.996732 -0.000000 -0.080786  0.214905 0.987285
0  -4.059913 -5.648321 81.161789  0.991263 0.110890 -0.071421  0.175466 0.983362
Roof_Dish001
0  -4.340793 -0.000000 81.648293  0.996732 -0.000000 -0.080786  0.214905 0.987285
0  -4.050187 -0.000000 83.771118  0.990759 0.000000 -0.135631  0.214905 0.999107
0  -4.059913 -5.648321 81.161789  0.991263 0.110890 -0.071421  0.175466 0.983362
Roof_Dish001
0  -4.050187 -0.000000 83.771118  0.990759 0.000000 -0.135631  0.214905 0.999107
0  -4.340793 -0.000000 81.648293  0.996732 -0.000000 -0.080786  0.214905 0.987285
0  -4.059914 5.648321 81.161789  0.991263 -0.110891 -0.071421  0.254345 0.983362
Roof_Dish001
0  -3.752884 5.978570 83.256180  0.984859 -0.119573 -0.125522  0.256651 0.994955
0  -4.050187 -0.000000 83.771118  0.990759 0.000000 -0.135631  0.214905 0.999107
0  -4.059914 5.648321 81.161789  0.991263 -0.110891 -0.071421  0.254345 0.983362
Roof_Dish001
0  -2.883606 11.729595 81.750542  0.967435 -0.234524 -0.095231  0.296807 0.982816
0  -3.752884 5.978570 83.256180  0.984859 -0.119573 -0.125522  0.256651 0.994955
0  -4.059914 5.648321 81.161789  0.991263 -0.110891 -0.071421  0.254345 0.983362
Roof_Dish001
0  -3.238652 11.081665 79.739326  0.975101 -0.217489 -0.043320  0.292283 0.971893
0  -2.883606 11.729595 81.750542  0.967435 -0.234524 -0.095231  0.296807 0.982816
0  -4.059914 5.648321 81.161789  0.991263 -0.110891 -0.071421  0.254345 0.983362
Roof_Dish001
0  -3.441911 9.941521 76.443604  0.979957 -0.160746 0.117669  0.284322 0.952673
0  -3.238652 11.081665 79.739326  0.975101 -0.217489 -0.043320  0.292283 0.971893
0  -4.059914 5.648321 81.161789  0.991263 -0.110891 -0.071421  0.254345 0.983362
Roof_Dish001
0  -3.238652 11.081665 79.739326  0.975101 -0.217489 -0.043320  0.292283 0.971893
0  -3.441911 9.941521 76.443604  0.979957 -0.160746 0.117669  0.284322 0.952673
0  -1.898395 16.085056 77.417931  0.948827 -0.315789 0.002080  0.327220 0.953176
Roof_Dish001
0  -3.238652 -11.081665 79.739326  0.975101 0.217490 -0.043320  0.137528 0.971893
0  -3.441911 -9.941521 76.443604  0.979957 0.160746 0.117669  0.145489 0.952673
0  -4.059913 -5.648321 81.161789  0.991263 0.110890 -0.071421  0.175466 0.983362
Roof_Dish001
0  -3.441911 -9.941521 76.443604  0.979957 0.160746 0.117669  0.145489 0.952673
0  -4.178675 -5.067190 77.719711  0.991913 0.081958 0.096906  0.179524 0.962962
0  -4.059913 -5.648321 81.161789  0.991263 0.110890 -0.071421  0.175466 0.983362
Roof_Dish001
0  -4.050187 -0.000000 83.771118  0.990759 0.000000 -0.135631  0.214905 0.999107
0  -3.752884 -5.978570 83.256180  0.984859 0.119573 -0.125522  0.173160 0.994955
0  -4.059913 -5.648321 81.161789  0.991263 0.110890 -0.071421  0.175466 0.983362
Roof_Dish001
0  -3.752884 -5.978570 83.256180  0.984859 0.119573 -0.125522  0.173160 0.994955
0  -2.883605 -11.729595 81.750542  0.967434 0.234524 -0.095231  0.133004 0.982816
0  -4.059913 -5.648321 81.161789  0.991263 0.110890 -0.071421  0.175466 0.983362
Roof_Dish001
0  -2.883605 -11.729595 81.750542  0.967434 0.234524 -0.095231  0.133004 0.982816
0  -3.238652 -11.081665 79.739326  0.975101 0.217490 -0.043320  0.137528 0.971893
0  -4.059913 -5.648321 81.161789  0.991263 0.110890 -0.071421  0.175466 0.983362
Roof_Dish001
0  -3.238652 -11.081665 79.739326  0.975101 0.217490 -0.043320  0.137528 0.971893
0  -2.883605 -11.729595 81.750542  0.967434 0.234524 -0.095231  0.133004 0.982816
0  -1.898393 -16.085056 77.417931  0.948827 0.315790 0.002080  0.102591 0.953176
Roof_Dish001
0  -3.441911 -9.941521 76.443604  0.979957 0.160746 0.117669  0.145489 0.952673
0  -3.238652 -11.081665 79.739326  0.975101 0.217490 -0.043320  0.137528 0.971893
0  -1.898393 -16.085056 77.417931  0.948827 0.315790 0.002080  0.102591 0.953176
Roof_Dish001
0  -2.239545 -14.430135 74.361046  0.960549 0.233399 0.151231  0.114147 0.935882
0  -3.441911 -9.941521 76.443604  0.979957 0.160746 0.117669  0.145489 0.952673
0  -1.898393 -16.085056 77.417931  0.948827 0.315790 0.002080  0.102591 0.953176
Roof_Dish001
0  -3.441911 -9.941521 76.443604  0.979957 0.160746 0.117669  0.145489 0.952673
0  -2.239545 -14.430135 74.361046  0.960549 0.233399 0.151231  0.114147 0.935882
0  -1.614315 -11.775079 70.133736  0.944430 0.144744 0.295129  0.132686 0.908137
Roof_Dish001
0  -2.239545 -14.430135 74.361046  0.960549 0.233399 0.151231  0.114147 0.935882
0  -0.626201 -18.369535 71.566650  0.934429 0.297019 0.196525  0.086640 0.913352
0  -1.614315 -11.775079 70.133736  0.944430 0.144744 0.295129  0.132686 0.908137
Roof_Dish001
0  -0.626201 -18.369535 71.566650  0.934429 0.297019 0.196525  0.086640 0.913352
0  -0.297816 -14.989654 67.853493  0.928199 0.184043 0.323381  0.110240 0.889752
0  -1.614315 -11.775079 70.133736  0.944430 0.144744 0.295129  0.132686 0.908137
Roof_Dish001
0  -0.297816 -14.989654 67.853493  0.928199 0.184043 0.323381  0.110240 0.889752
0  0.631975 -11.095404 63.893616  0.911945 0.114830 0.393917  0.137432 0.862560
0  -1.614315 -11.775079 70.133736  0.944430 0.144744 0.295129  0.132686 0.908137
Roof_Dish001
0  0.631975 -11.095404 63.893616  0.911945 0.114830 0.393917  0.137432 0.862560
0  -0.321883 -8.690407 65.549202  0.922153 0.090446 0.376104  0.154225 0.875902
0  -1.614315 -11.775079 70.133736  0.944430 0.144744 0.295129  0.132686 0.908137
Roof_Dish001
0  -0.626201 -18.369535 71.566650  0.934429 0.297019 0.196525  0.086640 0.913352
0  -2.239545 -14.430135 74.361046  0.960549 0.233399 0.151231  0.114147 0.935882
0  -1.898393 -16.085056 77.417931  0.948827 0.315790 0.002080  0.102591 0.953176
Roof_Dish001
0  1.343499 -21.596222 68.155029  0.902596 0.349305 0.251610  0.064110 0.885845
0  -0.626201 -18.369535 71.566650  0.934429 0.297019 0.196525  0.086640 0.913352
0  2.095573 -24.072989 70.500175  0.870416 0.472612 0.137892  0.046816 0.897401
Roof_Dish001
0  -0.626201 -18.369535 71.566650  0.934429 0.297019 0.196525  0.086640 0.913352
0  -0.100022 -20.476248 74.303062  0.913502 0.401868 0.063372  0.071930 0.928062
0  2.095573 -24.072989 70.500175  0.870416 0.472612 0.137892  0.046816 0.897401
Roof_Dish001
0  -0.100022 -20.476248 74.303062  0.913502 0.401868 0.063372  0.071930 0.928062
0  -0.626201 -18.369535 71.566650  0.934429 0.297019 0.196525  0.086640 0.913352
0  -1.898393 -16.085056 77.417931  0.948827 0.315790 0.002080  0.102591 0.953176
Roof_Dish001
0  0.438535 -21.673466 75.996429  0.901011 0.433343 0.019818  0.063570 0.936422
0  -0.100022 -20.476248 74.303062  0.913502 0.401868 0.063372  0.071930 0.928062
0  -1.898393 -16.085056 77.417931  0.948827 0.315790 0.002080  0.102591 0.953176
Roof_Dish001
0  -1.464984 -17.025528 79.293419  0.939100 0.340515 -0.046265  0.096025 0.963005
0  0.438535 -21.673466 75.996429  0.901011 0.433343 0.019818  0.063570 0.936422
0  -1.898393 -16.085056 77.417931  0.948827 0.315790 0.002080  0.102591 0.953176
Roof_Dish001
0  -2.883605 -11.729595 81.750542  0.967434 0.234524 -0.095231  0.133004 0.982816
0  -1.464984 -17.025528 79.293419  0.939100 0.340515 -0.046265  0.096025 0.963005
0  -1.898393 -16.085056 77.417931  0.948827 0.315790 0.002080  0.102591 0.953176
Roof_Dish001
0  -0.100022 -20.476248 74.303062  0.913502 0.401868 0.063372  0.071930 0.928062
0  0.438535 -21.673466 75.996429  0.901011 0.433343 0.019818  0.063570 0.936422
0  2.095573 -24.072989 70.500175  0.870416 0.472612 0.137892  0.046816 0.897401
Roof_Dish001
0  0.438535 -21.673466 75.996429  0.901011 0.433343 0.019818  0.063570 0.936422
0  2.762504 -25.480505 71.971199  0.854549 0.509617 0.100181  0.036988 0.903968
0  2.095573 -24.072989 70.500175  0.870416 0.472612 0.137892  0.046816 0.897401
Roof_Dish001
0  2.762504 -25.480505 71.971199  0.854549 0.509617 0.100181  0.036988 0.903968
0  5.410470 -28.317749 67.384781  0.801601 0.566190 0.192002  0.017177 0.866989
0  2.095573 -24.072989 70.500175  0.870416 0.472612 0.137892  0.046816 0.897401
Roof_Dish001
0  8.285982 -30.056305 62.404247  0.744079 0.601133 0.291522  0.005037 0.826832
0  11.275268 -30.650909 57.226654  0.684340 0.612839 0.395104  0.000885 0.785087
0  7.313941 -28.396027 61.461700  0.767967 0.557483 0.315340  0.016630 0.824526
Roof_Dish001
0  5.410470 -28.317749 67.384781  0.801601 0.566190 0.192002  0.017177 0.866989
0  8.285982 -30.056305 62.404247  0.744079 0.601133 0.291522  0.005037 0.826832
0  7.313941 -28.396027 61.461700  0.767967 0.557483 0.315340  0.016630 0.824526
Roof_Dish001
0  4.597269 -26.753506 66.167114  0.821312 0.525067 0.223050  0.028099 0.862464
0  5.410470 -28.317749 67.384781  0.801601 0.566190 0.192002  0.017177 0.866989
0  7.313941 -28.396027 61.461700  0.767967 0.557483 0.315340  0.016630 0.824526
Roof_Dish001
0  5.410470 -28.317749 67.384781  0.801601 0.566190 0.192002  0.017177 0.866989
0  4.597269 -26.753506 66.167114  0.821312 0.525067 0.223050  0.028099 0.862464
0  2.095573 -24.072989 70.500175  0.870416 0.472612 0.137892  0.046816 0.897401
Roof_Dish001
0  4.597269 -26.753506 66.167114  0.821312 0.525067 0.223050  0.028099 0.862464
0  3.587806 -24.000954 64.267776  0.866292 0.388074 0.314541  0.047319 0.854503
0  2.095573 -24.072989 70.500175  0.870416 0.472612 0.137892  0.046816 0.897401
Roof_Dish001
0  3.587806 -24.000954 64.267776  0.866292 0.388074 0.314541  0.047319 0.854503
0  1.343499 -21.596222 68.155029  0.902596 0.349305 0.251610  0.064110 0.885845
0  2.095573 -24.072989 70.500175  0.870416 0.472612 0.137892  0.046816 0.897401
Roof_Dish001
0  1.343499 -21.596222 68.155029  0.902596 0.349305 0.251610  0.064110 0.885845
0  3.587806 -24.000954 64.267776  0.866292 0.388074 0.314541  0.047319 0.854503
0  1.309472 -17.622650 65.069588  0.908489 0.216626 0.357380  0.091855 0.867306
Roof_Dish001
0  -0.626201 -18.369535 71.566650  0.934429 0.297019 0.196525  0.086640 0.913352
0  1.343499 -21.596222 68.155029  0.902596 0.349305 0.251610  0.064110 0.885845
0  1.309472 -17.622650 65.069588  0.908489 0.216626 0.357380  0.091855 0.867306
Roof_Dish001
0  6.024972 -25.474482 60.046482  0.826864 0.412074 0.382743  0.037030 0.820468
0  3.587806 -24.000954 64.267776  0.866292 0.388074 0.314541  0.047319 0.854503
0  7.313941 -28.396027 61.461700  0.767967 0.557483 0.315340  0.016630 0.824526
Roof_Dish001
0  3.587806 -24.000954 64.267776  0.866292 0.388074 0.314541  0.047319 0.854503
0  4.597269 -26.753506 66.167114  0.821312 0.525067 0.223050  0.028099 0.862464
0  7.313941 -28.396027 61.461700  0.767967 0.557483 0.315340  0.016630 0.824526
Roof_Dish001
0  -0.297816 -14.989654 67.853493  0.928199 0.184043 0.323381  0.110240 0.889752
0  -0.626201 -18.369535 71.566650  0.934429 0.297019 0.196525  0.086640 0.913352
0  1.309472 -17.622650 65.069588  0.908489 0.216626 0.357380  0.091855 0.867306
Roof_Dish001
0  0.631975 -11.095404 63.893616  0.911945 0.114830 0.393917  0.137432 0.862560
0  -0.297816 -14.989654 67.853493  0.928199 0.184043 0.323381  0.110240 0.889752
0  1.309472 -17.622650 65.069588  0.908489 0.216626 0.357380  0.091855 0.867306
Roof_Dish001
0  1.835971 -13.006113 61.811691  0.899701 0.135400 0.414975  0.124090 0.845767
0  0.631975 -11.095404 63.893616  0.911945 0.114830 0.393917  0.137432 0.862560
0  1.309472 -17.622650 65.069588  0.908489 0.216626 0.357380  0.091855 0.867306
Roof_Dish001
0  0.631975 -11.095404 63.893616  0.911945 0.114830 0.393917  0.137432 0.862560
0  1.835971 -13.006113 61.811691  0.899701 0.135400 0.414975  0.124090 0.845767
0  2.765478 -8.600451 58.949169  0.886983 0.072645 0.456052  0.154853 0.825213
Roof_Dish001
0  1.835971 -13.006113 61.811691  0.899701 0.135400 0.414975  0.124090 0.845767
0  3.177284 -14.496843 59.485016  0.885605 0.150076 0.439524  0.113681 0.827015
0  2.765478 -8.600451 58.949169  0.886983 0.072645 0.456052  0.154853 0.825213
Roof_Dish001
0  3.177284 -14.496843 59.485016  0.885605 0.150076 0.439524  0.113681 0.827015
0  1.835971 -13.006113 61.811691  0.899701 0.135400 0.414975  0.124090 0.845767
0  1.309472 -17.622650 65.069588  0.908489 0.216626 0.357380  0.091855 0.867306
Roof_Dish001
0  3.140840 -19.584927 61.897568  0.885975 0.240547 0.396466  0.078154 0.841731
0  3.177284 -14.496843 59.485016  0.885605 0.150076 0.439524  0.113681 0.827015
0  1.309472 -17.622650 65.069588  0.908489 0.216626 0.357380  0.091855 0.867306
Roof_Dish001
0  3.587806 -24.000954 64.267776  0.866292 0.388074 0.314541  0.047319 0.854503
0  3.140840 -19.584927 61.897568  0.885975 0.240547 0.396466  0.078154 0.841731
0  1.309472 -17.622650 65.069588  0.908489 0.216626 0.357380  0.091855 0.867306
Roof_Dish001
0  3.140840 -19.584927 61.897568  0.885975 0.240547 0.396466  0.078154 0.841731
0  3.587806 -24.000954 64.267776  0.866292 0.388074 0.314541  0.047319 0.854503
0  5.129581 -20.787334 58.452965  0.861525 0.255571 0.438701  0.069758 0.813958
Roof_Dish001
0  3.587806 -24.000954 64.267776  0.866292 0.388074 0.314541  0.047319 0.854503
0  6.024972 -25.474482 60.046482  0.826864 0.412074 0.382743  0.037030 0.820468
0  5.129581 -20.787334 58.452965  0.861525 0.255571 0.438701  0.069758 0.813958
Roof_Dish001
0  6.024972 -25.474482 60.046482  0.826864 0.412074 0.382743  0.037030 0.820468
0  8.558566 -25.978445 55.658165  0.785919 0.420048 0.453752  0.033511 0.785087
0  5.129581 -20.787334 58.452965  0.861525 0.255571 0.438701  0.069758 0.813958
Roof_Dish001
0  8.558566 -25.978445 55.658165  0.785919 0.420048 0.453752  0.033511 0.785087
0  6.024972 -25.474482 60.046482  0.826864 0.412074 0.382743  0.037030 0.820468
0  7.313941 -28.396027 61.461700  0.767967 0.557483 0.315340  0.016630 0.824526
Roof_Dish001
0  10.138101 -28.957787 56.570110  0.712568 0.568328 0.411400  0.012708 0.785087
0  8.558566 -25.978445 55.658165  0.785919 0.420048 0.453752  0.033511 0.785087
0  7.313941 -28.396027 61.461700  0.767967 0.557483 0.315340  0.016630 0.824526
Roof_Dish001
0  11.275268 -30.650909 57.226654  0.684340 0.612839 0.395104  0.000885 0.785087
0  10.138101 -28.957787 56.570110  0.712568 0.568328 0.411400  0.012708 0.785087
0  7.313941 -28.396027 61.461700  0.767967 0.557483 0.315340  0.016630 0.824526
Roof_Dish001
0  10.138101 -28.957787 56.570110  0.712568 0.568328 0.411400  0.012708 0.785087
0  11.275268 -30.650909 57.226654  0.684340 0.612839 0.395104  0.000885 0.785087
0  12.962260 -28.396027 51.678524  0.657076 0.557484 0.507408  0.016630 0.745647
Roof_Dish001
0  11.275268 -30.650909 57.226654  0.684340 0.612839 0.395104  0.000885 0.785087
0  14.264552 -30.056305 52.049061  0.624506 0.601134 0.498629  0.005037 0.743341
0  12.962260 -28.396027 51.678524  0.657076 0.557484 0.507408  0.016630 0.745647
Roof_Dish001
0  14.264552 -30.056305 52.049061  0.624506 0.601134 0.498629  0.005037 0.743341
0  17.140066 -28.317749 47.068527  0.567078 0.566189 0.598208  0.017177 0.703185
0  12.962260 -28.396027 51.678524  0.657076 0.557484 0.507408  0.016630 0.745647
Roof_Dish001
0  17.140066 -28.317749 47.068527  0.567078 0.566189 0.598208  0.017177 0.703185
0  15.678932 -26.753506 46.973106  0.603823 0.525066 0.599753  0.028099 0.707709
0  12.962260 -28.396027 51.678524  0.657076 0.557484 0.507408  0.016630 0.745647
Roof_Dish001
0  3.177284 -14.496843 59.485016  0.885605 0.150076 0.439524  0.113681 0.827015
0  3.140840 -19.584927 61.897568  0.885975 0.240547 0.396466  0.078154 0.841731
0  5.129581 -20.787334 58.452965  0.861525 0.255571 0.438701  0.069758 0.813958
Roof_Dish001
0  8.558566 -25.978445 55.658165  0.785919 0.420048 0.453752  0.033511 0.785087
0  10.138101 -28.957787 56.570110  0.712568 0.568328 0.411400  0.012708 0.785087
0  12.962260 -28.396027 51.678524  0.657076 0.557484 0.507408  0.016630 0.745647
Roof_Dish001
0  11.092160 -25.474482 51.269852  0.744918 0.412034 0.524715  0.037030 0.749705
0  13.529325 -24.000954 47.048557  0.705547 0.388074 0.592960  0.047319 0.715670
0  9.264439 -20.787334 51.291180  0.810704 0.255527 0.526750  0.069758 0.756215
Roof_Dish001
0  13.529325 -24.000954 47.048557  0.705547 0.388074 0.592960  0.047319 0.715670
0  11.253181 -19.584927 47.846577  0.786337 0.240547 0.569044  0.078154 0.728442
0  9.264439 -20.787334 51.291180  0.810704 0.255527 0.526750  0.069758 0.756215
Roof_Dish001
0  3.177284 -14.496843 59.485016  0.885605 0.150076 0.439524  0.113681 0.827015
0  3.649781 -9.601394 57.416355  0.879408 0.080530 0.469209  0.147864 0.812856
0  2.765478 -8.600451 58.949169  0.886983 0.072645 0.456052  0.154853 0.825213
Roof_Dish001
0  8.558566 -25.978445 55.658165  0.785919 0.420048 0.453752  0.033511 0.785087
0  7.197011 -21.198570 54.872074  0.836156 0.260366 0.482755  0.066886 0.785087
0  5.129581 -20.787334 58.452965  0.861525 0.255571 0.438701  0.069758 0.813958
Roof_Dish001
0  17.140066 -28.317749 47.068527  0.567078 0.566189 0.598208  0.017177 0.703185
0  19.788033 -25.480505 42.482117  0.514035 0.509617 0.689970  0.036988 0.666206
0  18.180630 -24.072989 42.640045  0.554626 0.472612 0.684856  0.046816 0.672773
Roof_Dish001
0  15.678932 -26.753506 46.973106  0.603823 0.525066 0.599753  0.028099 0.707709
0  17.140066 -28.317749 47.068527  0.567078 0.566189 0.598208  0.017177 0.703185
0  18.180630 -24.072989 42.640045  0.554626 0.472612 0.684856  0.046816 0.672773
Roof_Dish001
0  13.529325 -24.000954 47.048557  0.705547 0.388074 0.592960  0.047319 0.715670
0  15.678932 -26.753506 46.973106  0.603823 0.525066 0.599753  0.028099 0.707709
0  18.180630 -24.072989 42.640045  0.554626 0.472612 0.684856  0.046816 0.672773
Roof_Dish001
0  15.678932 -26.753506 46.973106  0.603823 0.525066 0.599753  0.028099 0.707709
0  13.529325 -24.000954 47.048557  0.705547 0.388074 0.592960  0.047319 0.715670
0  12.962260 -28.396027 51.678524  0.657076 0.557484 0.507408  0.016630 0.745647
Roof_Dish001
0  13.529325 -24.000954 47.048557  0.705547 0.388074 0.592960  0.047319 0.715670
0  11.092160 -25.474482 51.269852  0.744918 0.412034 0.524715  0.037030 0.749705
0  12.962260 -28.396027 51.678524  0.657076 0.557484 0.507408  0.016630 0.745647
Roof_Dish001
0  11.092160 -25.474482 51.269852  0.744918 0.412034 0.524715  0.037030 0.749705
0  8.558566 -25.978445 55.658165  0.785919 0.420048 0.453752  0.033511 0.785087
0  12.962260 -28.396027 51.678524  0.657076 0.557484 0.507408  0.016630 0.745647
Roof_Dish001
0  8.558566 -25.978445 55.658165  0.785919 0.420048 0.453752  0.033511 0.785087
0  11.092160 -25.474482 51.269852  0.744918 0.412034 0.524715  0.037030 0.749705
0  9.264439 -20.787334 51.291180  0.810704 0.255527 0.526750  0.069758 0.756215
Roof_Dish001
0  7.197011 -21.198570 54.872074  0.836156 0.260366 0.482755  0.066886 0.785087
0  8.558566 -25.978445 55.658165  0.785919 0.420048 0.453752  0.033511 0.785087
0  9.264439 -20.787334 51.291180  0.810704 0.255527 0.526750  0.069758 0.756215
Roof_Dish001
0  6.179677 -15.691270 54.284714  0.854523 0.162441 0.493359  0.105341 0.785087
0  7.197011 -21.198570 54.872074  0.836156 0.260366 0.482755  0.066886 0.785087
0  9.264439 -20.787334 51.291180  0.810704 0.255527 0.526750  0.069758 0.756215
Roof_Dish001
0  7.197011 -21.198570 54.872074  0.836156 0.260366 0.482755  0.066886 0.785087
0  6.179677 -15.691270 54.284714  0.854523 0.162441 0.493359  0.105341 0.785087
0  5.129581 -20.787334 58.452965  0.861525 0.255571 0.438701  0.069758 0.813958
Roof_Dish001
0  6.179677 -15.691270 54.284714  0.854523 0.162441 0.493359  0.105341 0.785087
0  4.655341 -15.341757 56.928398  0.870340 0.159943 0.465754  0.107782 0.806395
0  5.129581 -20.787334 58.452965  0.861525 0.255571 0.438701  0.069758 0.813958
Roof_Dish001
0  4.655341 -15.341757 56.928398  0.870340 0.159943 0.465754  0.107782 0.806395
0  3.177284 -14.496843 59.485016  0.885605 0.150076 0.439524  0.113681 0.827015
0  5.129581 -20.787334 58.452965  0.861525 0.255571 0.438701  0.069758 0.813958
Roof_Dish001
0  3.177284 -14.496843 59.485016  0.885605 0.150076 0.439524  0.113681 0.827015
0  4.655341 -15.341757 56.928398  0.870340 0.159943 0.465754  0.107782 0.806395
0  4.629820 -10.144923 55.720036  0.871244 0.086059 0.483247  0.144069 0.799177
Roof_Dish001
0  3.649781 -9.601394 57.416355  0.879408 0.080530 0.469209  0.147864 0.812856
0  3.177284 -14.496843 59.485016  0.885605 0.150076 0.439524  0.113681 0.827015
0  4.629820 -10.144923 55.720036  0.871244 0.086059 0.483247  0.144069 0.799177
Roof_Dish001
0  5.123015 0.000000 53.674652  0.866026 0.000000 0.500000  0.214905 0.785087
0  3.649781 -9.601394 57.416355  0.879408 0.080530 0.469209  0.147864 0.812856
0  4.629820 -10.144923 55.720036  0.871244 0.086059 0.483247  0.144069 0.799177
Roof_Dish001
0  5.123015 0.000000 53.674652  0.866026 0.000000 0.500000  0.214905 0.785087
0  2.765478 -8.600451 58.949169  0.886983 0.072645 0.456052  0.154853 0.825213
0  3.649781 -9.601394 57.416355  0.879408 0.080530 0.469209  0.147864 0.812856
Roof_Dish001
0  5.123015 0.000000 53.674652  0.866026 0.000000 0.500000  0.214905 0.785087
0  1.964001 -7.348589 60.336212  0.893534 0.061602 0.444750  0.163594 0.836398
0  2.765478 -8.600451 58.949169  0.886983 0.072645 0.456052  0.154853 0.825213
Roof_Dish001
0  1.964001 -7.348589 60.336212  0.893534 0.061602 0.444750  0.163594 0.836398
0  0.631975 -11.095404 63.893616  0.911945 0.114830 0.393917  0.137432 0.862560
0  2.765478 -8.600451 58.949169  0.886983 0.072645 0.456052  0.154853 0.825213
Roof_Dish001
0  5.123015 0.000000 53.674652  0.866026 0.000000 0.500000  0.214905 0.785087
0  6.647770 -10.144923 52.224842  0.854159 0.085874 0.512873  0.144069 0.770996
0  7.626809 -9.601394 50.527943  0.846038 0.080574 0.526999  0.147864 0.757317
Roof_Dish001
0  5.123015 0.000000 53.674652  0.866026 0.000000 0.500000  0.214905 0.785087
0  5.638295 -10.392474 53.972149  0.862736 0.087071 0.498101  0.142340 0.785087
0  6.647770 -10.144923 52.224842  0.854159 0.085874 0.512873  0.144069 0.770996
Roof_Dish001
0  5.638295 -10.392474 53.972149  0.862736 0.087071 0.498101  0.142340 0.785087
0  6.179677 -15.691270 54.284714  0.854523 0.162441 0.493359  0.105341 0.785087
0  6.647770 -10.144923 52.224842  0.854159 0.085874 0.512873  0.144069 0.770996
Roof_Dish001
0  6.179677 -15.691270 54.284714  0.854523 0.162441 0.493359  0.105341 0.785087
0  5.638295 -10.392474 53.972149  0.862736 0.087071 0.498101  0.142340 0.785087
0  4.629820 -10.144923 55.720036  0.871244 0.086059 0.483247  0.144069 0.799177
Roof_Dish001
0  4.655341 -15.341757 56.928398  0.870340 0.159943 0.465754  0.107782 0.806395
0  6.179677 -15.691270 54.284714  0.854523 0.162441 0.493359  0.105341 0.785087
0  4.629820 -10.144923 55.720036  0.871244 0.086059 0.483247  0.144069 0.799177
Roof_Dish001
0  5.123015 0.000000 53.674652  0.866026 0.000000 0.500000  0.214905 0.785087
0  4.629820 -10.144923 55.720036  0.871244 0.086059 0.483247  0.144069 0.799177
0  5.638295 -10.392474 53.972149  0.862736 0.087071 0.498101  0.142340 0.785087
Roof_Dish001
0  -4.178675 5.067190 77.719711  0.991913 -0.081959 0.096906  0.250287 0.962962
0  -3.441911 9.941521 76.443604  0.979957 -0.160746 0.117669  0.284322 0.952673
0  -4.059914 5.648321 81.161789  0.991263 -0.110891 -0.071421  0.254345 0.983362
Roof_Dish001
0  -1.068744 6.004789 66.839348  0.929546 -0.062146 0.363430  0.256834 0.886311
0  -1.489705 3.051665 67.571930  0.934323 -0.031770 0.355009  0.236214 0.892211
0  0.566335 2.017951 62.758198  0.905734 -0.017128 0.423500  0.228996 0.855924
Roof_Dish001
0  0.837598 3.977028 62.287197  0.903031 -0.033393 0.428277  0.242675 0.852128
0  -1.068744 6.004789 66.839348  0.929546 -0.062146 0.363430  0.256834 0.886311
0  0.566335 2.017951 62.758198  0.905734 -0.017128 0.423500  0.228996 0.855924
Roof_Dish001
0  -1.068744 6.004789 66.839348  0.929546 -0.062146 0.363430  0.256834 0.886311
0  0.837598 3.977028 62.287197  0.903031 -0.033393 0.428277  0.242675 0.852128
0  1.338571 5.746637 61.420647  0.899100 -0.048644 0.435033  0.255031 0.845139
Roof_Dish001
0  5.123015 0.000000 53.674652  0.866026 0.000000 0.500000  0.214905 0.785087
0  1.338571 5.746637 61.420647  0.899100 -0.048644 0.435033  0.255031 0.845139
0  0.837598 3.977028 62.287197  0.903031 -0.033393 0.428277  0.242675 0.852128
Roof_Dish001
0  5.123015 0.000000 53.674652  0.866026 0.000000 0.500000  0.214905 0.785087
0  1.964001 7.348589 60.336212  0.893560 -0.061668 0.444688  0.266217 0.836398
0  1.338571 5.746637 61.420647  0.899100 -0.048644 0.435033  0.255031 0.845139
Roof_Dish001
0  5.123015 0.000000 53.674652  0.866026 0.000000 0.500000  0.214905 0.785087
0  2.765477 8.600451 58.949169  0.887021 -0.072802 0.455953  0.274958 0.825213
0  1.964001 7.348589 60.336212  0.893560 -0.061668 0.444688  0.266217 0.836398
Roof_Dish001
0  0.631975 11.095404 63.893616  0.911935 -0.114798 0.393949  0.292379 0.862560
0  1.964001 7.348589 60.336212  0.893560 -0.061668 0.444688  0.266217 0.836398
0  2.765477 8.600451 58.949169  0.887021 -0.072802 0.455953  0.274958 0.825213
Roof_Dish001
0  1.964001 7.348589 60.336212  0.893560 -0.061668 0.444688  0.266217 0.836398
0  0.631975 11.095404 63.893616  0.911935 -0.114798 0.393949  0.292379 0.862560
0  1.338571 5.746637 61.420647  0.899100 -0.048644 0.435033  0.255031 0.845139
Roof_Dish001
0  0.631975 11.095404 63.893616  0.911935 -0.114798 0.393949  0.292379 0.862560
0  -0.321883 8.690407 65.549202  0.922165 -0.090471 0.376066  0.275586 0.875902
0  1.338571 5.746637 61.420647  0.899100 -0.048644 0.435033  0.255031 0.845139
Roof_Dish001
0  -0.321883 8.690407 65.549202  0.922165 -0.090471 0.376066  0.275586 0.875902
0  -1.068744 6.004789 66.839348  0.929546 -0.062146 0.363430  0.256834 0.886311
0  1.338571 5.746637 61.420647  0.899100 -0.048644 0.435033  0.255031 0.845139
Roof_Dish001
0  -1.068744 6.004789 66.839348  0.929546 -0.062146 0.363430  0.256834 0.886311
0  -0.321883 8.690407 65.549202  0.922165 -0.090471 0.376066  0.275586 0.875902
0  -1.614316 11.775079 70.133736  0.944455 -0.144819 0.295014  0.297125 0.908137
Roof_Dish001
0  -2.595453 8.112342 71.833115  0.956420 -0.099620 0.274477  0.271550 0.921839
0  -1.068744 6.004789 66.839348  0.929546 -0.062146 0.363430  0.256834 0.886311
0  -1.614316 11.775079 70.133736  0.944455 -0.144819 0.295014  0.297125 0.908137
Roof_Dish001
0  -3.441911 9.941521 76.443604  0.979957 -0.160746 0.117669  0.284322 0.952673
0  -2.595453 8.112342 71.833115  0.956420 -0.099620 0.274477  0.271550 0.921839
0  -1.614316 11.775079 70.133736  0.944455 -0.144819 0.295014  0.297125 0.908137
Roof_Dish001
0  -2.595453 8.112342 71.833115  0.956420 -0.099620 0.274477  0.271550 0.921839
0  -3.441911 9.941521 76.443604  0.979957 -0.160746 0.117669  0.284322 0.952673
0  -3.196657 4.134858 72.874428  0.963892 -0.050836 0.261395  0.243777 0.930234
Roof_Dish001
0  -3.441911 9.941521 76.443604  0.979957 -0.160746 0.117669  0.284322 0.952673
0  -4.178675 5.067190 77.719711  0.991913 -0.081959 0.096906  0.250287 0.962962
0  -3.196657 4.134858 72.874428  0.963892 -0.050836 0.261395  0.243777 0.930234
Roof_Dish001
0  -4.178675 5.067190 77.719711  0.991913 -0.081959 0.096906  0.250287 0.962962
0  -4.430656 -0.000000 78.156158  0.995944 -0.000001 0.089979  0.214905 0.966481
0  -3.196657 4.134858 72.874428  0.963892 -0.050836 0.261395  0.243777 0.930234
Roof_Dish001
0  -4.430656 -0.000000 78.156158  0.995944 -0.000001 0.089979  0.214905 0.966481
0  -4.178675 5.067190 77.719711  0.991913 -0.081959 0.096906  0.250287 0.962962
0  -4.059914 5.648321 81.161789  0.991263 -0.110891 -0.071421  0.254345 0.983362
Roof_Dish001
0  -4.340793 -0.000000 81.648293  0.996732 -0.000000 -0.080786  0.214905 0.987285
0  -4.430656 -0.000000 78.156158  0.995944 -0.000001 0.089979  0.214905 0.966481
0  -4.059914 5.648321 81.161789  0.991263 -0.110891 -0.071421  0.254345 0.983362
Roof_Dish001
0  -1.489705 3.051665 67.571930  0.934323 -0.031770 0.355009  0.236214 0.892211
0  -1.068744 6.004789 66.839348  0.929546 -0.062146 0.363430  0.256834 0.886311
0  -3.196657 4.134858 72.874428  0.963892 -0.050836 0.261395  0.243777 0.930234
Roof_Dish001
0  -1.068744 6.004789 66.839348  0.929546 -0.062146 0.363430  0.256834 0.886311
0  -2.595453 8.112342 71.833115  0.956420 -0.099620 0.274477  0.271550 0.921839
0  -3.196657 4.134858 72.874428  0.963892 -0.050836 0.261395  0.243777 0.930234
Roof_Dish001
0  -2.595453 -8.112342 71.833115  0.956440 0.099654 0.274393  0.158261 0.921839
0  -1.068744 -6.004789 66.839348  0.929576 0.062181 0.363349  0.172977 0.886311
0  -3.196657 -4.134858 72.874428  0.963869 0.050819 0.261484  0.186034 0.930234
Roof_Dish001
0  -1.068744 -6.004789 66.839348  0.929576 0.062181 0.363349  0.172977 0.886311
0  -1.489705 -3.051665 67.571930  0.934355 0.031787 0.354922  0.193597 0.892211
0  -3.196657 -4.134858 72.874428  0.963869 0.050819 0.261484  0.186034 0.930234
Roof_Dish001
0  5.123015 0.000000 53.674652  0.866026 0.000000 0.500000  0.214905 0.785087
0  1.338571 -5.746637 61.420647  0.899100 0.048644 0.435032  0.174780 0.845139
0  1.964001 -7.348589 60.336212  0.893534 0.061602 0.444750  0.163594 0.836398
Roof_Dish001
0  5.123015 0.000000 53.674652  0.866026 0.000000 0.500000  0.214905 0.785087
0  0.837598 -3.977028 62.287197  0.902958 0.033321 0.428435  0.187136 0.852128
0  1.338571 -5.746637 61.420647  0.899100 0.048644 0.435032  0.174780 0.845139
Roof_Dish001
0  0.837598 -3.977028 62.287197  0.902958 0.033321 0.428435  0.187136 0.852128
0  -1.068744 -6.004789 66.839348  0.929576 0.062181 0.363349  0.172977 0.886311
0  1.338571 -5.746637 61.420647  0.899100 0.048644 0.435032  0.174780 0.845139
Roof_Dish001
0  -1.068744 -6.004789 66.839348  0.929576 0.062181 0.363349  0.172977 0.886311
0  0.837598 -3.977028 62.287197  0.902958 0.033321 0.428435  0.187136 0.852128
0  0.566335 -2.017951 62.758198  0.905715 0.017119 0.423542  0.200815 0.855924
Roof_Dish001
0  -1.489705 -3.051665 67.571930  0.934355 0.031787 0.354922  0.193597 0.892211
0  -1.068744 -6.004789 66.839348  0.929576 0.062181 0.363349  0.172977 0.886311
0  0.566335 -2.017951 62.758198  0.905715 0.017119 0.423542  0.200815 0.855924
Roof_Dish001
0  -1.665958 -0.000000 67.873756  0.935744 0.000000 0.352681  0.214905 0.894651
0  -1.489705 -3.051665 67.571930  0.934355 0.031787 0.354922  0.193597 0.892211
0  0.566335 -2.017951 62.758198  0.905715 0.017119 0.423542  0.200815 0.855924
Roof_Dish001
0  -1.489705 -3.051665 67.571930  0.934355 0.031787 0.354922  0.193597 0.892211
0  -1.665958 -0.000000 67.873756  0.935744 0.000000 0.352681  0.214905 0.894651
0  -3.196657 -4.134858 72.874428  0.963869 0.050819 0.261484  0.186034 0.930234
Roof_Dish001
0  -1.665958 -0.000000 67.873756  0.935744 0.000000 0.352681  0.214905 0.894651
0  -3.402276 -0.000000 73.230576  0.966315 -0.000000 0.257362  0.214905 0.933106
0  -3.196657 -4.134858 72.874428  0.963869 0.050819 0.261484  0.186034 0.930234
Roof_Dish001
0  -3.402276 -0.000000 73.230576  0.966315 -0.000000 0.257362  0.214905 0.933106
0  -4.430656 -0.000000 78.156158  0.995944 -0.000001 0.089979  0.214905 0.966481
0  -3.196657 -4.134858 72.874428  0.963869 0.050819 0.261484  0.186034 0.930234
Roof_Dish001
0  -4.430656 -0.000000 78.156158  0.995944 -0.000001 0.089979  0.214905 0.966481
0  -3.402276 -0.000000 73.230576  0.966315 -0.000000 0.257362  0.214905 0.933106
0  -3.196657 4.134858 72.874428  0.963892 -0.050836 0.261395  0.243777 0.930234
Roof_Dish001
0  -3.402276 -0.000000 73.230576  0.966315 -0.000000 0.257362  0.214905 0.933106
0  -1.665958 -0.000000 67.873756  0.935744 0.000000 0.352681  0.214905 0.894651
0  -3.196657 4.134858 72.874428  0.963892 -0.050836 0.261395  0.243777 0.930234
Roof_Dish001
0  -1.665958 -0.000000 67.873756  0.935744 0.000000 0.352681  0.214905 0.894651
0  -1.489705 3.051665 67.571930  0.934323 -0.031770 0.355009  0.236214 0.892211
0  -3.196657 4.134858 72.874428  0.963892 -0.050836 0.261395  0.243777 0.930234
Roof_Dish001
0  -1.489705 3.051665 67.571930  0.934323 -0.031770 0.355009  0.236214 0.892211
0  -1.665958 -0.000000 67.873756  0.935744 0.000000 0.352681  0.214905 0.894651
0  0.566335 2.017951 62.758198  0.905734 -0.017128 0.423500  0.228996 0.855924
Roof_Dish001
0  5.123015 0.000000 53.674652  0.866026 0.000000 0.500000  0.214905 0.785087
0  0.566335 -2.017951 62.758198  0.905715 0.017119 0.423542  0.200815 0.855924
0  0.837598 -3.977028 62.287197  0.902958 0.033321 0.428435  0.187136 0.852128
Roof_Dish001
0  5.123015 0.000000 53.674652  0.866026 0.000000 0.500000  0.214905 0.785087
0  0.442058 0.000000 62.972294  0.906352 0.000000 0.422524  0.214905 0.857652
0  0.566335 -2.017951 62.758198  0.905715 0.017119 0.423542  0.200815 0.855924
Roof_Dish001
0  0.442058 0.000000 62.972294  0.906352 0.000000 0.422524  0.214905 0.857652
0  -1.665958 -0.000000 67.873756  0.935744 0.000000 0.352681  0.214905 0.894651
0  0.566335 -2.017951 62.758198  0.905715 0.017119 0.423542  0.200815 0.855924
Roof_Dish001
0  -1.665958 -0.000000 67.873756  0.935744 0.000000 0.352681  0.214905 0.894651
0  0.442058 0.000000 62.972294  0.906352 0.000000 0.422524  0.214905 0.857652
0  0.566335 2.017951 62.758198  0.905734 -0.017128 0.423500  0.228996 0.855924
Roof_Dish001
0  5.123015 0.000000 53.674652  0.866026 0.000000 0.500000  0.214905 0.785087
0  0.566335 2.017951 62.758198  0.905734 -0.017128 0.423500  0.228996 0.855924
0  0.442058 0.000000 62.972294  0.906352 0.000000 0.422524  0.214905 0.857652
Roof_Dish001
0  5.123015 0.000000 53.674652  0.866026 0.000000 0.500000  0.214905 0.785087
0  0.837598 3.977028 62.287197  0.903031 -0.033393 0.428277  0.242675 0.852128
0  0.566335 2.017951 62.758198  0.905734 -0.017128 0.423500  0.228996 0.855924
Roof_Dish001
0  5.123015 0.000000 53.674652  0.866026 0.000000 0.500000  0.214905 0.785087
0  8.512114 8.600451 48.995705  0.838378 -0.072801 0.540206  0.274958 0.744961
0  7.626808 9.601394 50.527943  0.846075 -0.080443 0.526959  0.281947 0.757317
Roof_Dish001
0  5.123015 0.000000 53.674652  0.866026 0.000000 0.500000  0.214905 0.785087
0  9.312589 7.348589 47.608082  0.831932 -0.061601 0.551448  0.266217 0.733775
0  8.512114 8.600451 48.995705  0.838378 -0.072801 0.540206  0.274958 0.744961
Roof_Dish001
0  5.123015 0.000000 53.674652  0.866026 0.000000 0.500000  0.214905 0.785087
0  9.939020 5.746637 46.524227  0.826253 -0.048696 0.561191  0.255031 0.725034
0  9.312589 7.348589 47.608082  0.831932 -0.061601 0.551448  0.266217 0.733775
Roof_Dish001
0  11.727377 11.095405 44.675816  0.797069 -0.114896 0.592858  0.292379 0.707613
0  9.312589 7.348589 47.608082  0.831932 -0.061601 0.551448  0.266217 0.733775
0  9.939020 5.746637 46.524227  0.826253 -0.048696 0.561191  0.255031 0.725034
Roof_Dish001
0  12.684229 8.690408 43.021954  0.786792 -0.090446 0.610556  0.275586 0.694271
0  11.727377 11.095405 44.675816  0.797069 -0.114896 0.592858  0.292379 0.707613
0  9.939020 5.746637 46.524227  0.826253 -0.048696 0.561191  0.255031 0.725034
Roof_Dish001
0  9.312589 7.348589 47.608082  0.831932 -0.061601 0.551448  0.266217 0.733775
0  11.727377 11.095405 44.675816  0.797069 -0.114896 0.592858  0.292379 0.707613
0  8.512114 8.600451 48.995705  0.838378 -0.072801 0.540206  0.274958 0.744961
Roof_Dish001
0  11.253179 19.584927 47.846577  0.786337 -0.240547 0.569044  0.351657 0.728442
0  9.182070 14.496843 49.084415  0.823457 -0.150033 0.547183  0.316130 0.743158
0  13.084547 17.622650 44.674557  0.763745 -0.216625 0.608085  0.337956 0.702867
Roof_Dish001
0  9.182070 14.496843 49.084415  0.823457 -0.150033 0.547183  0.316130 0.743158
0  10.526375 13.006113 46.759464  0.809191 -0.135477 0.571714  0.305721 0.724406
0  13.084547 17.622650 44.674557  0.763745 -0.216625 0.608085  0.337956 0.702867
Roof_Dish001
0  10.526375 13.006113 46.759464  0.809191 -0.135477 0.571714  0.305721 0.724406
0  11.727377 11.095405 44.675816  0.797069 -0.114896 0.592858  0.292379 0.707613
0  13.084547 17.622650 44.674557  0.763745 -0.216625 0.608085  0.337956 0.702867
Roof_Dish001
0  11.727377 11.095405 44.675816  0.797069 -0.114896 0.592858  0.292379 0.707613
0  10.526375 13.006113 46.759464  0.809191 -0.135477 0.571714  0.305721 0.724406
0  8.512114 8.600451 48.995705  0.838378 -0.072801 0.540206  0.274958 0.744961
Roof_Dish001
0  10.526375 13.006113 46.759464  0.809191 -0.135477 0.571714  0.305721 0.724406
0  9.182070 14.496843 49.084415  0.823457 -0.150033 0.547183  0.316130 0.743158
0  8.512114 8.600451 48.995705  0.838378 -0.072801 0.540206  0.274958 0.744961
Roof_Dish001
0  9.182070 14.496843 49.084415  0.823457 -0.150033 0.547183  0.316130 0.743158
0  7.626808 9.601394 50.527943  0.846075 -0.080443 0.526959  0.281947 0.757317
0  8.512114 8.600451 48.995705  0.838378 -0.072801 0.540206  0.274958 0.744961
Roof_Dish001
0  7.626808 9.601394 50.527943  0.846075 -0.080443 0.526959  0.281947 0.757317
0  9.182070 14.496843 49.084415  0.823457 -0.150033 0.547183  0.316130 0.743158
0  6.647769 10.144923 52.224842  0.854142 -0.085966 0.512885  0.285743 0.770996
Roof_Dish001
0  5.123015 0.000000 53.674652  0.866026 0.000000 0.500000  0.214905 0.785087
0  7.626808 9.601394 50.527943  0.846075 -0.080443 0.526959  0.281947 0.757317
0  6.647769 10.144923 52.224842  0.854142 -0.085966 0.512885  0.285743 0.770996
Roof_Dish001
0  5.123015 0.000000 53.674652  0.866026 0.000000 0.500000  0.214905 0.785087
0  6.647769 10.144923 52.224842  0.854142 -0.085966 0.512885  0.285743 0.770996
0  5.638294 10.392474 53.972149  0.862736 -0.087071 0.498101  0.287471 0.785087
Roof_Dish001
0  -0.321883 8.690407 65.549202  0.922165 -0.090471 0.376066  0.275586 0.875902
0  0.631975 11.095404 63.893616  0.911935 -0.114798 0.393949  0.292379 0.862560
0  -1.614316 11.775079 70.133736  0.944455 -0.144819 0.295014  0.297125 0.908137
Roof_Dish001
0  -0.626203 18.369535 71.566650  0.934429 -0.297019 0.196525  0.343171 0.913352
0  -0.100024 20.476248 74.303062  0.913502 -0.401869 0.063373  0.357881 0.928062
0  -1.898395 16.085056 77.417931  0.948827 -0.315789 0.002080  0.327220 0.953176
Roof_Dish001
0  7.197009 21.198570 54.872074  0.836156 -0.260366 0.482755  0.362925 0.785087
0  6.179677 15.691270 54.284714  0.854523 -0.162441 0.493359  0.324470 0.785087
0  9.264437 20.787334 51.291180  0.810689 -0.255571 0.526751  0.360053 0.756215
Roof_Dish001
0  6.179677 15.691270 54.284714  0.854523 -0.162441 0.493359  0.324470 0.785087
0  7.707006 15.341757 51.642757  0.838559 -0.159806 0.520847  0.322029 0.763778
0  9.264437 20.787334 51.291180  0.810689 -0.255571 0.526751  0.360053 0.756215
Roof_Dish001
0  1.835969 13.006113 61.811691  0.899701 -0.135400 0.414975  0.305721 0.845767
0  0.631975 11.095404 63.893616  0.911935 -0.114798 0.393949  0.292379 0.862560
0  2.765477 8.600451 58.949169  0.887021 -0.072802 0.455953  0.274958 0.825213
Roof_Dish001
0  -2.239547 14.430135 74.361046  0.960549 -0.233399 0.151231  0.315664 0.935882
0  -3.441911 9.941521 76.443604  0.979957 -0.160746 0.117669  0.284322 0.952673
0  -1.614316 11.775079 70.133736  0.944455 -0.144819 0.295014  0.297125 0.908137
Roof_Dish001
0  -3.441911 9.941521 76.443604  0.979957 -0.160746 0.117669  0.284322 0.952673
0  -2.239547 14.430135 74.361046  0.960549 -0.233399 0.151231  0.315664 0.935882
0  -1.898395 16.085056 77.417931  0.948827 -0.315789 0.002080  0.327220 0.953176
Roof_Dish001
0  -2.239547 14.430135 74.361046  0.960549 -0.233399 0.151231  0.315664 0.935882
0  -0.626203 18.369535 71.566650  0.934429 -0.297019 0.196525  0.343171 0.913352
0  -1.898395 16.085056 77.417931  0.948827 -0.315789 0.002080  0.327220 0.953176
Roof_Dish001
0  -0.626203 18.369535 71.566650  0.934429 -0.297019 0.196525  0.343171 0.913352
0  -2.239547 14.430135 74.361046  0.960549 -0.233399 0.151231  0.315664 0.935882
0  -1.614316 11.775079 70.133736  0.944455 -0.144819 0.295014  0.297125 0.908137
Roof_Dish001
0  -0.297818 14.989654 67.853493  0.928215 -0.184138 0.323280  0.319571 0.889752
0  -0.626203 18.369535 71.566650  0.934429 -0.297019 0.196525  0.343171 0.913352
0  -1.614316 11.775079 70.133736  0.944455 -0.144819 0.295014  0.297125 0.908137
Roof_Dish001
0  0.631975 11.095404 63.893616  0.911935 -0.114798 0.393949  0.292379 0.862560
0  -0.297818 14.989654 67.853493  0.928215 -0.184138 0.323280  0.319571 0.889752
0  -1.614316 11.775079 70.133736  0.944455 -0.144819 0.295014  0.297125 0.908137
Roof_Dish001
0  -0.297818 14.989654 67.853493  0.928215 -0.184138 0.323280  0.319571 0.889752
0  0.631975 11.095404 63.893616  0.911935 -0.114798 0.393949  0.292379 0.862560
0  1.309470 17.622650 65.069588  0.908489 -0.216625 0.357380  0.337956 0.867306
Roof_Dish001
0  0.631975 11.095404 63.893616  0.911935 -0.114798 0.393949  0.292379 0.862560
0  1.835969 13.006113 61.811691  0.899701 -0.135400 0.414975  0.305721 0.845767
0  1.309470 17.622650 65.069588  0.908489 -0.216625 0.357380  0.337956 0.867306
Roof_Dish001
0  1.835969 13.006113 61.811691  0.899701 -0.135400 0.414975  0.305721 0.845767
0  3.177282 14.496843 59.485016  0.885605 -0.150076 0.439524  0.316130 0.827015
0  1.309470 17.622650 65.069588  0.908489 -0.216625 0.357380  0.337956 0.867306
Roof_Dish001
0  3.177282 14.496843 59.485016  0.885605 -0.150076 0.439524  0.316130 0.827015
0  1.835969 13.006113 61.811691  0.899701 -0.135400 0.414975  0.305721 0.845767
0  2.765477 8.600451 58.949169  0.887021 -0.072802 0.455953  0.274958 0.825213
Roof_Dish001
0  3.649781 9.601394 57.416355  0.879403 -0.080486 0.469226  0.281947 0.812856
0  3.177282 14.496843 59.485016  0.885605 -0.150076 0.439524  0.316130 0.827015
0  2.765477 8.600451 58.949169  0.887021 -0.072802 0.455953  0.274958 0.825213
Roof_Dish001
0  5.123015 0.000000 53.674652  0.866026 0.000000 0.500000  0.214905 0.785087
0  3.649781 9.601394 57.416355  0.879403 -0.080486 0.469226  0.281947 0.812856
0  2.765477 8.600451 58.949169  0.887021 -0.072802 0.455953  0.274958 0.825213
Roof_Dish001
0  5.123015 0.000000 53.674652  0.866026 0.000000 0.500000  0.214905 0.785087
0  4.629819 10.144923 55.720036  0.871243 -0.086013 0.483257  0.285743 0.799177
0  3.649781 9.601394 57.416355  0.879403 -0.080486 0.469226  0.281947 0.812856
Roof_Dish001
0  5.123015 0.000000 53.674652  0.866026 0.000000 0.500000  0.214905 0.785087
0  5.638294 10.392474 53.972149  0.862736 -0.087071 0.498101  0.287471 0.785087
0  4.629819 10.144923 55.720036  0.871243 -0.086013 0.483257  0.285743 0.799177
Roof_Dish001
0  5.638294 10.392474 53.972149  0.862736 -0.087071 0.498101  0.287471 0.785087
0  6.179677 15.691270 54.284714  0.854523 -0.162441 0.493359  0.324470 0.785087
0  4.629819 10.144923 55.720036  0.871243 -0.086013 0.483257  0.285743 0.799177
Roof_Dish001
0  6.179677 15.691270 54.284714  0.854523 -0.162441 0.493359  0.324470 0.785087
0  5.638294 10.392474 53.972149  0.862736 -0.087071 0.498101  0.287471 0.785087
0  6.647769 10.144923 52.224842  0.854142 -0.085966 0.512885  0.285743 0.770996
Roof_Dish001
0  7.707006 15.341757 51.642757  0.838559 -0.159806 0.520847  0.322029 0.763778
0  6.179677 15.691270 54.284714  0.854523 -0.162441 0.493359  0.324470 0.785087
0  6.647769 10.144923 52.224842  0.854142 -0.085966 0.512885  0.285743 0.770996
Roof_Dish001
0  9.182070 14.496843 49.084415  0.823457 -0.150033 0.547183  0.316130 0.743158
0  7.707006 15.341757 51.642757  0.838559 -0.159806 0.520847  0.322029 0.763778
0  6.647769 10.144923 52.224842  0.854142 -0.085966 0.512885  0.285743 0.770996
Roof_Dish001
0  7.707006 15.341757 51.642757  0.838559 -0.159806 0.520847  0.322029 0.763778
0  9.182070 14.496843 49.084415  0.823457 -0.150033 0.547183  0.316130 0.743158
0  9.264437 20.787334 51.291180  0.810689 -0.255571 0.526751  0.360053 0.756215
Roof_Dish001
0  -0.626203 18.369535 71.566650  0.934429 -0.297019 0.196525  0.343171 0.913352
0  -0.297818 14.989654 67.853493  0.928215 -0.184138 0.323280  0.319571 0.889752
0  1.309470 17.622650 65.069588  0.908489 -0.216625 0.357380  0.337956 0.867306
Roof_Dish001
0  3.177282 14.496843 59.485016  0.885605 -0.150076 0.439524  0.316130 0.827015
0  3.140838 19.584927 61.897568  0.885975 -0.240547 0.396466  0.351657 0.841731
0  1.309470 17.622650 65.069588  0.908489 -0.216625 0.357380  0.337956 0.867306
Roof_Dish001
0  3.177282 14.496843 59.485016  0.885605 -0.150076 0.439524  0.316130 0.827015
0  3.649781 9.601394 57.416355  0.879403 -0.080486 0.469226  0.281947 0.812856
0  4.629819 10.144923 55.720036  0.871243 -0.086013 0.483257  0.285743 0.799177
Roof_Dish001
0  21.213137 0.000001 65.418030  -0.433021 -0.499999 0.749996  0.909627 0.092581
0  20.347111 0.000001 64.918030  -0.433017 -0.500000 0.749997  0.909627 0.109827
0  21.681887 -1.623797 64.606125  -0.433012 -0.500002 0.749999  0.878623 0.092581
Roof_Dish001
0  20.347111 0.000001 64.918030  -0.433017 -0.500000 0.749997  0.909627 0.109827
0  20.815861 -1.623797 64.106125  -0.433008 -0.500004 0.750000  0.878623 0.109827
0  21.681887 -1.623797 64.606125  -0.433012 -0.500002 0.749999  0.878623 0.092581
end
