version 1
nodes
0 "Implicit" -1
end
skeleton
time 0
0  0.000000 0.000000 0.000000  0.000000 -0.000000 0.000000
end
triangles
ConsolePanelLoadingBay
0  -5.054033 -1.749934 41.105942  0.405222 -0.228767 0.885133  0.709768 0.580329 0
0  -7.077400 -0.412212 41.585800  0.070741 -0.240272 0.968125  0.814904 0.581402 0
0  -5.685718 -2.920532 40.861580  0.034101 -0.221827 0.974490  0.678137 0.577467 0
ConsolePanelLoadingBay
0  -7.342419 0.174347 40.603485  -0.850346 0.283197 0.443521  0.530399 0.547746 0
0  -7.739645 -1.749934 41.105942  -0.405168 -0.228777 0.885155  0.583825 0.581402 0
0  -7.077400 -0.412212 41.585800  -0.850349 0.283196 0.443516  0.532731 0.581402 0
ConsolePanelLoadingBay
0  -7.342419 0.174347 40.603485  -0.850346 0.283197 0.443521  0.530399 0.547746 0
0  -8.206197 -1.492199 40.111191  -0.908817 -0.093737 0.406529  0.581070 0.547746 0
0  -7.739645 -1.749934 41.105942  -0.405168 -0.228777 0.885155  0.583825 0.581402 0
ConsolePanelLoadingBay
0  -8.206197 -1.492199 40.111191  -0.908817 -0.093737 0.406529  0.581070 0.547746 0
0  -7.098953 -2.934259 40.845955  -0.469604 -0.865452 0.174541  0.623967 0.581402 0
0  -7.739645 -1.749934 41.105942  -0.405168 -0.228777 0.885155  0.583825 0.581402 0
ConsolePanelLoadingBay
0  -8.206197 -1.492199 40.111191  -0.908817 -0.093737 0.406529  0.581070 0.547746 0
0  -7.312337 -3.017583 39.704651  -0.469411 -0.865560 0.174527  0.623967 0.547746 0
0  -7.098953 -2.934259 40.845955  -0.469604 -0.865452 0.174541  0.623967 0.581402 0
ConsolePanelLoadingBay
0  -7.312337 -3.017583 39.704651  -0.469411 -0.865560 0.174527  0.623967 0.547746 0
0  -5.685718 -2.920532 40.861580  0.469512 -0.866084 0.171629  0.678137 0.577467 0
0  -7.098953 -2.934259 40.845955  -0.469604 -0.865452 0.174541  0.623967 0.581402 0
ConsolePanelLoadingBay
0  -7.312337 -3.017583 39.704651  -0.469411 -0.865560 0.174527  0.623967 0.547746 0
0  -5.487206 -3.021302 39.703903  0.469127 -0.866302 0.171580  0.678137 0.546315 0
0  -5.685718 -2.920532 40.861580  0.469512 -0.866084 0.171629  0.678137 0.577467 0
ConsolePanelLoadingBay
0  -5.487206 -3.021302 39.703903  0.469127 -0.866302 0.171580  0.678137 0.546315 0
0  -5.054033 -1.749934 41.105942  0.405230 -0.228713 0.885143  0.709768 0.580329 0
0  -5.685718 -2.920532 40.861580  0.469512 -0.866084 0.171629  0.678137 0.577467 0
ConsolePanelLoadingBay
0  -5.487206 -3.021302 39.703903  0.469127 -0.866302 0.171580  0.678137 0.546315 0
0  -4.562336 -1.486674 40.088512  0.912969 -0.093601 0.397148  0.702866 0.547746 0
0  -5.054033 -1.749934 41.105942  0.405230 -0.228713 0.885143  0.709768 0.580329 0
ConsolePanelLoadingBay
0  -5.231567 -3.016496 37.939274  0.483622 -0.871352 0.082802  0.678137 0.498267 0
0  -4.562336 -1.486674 40.088512  0.912969 -0.093601 0.397148  0.702866 0.547746 0
0  -5.487206 -3.021302 39.703903  0.469127 -0.866302 0.171580  0.678137 0.546315 0
ConsolePanelLoadingBay
0  -5.231567 -3.016496 37.939274  0.483622 -0.871352 0.082802  0.678137 0.498267 0
0  -4.030189 -1.048891 38.463303  0.833738 -0.538179 0.123466  0.704553 0.498267 0
0  -4.562336 -1.486674 40.088512  0.912969 -0.093601 0.397148  0.702866 0.547746 0
ConsolePanelLoadingBay
0  -7.565783 0.927635 38.974579  -0.861133 0.384250 0.332869  0.529138 0.498267 0
0  -8.206197 -1.492199 40.111191  -0.908817 -0.093737 0.406529  0.581070 0.547746 0
0  -7.342419 0.174347 40.603485  -0.861140 0.384247 0.332854  0.530399 0.547746 0
ConsolePanelLoadingBay
0  -7.565783 0.927635 38.974579  -0.861133 0.384250 0.332869  0.529138 0.498267 0
0  -8.728661 -1.061986 38.444504  -0.959503 -0.073233 0.272014  0.579383 0.498267 0
0  -8.206197 -1.492199 40.111191  -0.908817 -0.093737 0.406529  0.581070 0.547746 0
ConsolePanelLoadingBay
0  -8.728661 -1.061986 38.444504  -0.959503 -0.073233 0.272014  0.579383 0.498267 0
0  -7.312337 -3.017583 39.704651  -0.469411 -0.865560 0.174527  0.623967 0.547746 0
0  -8.206197 -1.492199 40.111191  -0.908817 -0.093737 0.406529  0.581070 0.547746 0
ConsolePanelLoadingBay
0  -8.728661 -1.061986 38.444504  -0.959503 -0.073233 0.272014  0.579383 0.498267 0
0  -7.605053 -3.102216 37.980301  -0.475862 -0.873822 0.099955  0.623967 0.498267 0
0  -7.312337 -3.017583 39.704651  -0.469411 -0.865560 0.174527  0.623967 0.547746 0
ConsolePanelLoadingBay
0  -7.605053 -3.102216 37.980301  -0.475862 -0.873822 0.099955  0.623967 0.498267 0
0  -5.487206 -3.021302 39.703903  0.469127 -0.866302 0.171580  0.678137 0.546315 0
0  -7.312337 -3.017583 39.704651  -0.469411 -0.865560 0.174527  0.623967 0.547746 0
ConsolePanelLoadingBay
0  -7.605053 -3.102216 37.980301  -0.475862 -0.873822 0.099955  0.623967 0.498267 0
0  -5.231567 -3.016496 37.939274  0.483622 -0.871352 0.082802  0.678137 0.498267 0
0  -5.487206 -3.021302 39.703903  0.469127 -0.866302 0.171580  0.678137 0.546315 0
ConsolePanelLoadingBay
0  -4.562336 -1.486674 40.088512  0.912960 -0.093624 0.397164  0.702866 0.547746 0
0  -7.077400 -0.412212 41.585800  0.545232 0.747492 0.379444  0.814904 0.581402 0
0  -5.054033 -1.749934 41.105942  0.545238 0.747464 0.379490  0.709768 0.580329 0
ConsolePanelLoadingBay
0  -4.562336 -1.486674 40.088512  0.912960 -0.093624 0.397164  0.702866 0.547746 0
0  -7.342419 0.174347 40.603485  0.545229 0.747493 0.379446  0.812571 0.547746 0
0  -7.077400 -0.412212 41.585800  0.545232 0.747492 0.379444  0.814904 0.581402 0
ConsolePanelLoadingBay
0  -29.378263 -0.452810 35.872234  -0.000001 -0.445959 0.895053  0.030381 0.729045 0
0  -30.990721 -0.956782 35.433937  -0.177388 -0.501372 0.846853  0.012903 0.721805 0
0  -31.658623 -2.173478 34.375790  -0.250857 -0.635235 0.730443  0.005663 0.704326 0
ConsolePanelLoadingBay
0  -30.990721 -3.390173 33.317642  -0.177404 -0.769098 0.614016  0.012903 0.686847 0
0  -29.378263 -3.894146 32.879345  -0.000039 -0.824564 0.565769  0.030381 0.679607 0
0  -27.758726 -3.518157 33.454903  -0.011014 -0.648973 0.760731  0.047860 0.686847 0
ConsolePanelLoadingBay
0  -30.990721 -3.390173 33.317642  -0.177404 -0.769098 0.614016  0.012903 0.686847 0
0  -27.758726 -3.518157 33.454903  -0.011014 -0.648973 0.760731  0.047860 0.686847 0
0  -31.658623 -2.173478 34.375790  -0.250857 -0.635235 0.730443  0.005663 0.704326 0
ConsolePanelLoadingBay
0  -29.378263 -0.452810 35.872234  -0.000001 -0.445959 0.895053  0.030381 0.729045 0
0  -31.658623 -2.173478 34.375790  -0.250857 -0.635235 0.730443  0.005663 0.704326 0
0  -27.758726 -3.518157 33.454903  -0.011014 -0.648973 0.760731  0.047860 0.686847 0
ConsolePanelLoadingBay
0  -27.431280 -1.571638 34.913498  0.044854 -0.603876 0.795816  0.051480 0.713065 0
0  -29.378263 -0.452810 35.872234  -0.000001 -0.445959 0.895053  0.030381 0.729045 0
0  -27.758726 -3.518157 33.454903  -0.011014 -0.648973 0.760731  0.047860 0.686847 0
ConsolePanelLoadingBay
0  -27.862875 2.804009 38.719513  0.188044 -0.490711 0.850789  0.047999 0.721853 0
0  -30.139233 3.025239 38.955467  -0.090170 -0.472686 0.876605  0.021573 0.725502 0
0  -29.370890 1.318391 38.114128  0.000946 -0.656567 0.754267  0.030381 0.704235 0
ConsolePanelLoadingBay
0  -30.139233 3.025239 38.955467  -0.090170 -0.472686 0.876605  0.021573 0.725502 0
0  -31.521345 1.660558 37.725067  -0.265939 -0.632601 0.727387  0.005466 0.704235 0
0  -29.370890 1.318391 38.114128  0.000946 -0.656567 0.754267  0.030381 0.704235 0
ConsolePanelLoadingBay
0  -31.521345 1.660558 37.725067  -0.265939 -0.632601 0.727387  0.005466 0.704235 0
0  -30.893652 0.517107 36.730621  -0.188056 -0.774493 0.603983  0.012764 0.686618 0
0  -29.370890 1.318391 38.114128  0.000946 -0.656567 0.754267  0.030381 0.704235 0
ConsolePanelLoadingBay
0  -30.893652 0.517107 36.730621  -0.188056 -0.774493 0.603983  0.012764 0.686618 0
0  -28.617245 0.252581 36.544331  0.091243 -0.802978 0.588983  0.039190 0.682969 0
0  -29.370890 1.318391 38.114128  0.000946 -0.656567 0.754267  0.030381 0.704235 0
ConsolePanelLoadingBay
0  -28.617245 0.252581 36.544331  0.091243 -0.802978 0.588983  0.039190 0.682969 0
0  -27.235180 1.660558 37.725067  0.265949 -0.632598 0.727387  0.055297 0.704235 0
0  -29.370890 1.318391 38.114128  0.000946 -0.656567 0.754267  0.030381 0.704235 0
ConsolePanelLoadingBay
0  -27.235180 1.660558 37.725067  0.265949 -0.632598 0.727387  0.055297 0.704235 0
0  -27.862875 2.804009 38.719513  0.188044 -0.490711 0.850789  0.047999 0.721853 0
0  -29.370890 1.318391 38.114128  0.000946 -0.656567 0.754267  0.030381 0.704235 0
ConsolePanelLoadingBay
0  -23.304317 -5.176241 31.438972  0.000022 -0.984801 -0.173688  0.108173 0.655809 0
0  -23.481651 -5.230830 31.748455  0.000021 -0.984801 -0.173686  0.105873 0.657613 0
0  -24.627550 -5.286186 31.454643  0.080612 -0.988471 -0.128164  0.091241 0.655809 0
ConsolePanelLoadingBay
0  -8.963360 -3.549295 36.984982  0.000000 -0.966156 -0.257957  0.863286 0.399977 0
0  -3.759856 -3.763286 37.786472  0.000000 -0.966157 -0.257955  0.881311 0.286433 0
0  -8.963360 -3.763287 37.786472  0.000000 -0.966156 -0.257957  0.881311 0.399977 0
ConsolePanelLoadingBay
0  -8.963360 -3.549295 36.984982  0.000000 -0.966156 -0.257957  0.863286 0.399977 0
0  -3.759856 -3.549295 36.984982  0.000000 -0.966157 -0.257955  0.863286 0.286433 0
0  -3.759856 -3.763286 37.786472  0.000000 -0.966157 -0.257955  0.881311 0.286433 0
ConsolePanelLoadingBay
0  -3.759856 -3.549295 36.984982  1.000000 0.000000 0.000000  0.881237 0.399951 0
0  -3.759856 1.674662 39.238358  1.000000 0.000000 0.000000  0.862958 0.533925 0
0  -3.759856 -3.763286 37.786472  1.000000 0.000000 0.000000  0.863213 0.399951 0
ConsolePanelLoadingBay
0  -3.759856 -3.549295 36.984982  1.000000 0.000000 0.000000  0.881237 0.399951 0
0  -3.759856 1.888653 38.436867  1.000000 0.000000 0.000000  0.880982 0.533925 0
0  -3.759856 1.674662 39.238358  1.000000 0.000000 0.000000  0.862958 0.533925 0
ConsolePanelLoadingBay
0  -22.979786 -4.145300 32.335571  0.000000 0.308639 0.951179  0.112382 0.671030 0
0  -21.851645 -4.444216 32.432564  0.000000 0.308639 0.951179  0.127014 0.669226 0
0  -21.674311 -4.145300 32.335571  0.000000 0.308639 0.951179  0.129314 0.671030 0
ConsolePanelLoadingBay
0  -22.979786 -4.145300 32.335571  0.000000 0.308640 0.951179  0.112382 0.671030 0
0  -22.802452 -4.444216 32.432564  0.000000 0.308640 0.951179  0.114682 0.669226 0
0  -21.851645 -4.444216 32.432564  0.000000 0.308640 0.951179  0.127014 0.669226 0
ConsolePanelLoadingBay
0  -21.674311 -5.176241 31.438972  0.835224 -0.360869 0.414938  0.129314 0.655809 0
0  -21.851645 -4.444216 32.432564  0.835225 -0.360867 0.414938  0.127014 0.669226 0
0  -21.851645 -5.230830 31.748455  0.835224 -0.360870 0.414938  0.127014 0.657613 0
ConsolePanelLoadingBay
0  -21.674311 -5.176241 31.438972  0.835224 -0.360869 0.414938  0.129314 0.655809 0
0  -21.674311 -4.145300 32.335571  0.835225 -0.360867 0.414938  0.129314 0.671030 0
0  -21.851645 -4.444216 32.432564  0.835225 -0.360867 0.414938  0.127014 0.669226 0
ConsolePanelLoadingBay
0  -22.979786 -5.176241 31.438972  -0.835225 -0.360867 0.414938  0.112382 0.655809 0
0  -22.802452 -4.444216 32.432564  -0.835225 -0.360867 0.414938  0.114682 0.669226 0
0  -22.979786 -4.145300 32.335571  -0.835225 -0.360867 0.414938  0.112382 0.671030 0
ConsolePanelLoadingBay
0  -22.979786 -5.176241 31.438972  -0.835224 -0.360870 0.414938  0.112382 0.655809 0
0  -22.802452 -5.230830 31.748455  -0.835224 -0.360870 0.414938  0.114682 0.657613 0
0  -22.802452 -4.444216 32.432564  -0.835224 -0.360870 0.414938  0.114682 0.669226 0
ConsolePanelLoadingBay
0  -22.979786 -5.176241 31.438972  0.000000 -0.984797 -0.173707  0.112382 0.655809 0
0  -21.851645 -5.230830 31.748455  0.000000 -0.984797 -0.173708  0.127014 0.657613 0
0  -22.802452 -5.230830 31.748455  0.000000 -0.984798 -0.173706  0.114682 0.657613 0
ConsolePanelLoadingBay
0  -22.979786 -5.176241 31.438972  0.000000 -0.984797 -0.173707  0.112382 0.655809 0
0  -21.674311 -5.176241 31.438972  0.000000 -0.984797 -0.173708  0.129314 0.655809 0
0  -21.851645 -5.230830 31.748455  0.000000 -0.984797 -0.173708  0.127014 0.657613 0
ConsolePanelLoadingBay
0  -22.802452 -5.230830 31.748455  0.000000 -0.656231 0.754560  0.114682 0.657613 0
0  -21.851645 -4.444216 32.432564  0.000000 -0.656231 0.754560  0.127014 0.669226 0
0  -22.802452 -4.444216 32.432564  0.000000 -0.656230 0.754561  0.114682 0.669226 0
ConsolePanelLoadingBay
0  -22.802452 -5.230830 31.748455  0.000000 -0.656231 0.754560  0.114682 0.657613 0
0  -21.851645 -5.230830 31.748455  0.000000 -0.656232 0.754559  0.127014 0.657613 0
0  -21.851645 -4.444216 32.432564  0.000000 -0.656231 0.754560  0.127014 0.669226 0
ConsolePanelLoadingBay
0  -24.627550 -5.286186 31.454643  -0.090300 -0.586162 0.805146  0.091241 0.655809 0
0  -23.235683 -4.188476 32.409912  -0.090301 -0.586162 0.805146  0.108173 0.671030 0
0  -24.644327 -4.155506 32.400753  -0.090301 -0.586162 0.805146  0.091241 0.671030 0
ConsolePanelLoadingBay
0  -24.627550 -5.286186 31.454643  -0.090412 -0.586085 0.805189  0.091241 0.655809 0
0  -23.481651 -5.230830 31.748455  -0.000066 -0.656179 0.754605  0.105873 0.657613 0
0  -23.235683 -4.188476 32.409912  -0.090414 -0.586085 0.805189  0.108173 0.671030 0
ConsolePanelLoadingBay
0  1.490600 -6.674088 32.039852  0.000000 -0.656231 0.754560  0.545997 0.425696 0
0  2.566053 -4.490772 33.938656  0.000000 -0.656231 0.754560  0.555289 0.441320 0
0  1.490600 -4.490772 33.938656  0.000000 -0.656231 0.754560  0.545997 0.441320 0
ConsolePanelLoadingBay
0  1.490600 -6.674088 32.039852  0.000000 -0.656231 0.754560  0.545997 0.425696 0
0  2.566053 -6.674088 32.039852  0.000000 -0.656231 0.754560  0.555289 0.425696 0
0  2.566053 -4.490772 33.938656  0.000000 -0.656231 0.754560  0.555289 0.441320 0
ConsolePanelLoadingBay
0  1.490600 -6.243391 31.544621  0.000000 -0.754560 -0.656232  0.540009 0.426073 0
0  2.566053 -6.674088 32.039852  0.000000 -0.754560 -0.656231  0.558596 0.426073 0
0  1.490600 -6.674088 32.039852  0.000000 -0.754559 -0.656232  0.540009 0.426073 0
ConsolePanelLoadingBay
0  1.490600 -6.243391 31.544621  0.000000 -0.754560 -0.656232  0.540009 0.426073 0
0  2.566053 -6.243391 31.544621  0.000000 -0.754560 -0.656231  0.558596 0.426073 0
0  2.566053 -6.674088 32.039852  0.000000 -0.754560 -0.656231  0.558596 0.426073 0
ConsolePanelLoadingBay
0  1.490600 -6.243391 31.544621  -1.000000 -0.000000 0.000000  0.544065 0.425429 0
0  1.490600 -4.490772 33.938656  -1.000000 -0.000000 0.000000  0.540157 0.442656 0
0  1.490600 -4.060075 33.443424  -1.000000 -0.000000 0.000000  0.544065 0.442656 0
ConsolePanelLoadingBay
0  1.490600 -6.243391 31.544621  -1.000000 0.000000 0.000000  0.544065 0.425429 0
0  1.490600 -6.674088 32.039852  -1.000000 0.000000 0.000000  0.540157 0.425429 0
0  1.490600 -4.490772 33.938656  -1.000000 0.000000 0.000000  0.540157 0.442656 0
ConsolePanelLoadingBay
0  2.566053 -6.243391 31.544621  1.000000 0.000000 0.000000  0.544065 0.425429 0
0  2.566053 -4.490772 33.938656  1.000000 0.000000 0.000000  0.540157 0.442656 0
0  2.566053 -6.674088 32.039852  1.000000 0.000000 0.000000  0.540157 0.425429 0
ConsolePanelLoadingBay
0  2.566053 -6.243391 31.544621  1.000000 0.000000 0.000000  0.544065 0.425429 0
0  2.566053 -4.060075 33.443424  1.000000 0.000000 0.000000  0.544065 0.442656 0
0  2.566053 -4.490772 33.938656  1.000000 0.000000 0.000000  0.540157 0.442656 0
ConsolePanelLoadingBay
0  31.707117 -8.044418 0.001322  -0.000000 0.000000 -1.000000  0.632655 0.003735 0
0  31.951651 7.909289 0.001322  -0.000000 0.000000 -1.000000  0.505119 0.003748 0
0  31.951651 -7.876823 0.001322  0.000000 0.000000 -1.000000  0.631300 0.003734 0
ConsolePanelLoadingBay
0  31.707117 -8.044418 0.001322  -0.000000 0.000000 -1.000000  0.632655 0.003735 0
0  31.707117 8.045534 0.001322  -0.000000 0.000000 -1.000000  0.504019 0.003749 0
0  31.951651 7.909289 0.001322  -0.000000 0.000000 -1.000000  0.505119 0.003748 0
ConsolePanelLoadingBay
0  -31.562456 8.045532 0.001322  -0.000000 0.000000 -1.000000  0.504019 0.003749 0
0  -31.791149 -7.876826 0.001322  0.000000 0.000000 -1.000000  0.631300 0.003734 0
0  -31.791149 7.909286 0.001322  -0.000000 0.000000 -1.000000  0.505119 0.003748 0
ConsolePanelLoadingBay
0  -31.562456 8.045532 0.001322  -0.000000 0.000000 -1.000000  0.504019 0.003749 0
0  -31.562456 -8.044420 0.001322  0.000000 0.000000 -1.000000  0.632655 0.003735 0
0  -31.791149 -7.876826 0.001322  0.000000 0.000000 -1.000000  0.631300 0.003734 0
ConsolePanelLoadingBay
0  -31.562456 4.145752 39.894901  -0.000968 -0.659522 0.751685  0.001623 0.801636 0
0  -26.892857 2.938496 38.844963  -0.000978 -0.659581 0.751633  0.061933 0.783091 0
0  -2.142043 2.938497 38.844963  0.000681 -0.656518 0.754310  0.381586 0.783123 0
ConsolePanelLoadingBay
0  -26.892857 -7.090187 30.123138  -0.000974 -0.659579 0.751635  0.061952 0.628989 0
0  -26.892857 2.938496 38.844963  -0.000978 -0.659581 0.751633  0.061933 0.783091 0
0  -31.562456 4.145752 39.894901  -0.000968 -0.659522 0.751685  0.001623 0.801636 0
ConsolePanelLoadingBay
0  -26.892857 -7.090187 30.123138  -0.000974 -0.659579 0.751635  0.061952 0.628989 0
0  -31.562456 4.145752 39.894901  -0.000968 -0.659522 0.751685  0.001623 0.801636 0
0  -31.562456 -8.039358 29.278767  -0.001036 -0.659509 0.751696  0.001647 0.614254 0
ConsolePanelLoadingBay
0  -26.892857 -7.090187 30.123138  -0.000974 -0.659579 0.751635  0.061952 0.628989 0
0  -31.562456 -8.039358 29.278767  -0.001036 -0.659509 0.751696  0.001647 0.614254 0
0  6.693663 -8.039357 29.278767  -0.000966 -0.659559 0.751652  0.495718 0.614303 0
ConsolePanelLoadingBay
0  -26.892857 -7.090187 30.123138  -0.000974 -0.659579 0.751635  0.061952 0.628989 0
0  6.693663 -8.039357 29.278767  -0.000966 -0.659559 0.751652  0.495718 0.614303 0
0  -2.142043 -7.090186 30.123138  -0.000926 -0.659635 0.751586  0.381605 0.629021 0
ConsolePanelLoadingBay
0  -2.142043 2.938497 38.844963  0.000681 -0.656518 0.754310  0.381586 0.783123 0
0  -2.142043 -7.090186 30.123138  -0.000926 -0.659635 0.751586  0.381605 0.629021 0
0  6.693663 -8.039357 29.278767  -0.000966 -0.659559 0.751652  0.495718 0.614303 0
ConsolePanelLoadingBay
0  -2.142043 2.938497 38.844963  0.000681 -0.656518 0.754310  0.381586 0.783123 0
0  6.693663 -8.039357 29.278767  -0.000966 -0.659559 0.751652  0.495718 0.614303 0
0  6.685173 4.145754 39.894901  0.000382 -0.656645 0.754200  0.495586 0.801685 0
ConsolePanelLoadingBay
0  -2.142043 2.938497 38.844963  0.000681 -0.656518 0.754310  0.381586 0.783123 0
0  6.685173 4.145754 39.894901  0.000382 -0.656645 0.754200  0.495586 0.801685 0
0  -31.562456 4.145752 39.894901  -0.000968 -0.659522 0.751685  0.001623 0.801636 0
ConsolePanelLoadingBay
0  -23.304317 -5.176241 31.438972  0.835225 -0.360887 0.414922  0.108173 0.655809 0
0  -23.235683 -4.188476 32.409912  0.811338 -0.437495 0.387723  0.108173 0.671030 0
0  -23.481651 -5.230830 31.748455  0.835227 -0.360886 0.414919  0.105873 0.657613 0
ConsolePanelLoadingBay
0  6.685173 4.145754 39.894901  -1.000000 -0.000396 -0.000345  0.304494 0.923804 0
0  6.693663 -12.171866 34.022022  -0.733619 -0.628594 0.258210  0.430836 0.995160 0
0  6.685173 0.013247 44.638161  -0.923891 -0.251727 0.288199  0.304538 0.995431 0
ConsolePanelLoadingBay
0  6.685173 4.145754 39.894901  -1.000000 -0.000396 -0.000345  0.304494 0.923804 0
0  6.693663 -8.039357 29.278767  -1.000000 -0.000396 -0.000345  0.430793 0.923533 0
0  6.693663 -12.171866 34.022022  -0.733619 -0.628594 0.258210  0.430836 0.995160 0
ConsolePanelLoadingBay
0  6.693663 -8.039357 29.278767  0.000000 -0.753980 -0.656897  0.430793 0.923533 0
0  31.707117 -12.171865 34.022022  0.000000 -0.753980 -0.656897  0.650346 0.995160 0
0  6.693663 -12.171866 34.022022  0.000000 -0.753981 -0.656897  0.430836 0.995160 0
ConsolePanelLoadingBay
0  6.693663 -8.039357 29.278767  0.000000 -0.753980 -0.656897  0.430793 0.923533 0
0  31.707117 -8.039356 29.278767  0.000000 -0.753980 -0.656897  0.650389 0.923533 0
0  31.707117 -12.171865 34.022022  0.000000 -0.753980 -0.656897  0.650346 0.995160 0
ConsolePanelLoadingBay
0  31.707117 -8.039356 29.278767  1.000000 0.000000 0.000000  0.650389 0.923533 0
0  31.707117 0.013248 44.638161  1.000000 0.000000 0.000000  0.776610 0.995431 0
0  31.707117 -12.171865 34.022022  1.000000 0.000000 0.000000  0.650346 0.995160 0
ConsolePanelLoadingBay
0  31.707117 -8.039356 29.278767  1.000000 0.000000 0.000000  0.650389 0.923533 0
0  31.707117 4.145755 39.894901  1.000000 0.000000 0.000000  0.776654 0.923804 0
0  31.707117 0.013248 44.638161  1.000000 0.000000 0.000000  0.776610 0.995431 0
ConsolePanelLoadingBay
0  31.707117 4.145755 39.894901  -0.000000 0.753981 0.656897  0.776654 0.923804 0
0  6.685173 0.013247 44.638161  -0.000000 0.753981 0.656897  0.996241 0.995431 0
0  31.707117 0.013248 44.638161  0.000000 0.753981 0.656897  0.776610 0.995431 0
ConsolePanelLoadingBay
0  31.707117 4.145755 39.894901  -0.000000 0.753981 0.656897  0.776654 0.923804 0
0  6.685173 4.145754 39.894901  -0.000000 0.753981 0.656897  0.996198 0.923804 0
0  6.685173 0.013247 44.638161  -0.000000 0.753981 0.656897  0.996241 0.995431 0
ConsolePanelLoadingBay
0  -24.432459 -6.521007 30.626404  0.000000 -0.656231 0.754560  0.093541 0.638565 0
0  -23.481651 -5.734393 31.310513  0.000000 -0.656231 0.754560  0.105873 0.650178 0
0  -24.432459 -5.734393 31.310513  0.000000 -0.656232 0.754560  0.093541 0.650178 0
ConsolePanelLoadingBay
0  -24.432459 -6.521007 30.626404  0.000000 -0.656231 0.754560  0.093541 0.638565 0
0  -23.481651 -6.521007 30.626404  0.000000 -0.656231 0.754560  0.105873 0.638565 0
0  -23.481651 -5.734393 31.310513  0.000000 -0.656231 0.754560  0.105873 0.650178 0
ConsolePanelLoadingBay
0  -21.362329 -5.306663 31.465847  -0.002340 -0.628767 0.777590  0.133523 0.655809 0
0  -20.009768 -4.155506 32.400753  -0.002073 -0.628957 0.777437  0.150455 0.671030 0
0  -21.418413 -4.188476 32.409912  -0.002332 -0.628775 0.777583  0.133523 0.671030 0
ConsolePanelLoadingBay
0  -21.362329 -5.306663 31.465847  -0.002340 -0.628767 0.777590  0.133523 0.655809 0
0  -20.041943 -5.264239 31.544130  -0.002337 -0.628767 0.777590  0.150455 0.655809 0
0  -20.009768 -4.155506 32.400753  -0.002073 -0.628957 0.777437  0.150455 0.671030 0
ConsolePanelLoadingBay
0  -24.609793 -6.466417 30.316921  0.000000 -0.984797 -0.173711  0.091241 0.636761 0
0  -23.481651 -6.521007 30.626404  0.000000 -0.984797 -0.173711  0.105873 0.638565 0
0  -24.432459 -6.521007 30.626404  0.000000 -0.984797 -0.173710  0.093541 0.638565 0
ConsolePanelLoadingBay
0  -24.609793 -6.466417 30.316921  0.000000 -0.984797 -0.173711  0.091241 0.636761 0
0  -23.304317 -6.466417 30.316921  0.000000 -0.984797 -0.173711  0.108173 0.636761 0
0  -23.481651 -6.521007 30.626404  0.000000 -0.984797 -0.173711  0.105873 0.638565 0
ConsolePanelLoadingBay
0  -24.609793 -6.466417 30.316921  -0.835229 -0.360864 0.414933  0.091241 0.636761 0
0  -24.432459 -5.734393 31.310513  -0.835229 -0.360864 0.414933  0.093541 0.650178 0
0  -24.609793 -5.435476 31.213520  -0.835229 -0.360864 0.414933  0.091241 0.651982 0
ConsolePanelLoadingBay
0  -24.609793 -6.466417 30.316921  -0.835232 -0.360858 0.414931  0.091241 0.636761 0
0  -24.432459 -6.521007 30.626404  -0.835232 -0.360858 0.414931  0.093541 0.638565 0
0  -24.432459 -5.734393 31.310513  -0.835232 -0.360858 0.414931  0.093541 0.650178 0
ConsolePanelLoadingBay
0  -23.304317 -6.466417 30.316921  0.835231 -0.360861 0.414931  0.108173 0.636761 0
0  -23.481651 -5.734393 31.310513  0.835228 -0.360868 0.414932  0.105873 0.650178 0
0  -23.481651 -6.521007 30.626404  0.835232 -0.360858 0.414931  0.105873 0.638565 0
ConsolePanelLoadingBay
0  -23.304317 -6.466417 30.316921  0.835231 -0.360861 0.414931  0.108173 0.636761 0
0  -23.304317 -5.435476 31.213520  0.835227 -0.360870 0.414932  0.108173 0.651982 0
0  -23.481651 -5.734393 31.310513  0.835228 -0.360868 0.414932  0.105873 0.650178 0
ConsolePanelLoadingBay
0  -24.609793 -5.435476 31.213520  0.000000 0.308639 0.951179  0.091241 0.651982 0
0  -23.481651 -5.734393 31.310513  0.000000 0.308639 0.951179  0.105873 0.650178 0
0  -23.304317 -5.435476 31.213520  0.000000 0.308639 0.951179  0.108173 0.651982 0
ConsolePanelLoadingBay
0  -24.609793 -5.435476 31.213520  0.000000 0.308637 0.951180  0.091241 0.651982 0
0  -24.432459 -5.734393 31.310513  0.000000 0.308637 0.951180  0.093541 0.650178 0
0  -23.481651 -5.734393 31.310513  0.000000 0.308637 0.951180  0.105873 0.650178 0
ConsolePanelLoadingBay
0  -19.794022 -5.254219 31.508471  0.024587 -0.663653 0.747637  0.154664 0.655809 0
0  -18.396540 -4.145567 32.446625  0.024380 -0.663507 0.747772  0.171596 0.671030 0
0  -19.794466 -4.205576 32.422363  0.024616 -0.663669 0.747621  0.154664 0.671030 0
ConsolePanelLoadingBay
0  -19.794022 -5.254219 31.508471  0.024587 -0.663653 0.747637  0.154664 0.655809 0
0  -18.379763 -5.239379 31.458122  0.024594 -0.663663 0.747627  0.171596 0.655809 0
0  -18.396540 -4.145567 32.446625  0.024380 -0.663507 0.747772  0.171596 0.671030 0
ConsolePanelLoadingBay
0  -18.129522 -4.145300 32.335571  0.000000 0.308640 0.951179  0.175290 0.671030 0
0  -17.001381 -4.444216 32.432564  0.000000 0.308640 0.951179  0.189921 0.669226 0
0  -16.824047 -4.145300 32.335571  0.000000 0.308640 0.951179  0.192221 0.671030 0
ConsolePanelLoadingBay
0  -18.129522 -4.145300 32.335571  0.000000 0.308639 0.951179  0.175290 0.671030 0
0  -17.952188 -4.444216 32.432564  0.000000 0.308639 0.951179  0.177590 0.669226 0
0  -17.001381 -4.444216 32.432564  0.000000 0.308639 0.951179  0.189921 0.669226 0
ConsolePanelLoadingBay
0  -16.824047 -5.176241 31.438972  0.835225 -0.360869 0.414938  0.192221 0.655809 0
0  -17.001381 -4.444216 32.432564  0.835226 -0.360865 0.414939  0.189921 0.669226 0
0  -17.001381 -5.230830 31.748455  0.835224 -0.360870 0.414938  0.189921 0.657613 0
ConsolePanelLoadingBay
0  -16.824047 -5.176241 31.438972  0.835225 -0.360869 0.414938  0.192221 0.655809 0
0  -16.824047 -4.145300 32.335571  0.835226 -0.360864 0.414939  0.192221 0.671030 0
0  -17.001381 -4.444216 32.432564  0.835226 -0.360865 0.414939  0.189921 0.669226 0
ConsolePanelLoadingBay
0  -18.129522 -5.176241 31.438972  -0.835227 -0.360863 0.414939  0.175290 0.655809 0
0  -17.952188 -4.444216 32.432564  -0.835227 -0.360863 0.414939  0.177590 0.669226 0
0  -18.129522 -4.145300 32.335571  -0.835227 -0.360863 0.414939  0.175290 0.671030 0
ConsolePanelLoadingBay
0  -18.129522 -5.176241 31.438972  -0.835224 -0.360870 0.414938  0.175290 0.655809 0
0  -17.952188 -5.230830 31.748455  -0.835224 -0.360870 0.414938  0.177590 0.657613 0
0  -17.952188 -4.444216 32.432564  -0.835224 -0.360870 0.414938  0.177590 0.669226 0
ConsolePanelLoadingBay
0  -18.129522 -5.176241 31.438972  0.000000 -0.984797 -0.173707  0.175290 0.655809 0
0  -17.001381 -5.230830 31.748455  0.000000 -0.984797 -0.173708  0.189921 0.657613 0
0  -17.952188 -5.230830 31.748455  0.000000 -0.984797 -0.173707  0.177590 0.657613 0
ConsolePanelLoadingBay
0  -18.129522 -5.176241 31.438972  0.000000 -0.984797 -0.173707  0.175290 0.655809 0
0  -16.824047 -5.176241 31.438972  0.000000 -0.984797 -0.173708  0.192221 0.655809 0
0  -17.001381 -5.230830 31.748455  0.000000 -0.984797 -0.173708  0.189921 0.657613 0
ConsolePanelLoadingBay
0  -17.952188 -5.230830 31.748455  0.000000 -0.656231 0.754560  0.177590 0.657613 0
0  -17.001381 -4.444216 32.432564  0.000000 -0.656231 0.754560  0.189921 0.669226 0
0  -17.952188 -4.444216 32.432564  0.000000 -0.656232 0.754559  0.177590 0.669226 0
ConsolePanelLoadingBay
0  -17.952188 -5.230830 31.748455  0.000000 -0.656231 0.754560  0.177590 0.657613 0
0  -17.001381 -5.230830 31.748455  0.000000 -0.656230 0.754561  0.189921 0.657613 0
0  -17.001381 -4.444216 32.432564  0.000000 -0.656231 0.754560  0.189921 0.669226 0
ConsolePanelLoadingBay
0  -22.802452 -6.521007 30.626404  0.000000 -0.656231 0.754560  0.114682 0.638565 0
0  -21.851645 -5.734393 31.310513  0.000000 -0.656231 0.754560  0.127014 0.650178 0
0  -22.802452 -5.734393 31.310513  0.000000 -0.656230 0.754561  0.114682 0.650178 0
ConsolePanelLoadingBay
0  -22.802452 -6.521007 30.626404  0.000000 -0.656231 0.754560  0.114682 0.638565 0
0  -21.851645 -6.521007 30.626404  0.000000 -0.656232 0.754559  0.127014 0.638565 0
0  -21.851645 -5.734393 31.310513  0.000000 -0.656231 0.754560  0.127014 0.650178 0
ConsolePanelLoadingBay
0  -22.979786 -6.466417 30.316921  0.000000 -0.984797 -0.173710  0.112382 0.636761 0
0  -21.851645 -6.521007 30.626404  0.000000 -0.984797 -0.173711  0.127014 0.638565 0
0  -22.802452 -6.521007 30.626404  0.000000 -0.984797 -0.173709  0.114682 0.638565 0
ConsolePanelLoadingBay
0  -22.979786 -6.466417 30.316921  0.000000 -0.984797 -0.173710  0.112382 0.636761 0
0  -21.674311 -6.466417 30.316921  0.000000 -0.984797 -0.173712  0.129314 0.636761 0
0  -21.851645 -6.521007 30.626404  0.000000 -0.984797 -0.173711  0.127014 0.638565 0
ConsolePanelLoadingBay
0  -22.979786 -6.466417 30.316921  -0.835229 -0.360863 0.414933  0.112382 0.636761 0
0  -22.802452 -5.734393 31.310513  -0.835229 -0.360863 0.414933  0.114682 0.650178 0
0  -22.979786 -5.435476 31.213520  -0.835229 -0.360863 0.414933  0.112382 0.651982 0
ConsolePanelLoadingBay
0  -22.979786 -6.466417 30.316921  -0.835231 -0.360863 0.414930  0.112382 0.636761 0
0  -22.802452 -6.521007 30.626404  -0.835231 -0.360863 0.414930  0.114682 0.638565 0
0  -22.802452 -5.734393 31.310513  -0.835231 -0.360863 0.414930  0.114682 0.650178 0
ConsolePanelLoadingBay
0  -21.674311 -6.466417 30.316921  0.835230 -0.360863 0.414931  0.129314 0.636761 0
0  -21.851645 -5.734393 31.310513  0.835230 -0.360863 0.414933  0.127014 0.650178 0
0  -21.851645 -6.521007 30.626404  0.835231 -0.360863 0.414930  0.127014 0.638565 0
ConsolePanelLoadingBay
0  -21.674311 -6.466417 30.316921  0.835230 -0.360863 0.414931  0.129314 0.636761 0
0  -21.674311 -5.435476 31.213520  0.835229 -0.360863 0.414933  0.129314 0.651982 0
0  -21.851645 -5.734393 31.310513  0.835230 -0.360863 0.414933  0.127014 0.650178 0
ConsolePanelLoadingBay
0  -16.595390 -5.264256 31.545204  0.031140 -0.633868 0.772814  0.195141 0.655809 0
0  -15.258895 -4.155506 32.400753  0.030501 -0.633408 0.773216  0.212073 0.671030 0
0  -16.667540 -4.188476 32.409912  0.030805 -0.633625 0.773027  0.195141 0.671030 0
ConsolePanelLoadingBay
0  -16.595390 -5.264256 31.545204  0.031140 -0.633868 0.772814  0.195141 0.655809 0
0  -15.275673 -5.286185 31.454643  0.030812 -0.633635 0.773018  0.212073 0.655809 0
0  -15.258895 -4.155506 32.400753  0.030501 -0.633408 0.773216  0.212073 0.671030 0
ConsolePanelLoadingBay
0  -15.028533 -4.145299 32.335571  0.000000 0.308639 0.951180  0.215509 0.671030 0
0  -13.900392 -4.444215 32.432564  0.000000 0.308639 0.951180  0.230141 0.669226 0
0  -13.723059 -4.145299 32.335571  0.000000 0.308639 0.951180  0.232441 0.671030 0
ConsolePanelLoadingBay
0  -15.028533 -4.145299 32.335571  0.000000 0.308641 0.951179  0.215509 0.671030 0
0  -14.851200 -4.444215 32.432564  0.000000 0.308641 0.951179  0.217809 0.669226 0
0  -13.900392 -4.444215 32.432564  0.000000 0.308641 0.951179  0.230141 0.669226 0
ConsolePanelLoadingBay
0  -13.723059 -5.176240 31.438972  0.835227 -0.360866 0.414936  0.232441 0.655809 0
0  -13.900392 -4.444215 32.432564  0.835226 -0.360867 0.414936  0.230141 0.669226 0
0  -13.900392 -5.230829 31.748455  0.835227 -0.360866 0.414936  0.230141 0.657613 0
ConsolePanelLoadingBay
0  -13.723059 -5.176240 31.438972  0.835227 -0.360866 0.414936  0.232441 0.655809 0
0  -13.723059 -4.145299 32.335571  0.835226 -0.360867 0.414936  0.232441 0.671030 0
0  -13.900392 -4.444215 32.432564  0.835226 -0.360867 0.414936  0.230141 0.669226 0
ConsolePanelLoadingBay
0  -15.028533 -5.176240 31.438972  -0.835227 -0.360864 0.414937  0.215509 0.655809 0
0  -14.851200 -4.444215 32.432564  -0.835227 -0.360864 0.414937  0.217809 0.669226 0
0  -15.028533 -4.145299 32.335571  -0.835227 -0.360864 0.414937  0.215509 0.671030 0
ConsolePanelLoadingBay
0  -15.028533 -5.176240 31.438972  -0.835227 -0.360866 0.414936  0.215509 0.655809 0
0  -14.851200 -5.230829 31.748455  -0.835227 -0.360866 0.414936  0.217809 0.657613 0
0  -14.851200 -4.444215 32.432564  -0.835227 -0.360866 0.414936  0.217809 0.669226 0
ConsolePanelLoadingBay
0  -15.028533 -5.176240 31.438972  0.000000 -0.984798 -0.173706  0.215509 0.655809 0
0  -13.900392 -5.230829 31.748455  0.000000 -0.984798 -0.173704  0.230141 0.657613 0
0  -14.851200 -5.230829 31.748455  0.000000 -0.984798 -0.173706  0.217809 0.657613 0
ConsolePanelLoadingBay
0  -15.028533 -5.176240 31.438972  0.000000 -0.984798 -0.173706  0.215509 0.655809 0
0  -13.723059 -5.176240 31.438972  0.000000 -0.984798 -0.173704  0.232441 0.655809 0
0  -13.900392 -5.230829 31.748455  0.000000 -0.984798 -0.173704  0.230141 0.657613 0
ConsolePanelLoadingBay
0  -14.851200 -5.230829 31.748455  0.000000 -0.656232 0.754560  0.217809 0.657613 0
0  -13.900392 -4.444215 32.432564  0.000000 -0.656232 0.754560  0.230141 0.669226 0
0  -14.851200 -4.444215 32.432564  0.000000 -0.656232 0.754559  0.217809 0.669226 0
ConsolePanelLoadingBay
0  -14.851200 -5.230829 31.748455  0.000000 -0.656232 0.754560  0.217809 0.657613 0
0  -13.900392 -5.230829 31.748455  0.000000 -0.656231 0.754560  0.230141 0.657613 0
0  -13.900392 -4.444215 32.432564  0.000000 -0.656232 0.754560  0.230141 0.669226 0
ConsolePanelLoadingBay
0  -13.458160 -4.145299 32.335571  0.000000 0.308639 0.951179  0.235877 0.671030 0
0  -12.330020 -4.444215 32.432564  0.000000 0.308639 0.951179  0.250508 0.669226 0
0  -12.152686 -4.145299 32.335571  0.000000 0.308639 0.951179  0.252808 0.671030 0
ConsolePanelLoadingBay
0  -13.458160 -4.145299 32.335571  0.000000 0.308638 0.951180  0.235877 0.671030 0
0  -13.280828 -4.444215 32.432564  0.000000 0.308638 0.951180  0.238176 0.669226 0
0  -12.330020 -4.444215 32.432564  0.000000 0.308638 0.951180  0.250508 0.669226 0
ConsolePanelLoadingBay
0  -12.152686 -5.176240 31.438972  0.835224 -0.360870 0.414938  0.252808 0.655809 0
0  -12.330020 -4.444215 32.432564  0.835225 -0.360868 0.414938  0.250508 0.669226 0
0  -12.330020 -5.230829 31.748455  0.835224 -0.360870 0.414937  0.250508 0.657613 0
ConsolePanelLoadingBay
0  -12.152686 -5.176240 31.438972  0.835224 -0.360870 0.414938  0.252808 0.655809 0
0  -12.152686 -4.145299 32.335571  0.835225 -0.360867 0.414938  0.252808 0.671030 0
0  -12.330020 -4.444215 32.432564  0.835225 -0.360868 0.414938  0.250508 0.669226 0
ConsolePanelLoadingBay
0  -13.458160 -5.176240 31.438972  -0.835228 -0.360863 0.414935  0.235877 0.655809 0
0  -13.280828 -4.444215 32.432564  -0.835228 -0.360863 0.414935  0.238176 0.669226 0
0  -13.458160 -4.145299 32.335571  -0.835228 -0.360863 0.414935  0.235877 0.671030 0
ConsolePanelLoadingBay
0  -13.458160 -5.176240 31.438972  -0.835227 -0.360866 0.414935  0.235877 0.655809 0
0  -13.280828 -5.230829 31.748455  -0.835227 -0.360866 0.414935  0.238176 0.657613 0
0  -13.280828 -4.444215 32.432564  -0.835227 -0.360866 0.414935  0.238176 0.669226 0
ConsolePanelLoadingBay
0  -13.458160 -5.176240 31.438972  0.000000 -0.984798 -0.173706  0.235877 0.655809 0
0  -12.330020 -5.230829 31.748455  0.000000 -0.984798 -0.173705  0.250508 0.657613 0
0  -13.280828 -5.230829 31.748455  0.000000 -0.984797 -0.173707  0.238176 0.657613 0
ConsolePanelLoadingBay
0  -13.458160 -5.176240 31.438972  0.000000 -0.984798 -0.173706  0.235877 0.655809 0
0  -12.152686 -5.176240 31.438972  0.000000 -0.984798 -0.173705  0.252808 0.655809 0
0  -12.330020 -5.230829 31.748455  0.000000 -0.984798 -0.173705  0.250508 0.657613 0
ConsolePanelLoadingBay
0  -13.280828 -5.230829 31.748455  0.000000 -0.656231 0.754560  0.238176 0.657613 0
0  -12.330020 -4.444215 32.432564  0.000000 -0.656231 0.754560  0.250508 0.669226 0
0  -13.280828 -4.444215 32.432564  0.000000 -0.656231 0.754560  0.238176 0.669226 0
ConsolePanelLoadingBay
0  -13.280828 -5.230829 31.748455  0.000000 -0.656231 0.754560  0.238176 0.657613 0
0  -12.330020 -5.230829 31.748455  0.000000 -0.656231 0.754560  0.250508 0.657613 0
0  -12.330020 -4.444215 32.432564  0.000000 -0.656231 0.754560  0.250508 0.669226 0
ConsolePanelLoadingBay
0  -13.458160 -2.840122 33.470669  0.000000 0.308641 0.951179  0.235877 0.691410 0
0  -12.330020 -3.139037 33.567661  0.000000 0.308641 0.951179  0.250508 0.689607 0
0  -12.152686 -2.840122 33.470669  0.000000 0.308641 0.951179  0.252808 0.691410 0
ConsolePanelLoadingBay
0  -13.458160 -2.840122 33.470669  0.000000 0.308640 0.951179  0.235877 0.691410 0
0  -13.280828 -3.139037 33.567661  0.000000 0.308640 0.951179  0.238176 0.689607 0
0  -12.330020 -3.139037 33.567661  0.000000 0.308640 0.951179  0.250508 0.689607 0
ConsolePanelLoadingBay
0  -12.152686 -3.871063 32.574070  0.835230 -0.360864 0.414932  0.252808 0.676190 0
0  -12.330020 -3.139037 33.567661  0.835228 -0.360865 0.414935  0.250508 0.689607 0
0  -12.330020 -3.925653 32.883553  0.835231 -0.360863 0.414931  0.250508 0.677993 0
ConsolePanelLoadingBay
0  -12.152686 -3.871063 32.574070  0.835230 -0.360864 0.414932  0.252808 0.676190 0
0  -12.152686 -2.840122 33.470669  0.835228 -0.360865 0.414935  0.252808 0.691410 0
0  -12.330020 -3.139037 33.567661  0.835228 -0.360865 0.414935  0.250508 0.689607 0
ConsolePanelLoadingBay
0  -13.458160 -3.871063 32.574070  -0.835231 -0.360860 0.414932  0.235877 0.676190 0
0  -13.280828 -3.139037 33.567661  -0.835231 -0.360860 0.414932  0.238176 0.689607 0
0  -13.458160 -2.840122 33.470669  -0.835231 -0.360860 0.414932  0.235877 0.691410 0
ConsolePanelLoadingBay
0  -13.458160 -3.871063 32.574070  -0.835234 -0.360859 0.414928  0.235877 0.676190 0
0  -13.280828 -3.925653 32.883553  -0.835234 -0.360859 0.414928  0.238176 0.677993 0
0  -13.280828 -3.139037 33.567661  -0.835234 -0.360859 0.414928  0.238176 0.689607 0
ConsolePanelLoadingBay
0  -13.458160 -3.871063 32.574070  0.000000 -0.984797 -0.173710  0.235877 0.676190 0
0  -12.330020 -3.925653 32.883553  0.000000 -0.984797 -0.173710  0.250508 0.677993 0
0  -13.280828 -3.925653 32.883553  0.000000 -0.984797 -0.173710  0.238176 0.677993 0
ConsolePanelLoadingBay
0  -13.458160 -3.871063 32.574070  0.000000 -0.984797 -0.173710  0.235877 0.676190 0
0  -12.152686 -3.871063 32.574070  0.000000 -0.984797 -0.173710  0.252808 0.676190 0
0  -12.330020 -3.925653 32.883553  0.000000 -0.984797 -0.173710  0.250508 0.677993 0
ConsolePanelLoadingBay
0  -13.280828 -3.925653 32.883553  0.000000 -0.656230 0.754561  0.238176 0.677993 0
0  -12.330020 -3.139037 33.567661  0.000000 -0.656230 0.754561  0.250508 0.689607 0
0  -13.280828 -3.139037 33.567661  0.000000 -0.656230 0.754561  0.238176 0.689607 0
ConsolePanelLoadingBay
0  -13.280828 -3.925653 32.883553  0.000000 -0.656230 0.754561  0.238176 0.677993 0
0  -12.330020 -3.925653 32.883553  0.000000 -0.656230 0.754561  0.250508 0.677993 0
0  -12.330020 -3.139037 33.567661  0.000000 -0.656230 0.754561  0.250508 0.689607 0
ConsolePanelLoadingBay
0  -22.979786 -5.435476 31.213520  0.000000 0.308638 0.951180  0.112382 0.651982 0
0  -21.851645 -5.734393 31.310513  0.000000 0.308638 0.951180  0.127014 0.650178 0
0  -21.674311 -5.435476 31.213520  0.000000 0.308638 0.951180  0.129314 0.651982 0
ConsolePanelLoadingBay
0  -22.979786 -5.435476 31.213520  0.000000 0.308638 0.951180  0.112382 0.651982 0
0  -22.802452 -5.734393 31.310513  0.000000 0.308638 0.951180  0.114682 0.650178 0
0  -21.851645 -5.734393 31.310513  0.000000 0.308638 0.951180  0.127014 0.650178 0
ConsolePanelLoadingBay
0  -21.172445 -6.521007 30.626404  0.000000 -0.656231 0.754560  0.135823 0.638565 0
0  -20.221638 -5.734393 31.310513  0.000000 -0.656231 0.754560  0.148155 0.650178 0
0  -21.172445 -5.734393 31.310513  0.000000 -0.656233 0.754559  0.135823 0.650178 0
ConsolePanelLoadingBay
0  -21.172445 -6.521007 30.626404  0.000000 -0.656231 0.754560  0.135823 0.638565 0
0  -20.221638 -6.521007 30.626404  0.000000 -0.656230 0.754561  0.148155 0.638565 0
0  -20.221638 -5.734393 31.310513  0.000000 -0.656231 0.754560  0.148155 0.650178 0
ConsolePanelLoadingBay
0  -21.349779 -6.466417 30.316921  0.000000 -0.984797 -0.173711  0.133523 0.636761 0
0  -20.221638 -6.521007 30.626404  0.000000 -0.984797 -0.173711  0.148155 0.638565 0
0  -21.172445 -6.521007 30.626404  0.000000 -0.984797 -0.173710  0.135823 0.638565 0
ConsolePanelLoadingBay
0  -21.349779 -6.466417 30.316921  0.000000 -0.984797 -0.173711  0.133523 0.636761 0
0  -20.044304 -6.466417 30.316921  0.000000 -0.984797 -0.173711  0.150455 0.636761 0
0  -20.221638 -6.521007 30.626404  0.000000 -0.984797 -0.173711  0.148155 0.638565 0
ConsolePanelLoadingBay
0  -21.349779 -6.466417 30.316921  -0.835229 -0.360863 0.414933  0.133523 0.636761 0
0  -21.172445 -5.734393 31.310513  -0.835229 -0.360863 0.414933  0.135823 0.650178 0
0  -21.349779 -5.435476 31.213520  -0.835229 -0.360863 0.414933  0.133523 0.651982 0
ConsolePanelLoadingBay
0  -21.349779 -6.466417 30.316921  -0.835231 -0.360863 0.414930  0.133523 0.636761 0
0  -21.172445 -6.521007 30.626404  -0.835231 -0.360863 0.414930  0.135823 0.638565 0
0  -21.172445 -5.734393 31.310513  -0.835231 -0.360863 0.414930  0.135823 0.650178 0
ConsolePanelLoadingBay
0  -15.097168 -3.938695 32.627140  0.030758 -0.677609 0.734779  0.215509 0.676190 0
0  -13.705300 -2.840389 33.581726  0.031404 -0.678050 0.734345  0.232441 0.691410 0
0  -15.025018 -2.933117 33.572567  0.030842 -0.677666 0.734723  0.215509 0.691410 0
ConsolePanelLoadingBay
0  -15.097168 -3.938695 32.627140  0.030758 -0.677609 0.734779  0.215509 0.676190 0
0  -13.688523 -3.934202 32.593220  0.030804 -0.677640 0.734748  0.232441 0.676190 0
0  -13.705300 -2.840389 33.581726  0.031404 -0.678050 0.734345  0.232441 0.691410 0
ConsolePanelLoadingBay
0  -16.598906 -2.840123 33.470669  0.000000 0.308640 0.951179  0.195141 0.691410 0
0  -15.470764 -3.139038 33.567661  0.000000 0.308640 0.951179  0.209773 0.689607 0
0  -15.293431 -2.840123 33.470669  0.000000 0.308640 0.951179  0.212073 0.691410 0
ConsolePanelLoadingBay
0  -16.598906 -2.840123 33.470669  0.000000 0.308639 0.951179  0.195141 0.691410 0
0  -16.421572 -3.139038 33.567661  0.000000 0.308639 0.951179  0.197441 0.689607 0
0  -15.470764 -3.139038 33.567661  0.000000 0.308639 0.951179  0.209773 0.689607 0
ConsolePanelLoadingBay
0  -15.293431 -3.871064 32.574070  0.835233 -0.360859 0.414930  0.212073 0.676190 0
0  -15.470764 -3.139038 33.567661  0.835232 -0.360859 0.414932  0.209773 0.689607 0
0  -15.470764 -3.925653 32.883553  0.835233 -0.360859 0.414929  0.209773 0.677993 0
ConsolePanelLoadingBay
0  -15.293431 -3.871064 32.574070  0.835233 -0.360859 0.414930  0.212073 0.676190 0
0  -15.293431 -2.840123 33.470669  0.835231 -0.360859 0.414933  0.212073 0.691410 0
0  -15.470764 -3.139038 33.567661  0.835232 -0.360859 0.414932  0.209773 0.689607 0
ConsolePanelLoadingBay
0  -16.598906 -3.871064 32.574070  -0.835231 -0.360859 0.414934  0.195141 0.676190 0
0  -16.421572 -3.139038 33.567661  -0.835231 -0.360859 0.414934  0.197441 0.689607 0
0  -16.598906 -2.840123 33.470669  -0.835231 -0.360859 0.414934  0.195141 0.691410 0
ConsolePanelLoadingBay
0  -16.598906 -3.871064 32.574070  -0.835229 -0.360868 0.414929  0.195141 0.676190 0
0  -16.421572 -3.925653 32.883553  -0.835229 -0.360868 0.414929  0.197441 0.677993 0
0  -16.421572 -3.139038 33.567661  -0.835229 -0.360868 0.414929  0.197441 0.689607 0
ConsolePanelLoadingBay
0  -16.598906 -3.871064 32.574070  0.000000 -0.984797 -0.173707  0.195141 0.676190 0
0  -15.470764 -3.925653 32.883553  0.000000 -0.984798 -0.173706  0.209773 0.677993 0
0  -16.421572 -3.925653 32.883553  0.000000 -0.984797 -0.173707  0.197441 0.677993 0
ConsolePanelLoadingBay
0  -16.598906 -3.871064 32.574070  0.000000 -0.984797 -0.173707  0.195141 0.676190 0
0  -15.293431 -3.871064 32.574070  0.000000 -0.984798 -0.173705  0.212073 0.676190 0
0  -15.470764 -3.925653 32.883553  0.000000 -0.984798 -0.173706  0.209773 0.677993 0
ConsolePanelLoadingBay
0  -16.421572 -3.925653 32.883553  0.000000 -0.656231 0.754560  0.197441 0.677993 0
0  -15.470764 -3.139038 33.567661  0.000000 -0.656231 0.754560  0.209773 0.689607 0
0  -16.421572 -3.139038 33.567661  0.000000 -0.656231 0.754560  0.197441 0.689607 0
ConsolePanelLoadingBay
0  -16.421572 -3.925653 32.883553  0.000000 -0.656231 0.754560  0.197441 0.677993 0
0  -15.470764 -3.925653 32.883553  0.000000 -0.656231 0.754560  0.209773 0.677993 0
0  -15.470764 -3.139038 33.567661  0.000000 -0.656231 0.754560  0.209773 0.689607 0
ConsolePanelLoadingBay
0  -20.044304 -6.466417 30.316921  0.835230 -0.360863 0.414931  0.150455 0.636761 0
0  -20.221638 -5.734393 31.310513  0.835229 -0.360864 0.414933  0.148155 0.650178 0
0  -20.221638 -6.521007 30.626404  0.835231 -0.360863 0.414930  0.148155 0.638565 0
ConsolePanelLoadingBay
0  -20.044304 -6.466417 30.316921  0.835230 -0.360863 0.414931  0.150455 0.636761 0
0  -20.044304 -5.435476 31.213520  0.835229 -0.360864 0.414933  0.150455 0.651982 0
0  -20.221638 -5.734393 31.310513  0.835229 -0.360864 0.414933  0.148155 0.650178 0
ConsolePanelLoadingBay
0  -21.349779 -5.435476 31.213520  0.000000 0.308639 0.951179  0.133523 0.651982 0
0  -20.221638 -5.734393 31.310513  0.000000 0.308639 0.951179  0.148155 0.650178 0
0  -20.044304 -5.435476 31.213520  0.000000 0.308639 0.951179  0.150455 0.651982 0
ConsolePanelLoadingBay
0  -21.349779 -5.435476 31.213520  0.000000 0.308638 0.951180  0.133523 0.651982 0
0  -21.172445 -5.734393 31.310513  0.000000 0.308638 0.951180  0.135823 0.650178 0
0  -20.221638 -5.734393 31.310513  0.000000 0.308638 0.951180  0.148155 0.650178 0
ConsolePanelLoadingBay
0  -19.732323 -6.596839 30.343796  -0.002340 -0.628768 0.777589  0.154664 0.636761 0
0  -18.379763 -5.445682 31.278704  -0.002424 -0.628708 0.777637  0.171596 0.651982 0
0  -19.788406 -5.478652 31.287861  -0.002332 -0.628775 0.777584  0.154664 0.651982 0
ConsolePanelLoadingBay
0  -19.732323 -6.596839 30.343796  -0.002340 -0.628768 0.777589  0.154664 0.636761 0
0  -18.411936 -6.554415 30.422081  -0.002336 -0.628769 0.777589  0.171596 0.636761 0
0  -18.379763 -5.445682 31.278704  -0.002424 -0.628708 0.777637  0.171596 0.651982 0
ConsolePanelLoadingBay
0  -17.952188 -6.521007 30.626404  0.000000 -0.656231 0.754560  0.177590 0.638565 0
0  -17.001381 -5.734393 31.310513  0.000000 -0.656231 0.754560  0.189921 0.650178 0
0  -17.952188 -5.734393 31.310513  0.000000 -0.656233 0.754559  0.177590 0.650178 0
ConsolePanelLoadingBay
0  -17.952188 -6.521007 30.626404  0.000000 -0.656231 0.754560  0.177590 0.638565 0
0  -17.001381 -6.521007 30.626404  0.000000 -0.656230 0.754561  0.189921 0.638565 0
0  -17.001381 -5.734393 31.310513  0.000000 -0.656231 0.754560  0.189921 0.650178 0
ConsolePanelLoadingBay
0  -18.204216 -3.948656 32.645805  0.024571 -0.648317 0.760974  0.175290 0.676190 0
0  -16.789511 -2.850328 33.535851  0.024773 -0.648468 0.760839  0.192221 0.691410 0
0  -18.203772 -2.898130 33.557533  0.024608 -0.648343 0.760951  0.175290 0.691410 0
ConsolePanelLoadingBay
0  -18.204216 -3.948656 32.645805  0.024571 -0.648317 0.760974  0.175290 0.676190 0
0  -16.806290 -3.981009 32.589741  0.024595 -0.648337 0.760956  0.192221 0.676190 0
0  -16.789511 -2.850328 33.535851  0.024773 -0.648468 0.760839  0.192221 0.691410 0
ConsolePanelLoadingBay
0  -19.719772 -2.840123 33.470669  0.000000 0.308639 0.951179  0.154664 0.691410 0
0  -18.591631 -3.139038 33.567661  0.000000 0.308639 0.951179  0.169296 0.689607 0
0  -18.414297 -2.840123 33.470669  0.000000 0.308639 0.951179  0.171596 0.691410 0
ConsolePanelLoadingBay
0  -19.719772 -2.840123 33.470669  0.000000 0.308641 0.951178  0.154664 0.691410 0
0  -19.542439 -3.139038 33.567661  0.000000 0.308641 0.951178  0.156964 0.689607 0
0  -18.591631 -3.139038 33.567661  0.000000 0.308641 0.951178  0.169296 0.689607 0
ConsolePanelLoadingBay
0  -18.414297 -3.871064 32.574070  0.835230 -0.360864 0.414931  0.171596 0.676190 0
0  -18.591631 -3.139038 33.567661  0.835229 -0.360864 0.414933  0.169296 0.689607 0
0  -18.591631 -3.925653 32.883553  0.835231 -0.360863 0.414930  0.169296 0.677993 0
ConsolePanelLoadingBay
0  -18.414297 -3.871064 32.574070  0.835230 -0.360864 0.414931  0.171596 0.676190 0
0  -18.414297 -2.840123 33.470669  0.835229 -0.360864 0.414934  0.171596 0.691410 0
0  -18.591631 -3.139038 33.567661  0.835229 -0.360864 0.414933  0.169296 0.689607 0
ConsolePanelLoadingBay
0  -19.719772 -3.871064 32.574070  -0.835227 -0.360870 0.414932  0.154664 0.676190 0
0  -19.542439 -3.139038 33.567661  -0.835227 -0.360870 0.414932  0.156964 0.689607 0
0  -19.719772 -2.840123 33.470669  -0.835227 -0.360870 0.414932  0.154664 0.691410 0
ConsolePanelLoadingBay
0  -19.719772 -3.871064 32.574070  -0.835234 -0.360853 0.414932  0.154664 0.676190 0
0  -19.542439 -3.925653 32.883553  -0.835234 -0.360853 0.414932  0.156964 0.677993 0
0  -19.542439 -3.139038 33.567661  -0.835234 -0.360853 0.414932  0.156964 0.689607 0
ConsolePanelLoadingBay
0  -19.719772 -3.871064 32.574070  0.000000 -0.984797 -0.173707  0.154664 0.676190 0
0  -18.591631 -3.925653 32.883553  0.000000 -0.984797 -0.173708  0.169296 0.677993 0
0  -19.542439 -3.925653 32.883553  0.000000 -0.984798 -0.173706  0.156964 0.677993 0
ConsolePanelLoadingBay
0  -19.719772 -3.871064 32.574070  0.000000 -0.984797 -0.173707  0.154664 0.676190 0
0  -18.414297 -3.871064 32.574070  0.000000 -0.984797 -0.173708  0.171596 0.676190 0
0  -18.591631 -3.925653 32.883553  0.000000 -0.984797 -0.173708  0.169296 0.677993 0
ConsolePanelLoadingBay
0  -19.542439 -3.925653 32.883553  0.000000 -0.656231 0.754560  0.156964 0.677993 0
0  -18.591631 -3.139038 33.567661  0.000000 -0.656231 0.754560  0.169296 0.689607 0
0  -19.542439 -3.139038 33.567661  0.000000 -0.656231 0.754560  0.156964 0.689607 0
ConsolePanelLoadingBay
0  -19.542439 -3.925653 32.883553  0.000000 -0.656231 0.754560  0.156964 0.677993 0
0  -18.591631 -3.925653 32.883553  0.000000 -0.656231 0.754560  0.169296 0.677993 0
0  -18.591631 -3.139038 33.567661  0.000000 -0.656231 0.754560  0.169296 0.689607 0
ConsolePanelLoadingBay
0  -18.129522 -6.466417 30.316921  0.000000 -0.984797 -0.173711  0.175290 0.636761 0
0  -17.001381 -6.521007 30.626404  0.000000 -0.984797 -0.173711  0.189921 0.638565 0
0  -17.952188 -6.521007 30.626404  0.000000 -0.984797 -0.173710  0.177590 0.638565 0
ConsolePanelLoadingBay
0  -18.129522 -6.466417 30.316921  0.000000 -0.984797 -0.173711  0.175290 0.636761 0
0  -16.824047 -6.466417 30.316921  0.000000 -0.984797 -0.173711  0.192221 0.636761 0
0  -17.001381 -6.521007 30.626404  0.000000 -0.984797 -0.173711  0.189921 0.638565 0
ConsolePanelLoadingBay
0  -18.129522 -6.466417 30.316921  -0.835231 -0.360859 0.414934  0.175290 0.636761 0
0  -17.952188 -5.734393 31.310513  -0.835231 -0.360859 0.414934  0.177590 0.650178 0
0  -18.129522 -5.435476 31.213520  -0.835231 -0.360859 0.414934  0.175290 0.651982 0
ConsolePanelLoadingBay
0  -18.129522 -6.466417 30.316921  -0.835231 -0.360863 0.414930  0.175290 0.636761 0
0  -17.952188 -6.521007 30.626404  -0.835231 -0.360863 0.414930  0.177590 0.638565 0
0  -17.952188 -5.734393 31.310513  -0.835231 -0.360863 0.414930  0.177590 0.650178 0
ConsolePanelLoadingBay
0  -16.824047 -6.466417 30.316921  0.835231 -0.360862 0.414931  0.192221 0.636761 0
0  -17.001381 -5.734393 31.310513  0.835231 -0.360860 0.414934  0.189921 0.650178 0
0  -17.001381 -6.521007 30.626404  0.835231 -0.360863 0.414930  0.189921 0.638565 0
ConsolePanelLoadingBay
0  -16.824047 -6.466417 30.316921  0.835231 -0.360862 0.414931  0.192221 0.636761 0
0  -16.824047 -5.435476 31.213520  0.835230 -0.360860 0.414934  0.192221 0.651982 0
0  -17.001381 -5.734393 31.310513  0.835231 -0.360860 0.414934  0.189921 0.650178 0
ConsolePanelLoadingBay
0  -18.129522 -5.435476 31.213520  0.000000 0.308639 0.951179  0.175290 0.651982 0
0  -17.001381 -5.734393 31.310513  0.000000 0.308639 0.951179  0.189921 0.650178 0
0  -16.824047 -5.435476 31.213520  0.000000 0.308639 0.951179  0.192221 0.651982 0
ConsolePanelLoadingBay
0  -18.129522 -5.435476 31.213520  0.000000 0.308637 0.951180  0.175290 0.651982 0
0  -17.952188 -5.734393 31.310513  0.000000 0.308637 0.951180  0.177590 0.650178 0
0  -17.001381 -5.734393 31.310513  0.000000 0.308637 0.951180  0.189921 0.650178 0
ConsolePanelLoadingBay
0  -21.344286 -3.958678 32.680065  0.037581 -0.638676 0.768558  0.133523 0.676190 0
0  -20.009768 -2.850328 33.535851  0.037356 -0.638515 0.768702  0.150455 0.691410 0
0  -21.424028 -2.898130 33.557533  0.037468 -0.638594 0.768632  0.133523 0.691410 0
ConsolePanelLoadingBay
0  -21.344286 -3.958678 32.680065  0.037581 -0.638676 0.768558  0.133523 0.676190 0
0  -20.026546 -3.981009 32.589741  0.037469 -0.638597 0.768629  0.150455 0.676190 0
0  -20.009768 -2.850328 33.535851  0.037356 -0.638515 0.768702  0.150455 0.691410 0
ConsolePanelLoadingBay
0  -16.611456 -6.596839 30.343796  0.010744 -0.637968 0.769988  0.195141 0.636761 0
0  -15.258895 -5.445682 31.278704  0.010900 -0.638076 0.769896  0.212073 0.651982 0
0  -16.667540 -5.478652 31.287861  0.010913 -0.638087 0.769887  0.195141 0.651982 0
ConsolePanelLoadingBay
0  -16.611456 -6.596839 30.343796  0.010744 -0.637968 0.769988  0.195141 0.636761 0
0  -15.278966 -6.595039 30.342953  0.010906 -0.638082 0.769891  0.212073 0.636761 0
0  -15.258895 -5.445682 31.278704  0.010900 -0.638076 0.769896  0.212073 0.651982 0
ConsolePanelLoadingBay
0  -15.097168 -6.534050 30.369991  0.030760 -0.677608 0.734780  0.215509 0.636761 0
0  -13.705300 -5.435741 31.324575  0.030958 -0.677744 0.734646  0.232441 0.651982 0
0  -15.025018 -5.528471 31.315418  0.030810 -0.677643 0.734745  0.215509 0.651982 0
ConsolePanelLoadingBay
0  -15.097168 -6.534050 30.369991  0.030760 -0.677608 0.734780  0.215509 0.636761 0
0  -13.688523 -6.529554 30.336071  0.030804 -0.677640 0.734749  0.232441 0.636761 0
0  -13.705300 -5.435741 31.324575  0.030958 -0.677744 0.734646  0.232441 0.651982 0
ConsolePanelLoadingBay
0  -13.454645 -6.554430 30.423155  0.030722 -0.633567 0.773078  0.235877 0.636761 0
0  -12.118151 -5.445682 31.278704  0.030848 -0.633658 0.772998  0.252808 0.651982 0
0  -13.526795 -5.478652 31.287861  0.030802 -0.633623 0.773029  0.235877 0.651982 0
ConsolePanelLoadingBay
0  -13.454645 -6.554430 30.423155  0.030722 -0.633567 0.773078  0.235877 0.636761 0
0  -12.134929 -6.576363 30.332592  0.030813 -0.633635 0.773018  0.252808 0.636761 0
0  -12.118151 -5.445682 31.278704  0.030848 -0.633658 0.772998  0.252808 0.651982 0
ConsolePanelLoadingBay
0  -23.048420 -3.938695 32.627140  -0.002422 -0.682769 0.730631  0.112382 0.676190 0
0  -21.671949 -2.932056 33.572403  -0.002371 -0.682806 0.730595  0.129314 0.691410 0
0  -22.992336 -2.848645 33.603554  -0.002338 -0.682827 0.730577  0.112382 0.691410 0
ConsolePanelLoadingBay
0  -23.048420 -3.938695 32.627140  -0.002422 -0.682769 0.730631  0.112382 0.676190 0
0  -21.639774 -3.934202 32.593220  -0.002308 -0.682855 0.730550  0.129314 0.676190 0
0  -21.671949 -2.932056 33.572403  -0.002371 -0.682806 0.730595  0.129314 0.691410 0
ConsolePanelLoadingBay
0  31.707117 8.045532 39.894901  0.599859 0.000000 0.800106  0.504019 0.325985 0
0  31.951651 4.222679 39.711563  0.599887 0.000000 0.800085  0.534900 0.324501 0
0  31.951651 7.909287 39.711563  0.599857 0.000000 0.800107  0.505120 0.324505 0
ConsolePanelLoadingBay
0  31.707117 8.045532 39.894901  0.599859 0.000000 0.800106  0.504019 0.325985 0
0  31.707117 4.145755 39.894901  0.599888 0.000000 0.800084  0.535521 0.325981 0
0  31.951651 4.222679 39.711563  0.599887 0.000000 0.800085  0.534900 0.324501 0
ConsolePanelLoadingBay
0  31.707117 4.145755 39.894901  0.621298 -0.514915 0.590636  0.535521 0.325981 0
0  31.951651 -7.868243 29.163876  0.621320 -0.514903 0.590623  0.631232 0.239292 0
0  31.951651 4.222679 39.711563  0.621273 -0.514929 0.590650  0.534900 0.324501 0
ConsolePanelLoadingBay
0  31.707117 4.145755 39.894901  0.621298 -0.514915 0.590636  0.535521 0.325981 0
0  31.707117 -8.039356 29.278767  0.621317 -0.514906 0.590625  0.632614 0.240220 0
0  31.951651 -7.868243 29.163876  0.621320 -0.514903 0.590623  0.631232 0.239292 0
ConsolePanelLoadingBay
0  31.707117 -8.039356 29.278767  0.569400 -0.822060 0.000192  0.632614 0.240220 0
0  31.951651 -7.876823 0.001322  0.569328 -0.822110 0.000191  0.631300 0.003734 0
0  31.951651 -7.868243 29.163876  0.569390 -0.822068 0.000193  0.631232 0.239292 0
ConsolePanelLoadingBay
0  31.707117 -8.039356 29.278767  0.569400 -0.822060 0.000192  0.632614 0.240220 0
0  31.707117 -8.044418 0.001322  0.569355 -0.822092 0.000143  0.632655 0.003735 0
0  31.951651 -7.876823 0.001322  0.569328 -0.822110 0.000191  0.631300 0.003734 0
ConsolePanelLoadingBay
0  -24.678427 -3.938695 32.627140  -0.002389 -0.682794 0.730607  0.091241 0.676190 0
0  -23.301956 -2.932056 33.572403  -0.002406 -0.682781 0.730619  0.108173 0.691410 0
0  -24.622343 -2.848645 33.603554  -0.002339 -0.682826 0.730577  0.091241 0.691410 0
ConsolePanelLoadingBay
0  -24.678427 -3.938695 32.627140  -0.002389 -0.682794 0.730607  0.091241 0.676190 0
0  -23.269781 -3.934202 32.593220  -0.002309 -0.682856 0.730549  0.108173 0.676190 0
0  -23.301956 -2.932056 33.572403  -0.002406 -0.682781 0.730619  0.108173 0.691410 0
ConsolePanelLoadingBay
0  0.446639 -3.310555 33.362705  -0.698685 0.628511 0.341781  0.536184 0.451467 0
0  3.522130 -3.572819 33.871696  0.382629 0.697191 0.606234  0.564954 0.451467 0
0  3.740135 -3.308492 33.360500  0.714468 0.584908 0.383950  0.564954 0.451467 0
ConsolePanelLoadingBay
0  0.446639 -3.310555 33.362705  -0.698690 0.628486 0.341814  0.536184 0.451467 0
0  0.664744 -3.572819 33.871696  -0.382665 0.697137 0.606274  0.536184 0.451467 0
0  3.522130 -3.572819 33.871696  0.382671 0.697141 0.606265  0.564954 0.451467 0
ConsolePanelLoadingBay
0  3.739872 -5.916651 31.088327  0.995620 0.038979 -0.084977  0.568520 0.421280 0
0  3.876318 -3.840075 33.639267  0.923910 0.288745 0.251032  0.566917 0.440765 0
0  3.700666 -6.260468 31.543396  0.995620 0.038957 -0.084983  0.566917 0.421280 0
ConsolePanelLoadingBay
0  3.739872 -5.916651 31.088327  0.995620 0.038979 -0.084977  0.568520 0.421280 0
0  3.740135 -3.308492 33.360500  0.714468 0.584908 0.383950  0.568520 0.441843 0
0  3.876318 -3.840075 33.639267  0.923910 0.288745 0.251032  0.566917 0.440765 0
ConsolePanelLoadingBay
0  3.522130 -3.572819 33.871696  0.382629 0.697191 0.606234  0.566917 0.442921 0
0  3.876318 -3.840075 33.639267  0.923910 0.288745 0.251032  0.566917 0.440765 0
0  3.740135 -3.308492 33.360500  0.714468 0.584908 0.383950  0.568520 0.441843 0
ConsolePanelLoadingBay
0  2.566053 -4.060075 33.443424  -0.000014 0.656289 -0.754510  0.558596 0.444487 0
0  1.490600 -4.060075 33.443424  0.000008 0.656289 -0.754510  0.540009 0.444487 0
0  2.028326 -3.660799 34.005539  0.000000 0.815264 -0.579090  0.549303 0.444487 0
ConsolePanelLoadingBay
0  0.664744 -3.572819 33.871696  -0.382771 0.697075 0.606278  0.566917 0.442921 0
0  0.446639 -3.310555 33.362705  -0.706307 0.568225 0.422198  0.568520 0.441843 0
0  0.310555 -3.840075 33.639267  -0.923902 0.288754 0.251049  0.566917 0.440765 0
ConsolePanelLoadingBay
0  0.446576 -5.918750 31.090408  -0.693006 -0.477443 -0.540176  0.568520 0.421280 0
0  0.310555 -3.840075 33.639267  -0.923902 0.288754 0.251049  0.566917 0.440765 0
0  0.446639 -3.310555 33.362705  -0.706307 0.568225 0.422198  0.568520 0.441843 0
ConsolePanelLoadingBay
0  0.446576 -5.918750 31.090408  -0.693006 -0.477443 -0.540176  0.568520 0.421280 0
0  0.310555 -6.121239 31.655363  -0.923899 -0.288694 -0.251131  0.566917 0.422358 0
0  0.310555 -3.840075 33.639267  -0.923902 0.288754 0.251049  0.566917 0.440765 0
ConsolePanelLoadingBay
0  0.310555 -6.121239 31.655363  -0.923899 -0.288694 -0.251131  0.566917 0.422358 0
0  0.446576 -5.918750 31.090408  -0.693006 -0.477443 -0.540176  0.568520 0.421280 0
0  0.664744 -6.388494 31.422934  -0.382622 -0.697101 -0.606342  0.566917 0.420201 0
ConsolePanelLoadingBay
0  0.446576 -5.918750 31.090408  -0.693006 -0.477443 -0.540176  0.536184 0.416055 0
0  3.700666 -6.260468 31.543396  0.027706 -0.692185 -0.721188  0.566737 0.417736 0
0  0.664744 -6.388494 31.422934  -0.382622 -0.697101 -0.606342  0.536184 0.416055 0
ConsolePanelLoadingBay
0  0.446576 -5.918750 31.090408  -0.693006 -0.477443 -0.540176  0.536184 0.416055 0
0  3.739872 -5.916651 31.088327  0.027698 -0.692173 -0.721200  0.564954 0.416055 0
0  3.700666 -6.260468 31.543396  0.027706 -0.692185 -0.721188  0.566737 0.417736 0
ConsolePanelLoadingBay
0  0.446576 2.833649 38.686111  -0.027711 0.810335 0.585311  0.536184 0.451467 0
0  3.522130 2.569503 39.197441  0.382621 0.697196 0.606233  0.564954 0.451467 0
0  3.740305 2.833647 38.686127  0.693031 0.601026 0.398089  0.564954 0.451467 0
ConsolePanelLoadingBay
0  0.446576 2.833649 38.686111  -0.027744 0.810248 0.585430  0.536184 0.451467 0
0  0.486214 2.432460 39.087341  -0.027749 0.810248 0.585430  0.534400 0.449787 0
0  3.522130 2.569503 39.197441  0.382663 0.697113 0.606302  0.564954 0.451467 0
ConsolePanelLoadingBay
0  0.446639 0.221513 36.418350  -0.714597 -0.461494 -0.525714  0.536184 0.416055 0
0  3.522130 -0.246173 36.748684  0.382615 -0.697099 -0.606348  0.564954 0.416055 0
0  0.664744 -0.246173 36.748684  -0.382675 -0.697105 -0.606304  0.536184 0.416055 0
ConsolePanelLoadingBay
0  0.446639 0.221513 36.418350  -0.714597 -0.461494 -0.525714  0.536184 0.416055 0
0  3.740135 0.223411 36.416000  0.698611 -0.425763 -0.575038  0.564954 0.416055 0
0  3.522130 -0.246173 36.748684  0.382615 -0.697099 -0.606348  0.564954 0.416055 0
ConsolePanelLoadingBay
0  1.490600 -0.531766 37.365601  0.000000 -0.656232 0.754560  0.545544 0.425260 0
0  2.566053 1.651549 39.264404  0.000000 -0.656232 0.754560  0.555528 0.442047 0
0  1.490600 1.651549 39.264404  0.000000 -0.656232 0.754560  0.545544 0.442047 0
ConsolePanelLoadingBay
0  1.490600 -0.531766 37.365601  0.000000 -0.656232 0.754560  0.545544 0.425260 0
0  2.566053 -0.531766 37.365601  0.000000 -0.656232 0.754560  0.555528 0.425260 0
0  2.566053 1.651549 39.264404  0.000000 -0.656232 0.754560  0.555528 0.442047 0
ConsolePanelLoadingBay
0  1.490600 -0.101069 36.870369  0.000000 -0.754560 -0.656231  0.540218 0.425280 0
0  2.566053 -0.531766 37.365601  0.000000 -0.754560 -0.656231  0.560189 0.425280 0
0  1.490600 -0.531766 37.365601  0.000000 -0.754560 -0.656231  0.540218 0.425280 0
ConsolePanelLoadingBay
0  1.490600 -0.101069 36.870369  0.000000 -0.754560 -0.656231  0.540218 0.425280 0
0  2.566053 -0.101069 36.870369  0.000000 -0.754560 -0.656232  0.560189 0.425280 0
0  2.566053 -0.531766 37.365601  0.000000 -0.754560 -0.656231  0.560189 0.425280 0
ConsolePanelLoadingBay
0  1.490600 -0.101069 36.870369  -1.000000 -0.000000 0.000000  0.559529 0.425126 0
0  1.490600 1.651549 39.264404  -1.000000 -0.000000 0.000000  0.555454 0.443094 0
0  1.490600 2.082246 38.769173  -1.000000 -0.000000 0.000000  0.559529 0.443094 0
ConsolePanelLoadingBay
0  1.490600 -0.101069 36.870369  -1.000000 0.000000 0.000000  0.559529 0.425126 0
0  1.490600 -0.531766 37.365601  -1.000000 0.000000 0.000000  0.555454 0.425126 0
0  1.490600 1.651549 39.264404  -1.000000 0.000000 0.000000  0.555454 0.443094 0
ConsolePanelLoadingBay
0  2.566053 -0.101069 36.870369  1.000000 0.000000 0.000000  0.559529 0.425126 0
0  2.566053 1.651549 39.264404  1.000000 0.000000 0.000000  0.555454 0.443094 0
0  2.566053 -0.531766 37.365601  1.000000 0.000000 0.000000  0.555454 0.425126 0
ConsolePanelLoadingBay
0  2.566053 -0.101069 36.870369  1.000000 0.000000 0.000000  0.559529 0.425126 0
0  2.566053 2.082246 38.769173  1.000000 0.000000 0.000000  0.559529 0.443094 0
0  2.566053 1.651549 39.264404  1.000000 0.000000 0.000000  0.555454 0.443094 0
ConsolePanelLoadingBay
0  -31.815548 7.909285 39.711563  -0.586639 0.000000 0.809848  0.505120 0.324505 0
0  -31.562456 4.145752 39.894901  -0.586645 0.000000 0.809844  0.535521 0.325981 0
0  -31.562456 8.045530 39.894901  -0.586639 0.000000 0.809848  0.504019 0.325985 0
ConsolePanelLoadingBay
0  -31.815548 7.909285 39.711563  -0.586639 0.000000 0.809848  0.505120 0.324505 0
0  -31.815548 4.222676 39.711563  -0.586645 0.000000 0.809844  0.534900 0.324501 0
0  -31.562456 4.145752 39.894901  -0.586645 0.000000 0.809844  0.535521 0.325981 0
ConsolePanelLoadingBay
0  -31.815548 4.222676 39.711563  -0.608158 -0.521646 0.598355  0.534900 0.324501 0
0  -31.562456 -8.039358 29.278767  -0.608151 -0.521650 0.598359  0.632614 0.240220 0
0  -31.562456 4.145752 39.894901  -0.608155 -0.521648 0.598357  0.535521 0.325981 0
ConsolePanelLoadingBay
0  -31.815548 4.222676 39.711563  -0.608158 -0.521646 0.598355  0.534900 0.324501 0
0  -31.815548 -7.868246 29.163876  -0.608132 -0.521660 0.598370  0.631232 0.239292 0
0  -31.562456 -8.039358 29.278767  -0.608151 -0.521650 0.598359  0.632614 0.240220 0
ConsolePanelLoadingBay
0  -31.791149 7.909286 0.001322  -0.492278 0.870438 -0.000149  0.505119 0.003748 0
0  -31.562456 8.045530 39.894901  -0.492265 0.870446 -0.000150  0.504019 0.325985 0
0  -31.562456 8.045532 0.001322  -0.492283 0.870435 -0.000151  0.504019 0.003749 0
ConsolePanelLoadingBay
0  -31.791149 7.909286 0.001322  -0.492278 0.870438 -0.000149  0.505119 0.003748 0
0  -31.815548 7.909285 39.711563  -0.492264 0.870446 -0.000151  0.505120 0.324505 0
0  -31.562456 8.045530 39.894901  -0.492265 0.870446 -0.000150  0.504019 0.325985 0
ConsolePanelLoadingBay
0  -31.562456 8.045530 39.894901  -0.000000 1.000000 0.000000  0.496640 0.559631 0
0  31.707117 8.045534 0.001322  -0.000000 1.000000 0.000000  0.002182 0.281838 0
0  -31.562456 8.045532 0.001322  -0.000000 1.000000 0.000000  0.496640 0.281838 0
ConsolePanelLoadingBay
0  -31.562456 8.045530 39.894901  -0.000000 1.000000 0.000000  0.496640 0.559631 0
0  31.707117 8.045532 39.894901  -0.000000 1.000000 0.000000  0.002182 0.559631 0
0  31.707117 8.045534 0.001322  -0.000000 1.000000 0.000000  0.002182 0.281838 0
ConsolePanelLoadingBay
0  -31.815548 -7.868246 29.163876  -0.575125 -0.818066 -0.000048  0.631232 0.239292 0
0  -31.562456 -8.044420 0.001322  -0.575129 -0.818063 -0.000048  0.632655 0.003735 0
0  -31.562456 -8.039358 29.278767  -0.575124 -0.818066 -0.000051  0.632614 0.240220 0
ConsolePanelLoadingBay
0  -31.815548 -7.868246 29.163876  -0.575125 -0.818066 -0.000048  0.631232 0.239292 0
0  -31.791149 -7.876826 0.001322  -0.575141 -0.818054 -0.000257  0.631300 0.003734 0
0  -31.562456 -8.044420 0.001322  -0.575129 -0.818063 -0.000048  0.632655 0.003735 0
ConsolePanelLoadingBay
0  31.707117 8.045534 0.001322  0.486708 0.873565 0.000000  0.504019 0.003749 0
0  31.951651 7.909287 39.711563  0.486707 0.873565 0.000000  0.505120 0.324505 0
0  31.951651 7.909289 0.001322  0.486708 0.873565 0.000000  0.505119 0.003748 0
ConsolePanelLoadingBay
0  31.707117 8.045534 0.001322  0.486708 0.873565 0.000000  0.504019 0.003749 0
0  31.707117 8.045532 39.894901  0.486707 0.873565 0.000000  0.504019 0.325985 0
0  31.951651 7.909287 39.711563  0.486707 0.873565 0.000000  0.505120 0.324505 0
ConsolePanelLoadingBay
0  -2.285111 -6.809865 30.034954  -0.000000 -0.656232 0.754559  0.379756 0.630799 0
0  -26.749788 2.986940 38.555122  0.000000 -0.656232 0.754559  0.063780 0.781306 0
0  -26.749788 -6.809866 30.034954  0.000000 -0.656232 0.754559  0.063799 0.630768 0
ConsolePanelLoadingBay
0  -2.285111 -6.809865 30.034954  -0.000000 -0.656232 0.754559  0.379756 0.630799 0
0  -2.285111 2.986941 38.555122  -0.000000 -0.656232 0.754560  0.379738 0.781337 0
0  -26.749788 2.986940 38.555122  0.000000 -0.656232 0.754559  0.063780 0.781306 0
ConsolePanelLoadingBay
0  -2.142043 -7.090186 30.123138  0.000000 0.300085 0.953912  0.381605 0.629021 0
0  -26.749788 -6.809866 30.034954  0.000000 0.300086 0.953912  0.063799 0.630768 0
0  -26.892857 -7.090187 30.123138  0.000000 0.300086 0.953912  0.061952 0.628989 0
ConsolePanelLoadingBay
0  -2.142043 -7.090186 30.123138  0.000000 0.300085 0.953912  0.381605 0.629021 0
0  -2.285111 -6.809865 30.034954  0.000000 0.300085 0.953912  0.379756 0.630799 0
0  -26.749788 -6.809866 30.034954  0.000000 0.300086 0.953912  0.063799 0.630768 0
ConsolePanelLoadingBay
0  -26.892857 -7.090187 30.123138  0.868352 -0.325457 0.374223  0.061952 0.628989 0
0  -26.749788 2.986940 38.555122  0.868343 -0.325465 0.374236  0.063780 0.781306 0
0  -26.892857 2.938496 38.844963  0.868343 -0.325465 0.374236  0.061933 0.783091 0
ConsolePanelLoadingBay
0  -26.892857 -7.090187 30.123138  0.868352 -0.325457 0.374223  0.061952 0.628989 0
0  -26.749788 -6.809866 30.034954  0.868352 -0.325457 0.374223  0.063799 0.630768 0
0  -26.749788 2.986940 38.555122  0.868343 -0.325465 0.374236  0.063780 0.781306 0
ConsolePanelLoadingBay
0  -2.142043 2.938497 38.844963  -0.868344 -0.325466 0.374232  0.381586 0.783123 0
0  -2.285111 -6.809865 30.034954  -0.868352 -0.325457 0.374223  0.379756 0.630799 0
0  -2.142043 -7.090186 30.123138  -0.868352 -0.325457 0.374223  0.381605 0.629021 0
ConsolePanelLoadingBay
0  -2.142043 2.938497 38.844963  -0.868344 -0.325466 0.374232  0.381586 0.783123 0
0  -2.285111 2.986941 38.555122  -0.868344 -0.325466 0.374233  0.379738 0.781337 0
0  -2.285111 -6.809865 30.034954  -0.868352 -0.325457 0.374223  0.379756 0.630799 0
ConsolePanelLoadingBay
0  -26.892857 2.938496 38.844963  0.000000 -0.986318 -0.164853  0.061933 0.783091 0
0  -2.285111 2.986941 38.555122  0.000000 -0.986318 -0.164853  0.379738 0.781337 0
0  -2.142043 2.938497 38.844963  0.000000 -0.986318 -0.164853  0.381586 0.783123 0
ConsolePanelLoadingBay
0  -26.892857 2.938496 38.844963  0.000000 -0.986318 -0.164853  0.061933 0.783091 0
0  -26.749788 2.986940 38.555122  0.000000 -0.986318 -0.164853  0.063780 0.781306 0
0  -2.285111 2.986941 38.555122  0.000000 -0.986318 -0.164853  0.379738 0.781337 0
ConsolePanelLoadingBay
0  22.558969 -9.594354 36.391666  0.000000 -0.750366 -0.661023  0.908078 0.775134 0
0  22.792019 -11.400392 38.441818  0.000000 -0.750370 -0.661018  0.977124 0.751876 0
0  22.558969 -11.400392 38.441818  0.000000 -0.750371 -0.661017  0.977124 0.775134 0
ConsolePanelLoadingBay
0  22.558969 -9.594354 36.391666  0.000000 -0.750366 -0.661023  0.908078 0.775134 0
0  22.792019 -9.594354 36.391666  0.000000 -0.750365 -0.661023  0.908078 0.751876 0
0  22.792019 -11.400392 38.441818  0.000000 -0.750370 -0.661018  0.977124 0.751876 0
ConsolePanelLoadingBay
0  9.522439 -9.594355 36.391666  0.000000 -0.750367 -0.661022  0.908078 0.030429 0
0  9.779421 -11.400393 38.441818  0.000000 -0.750369 -0.661019  0.977124 0.006875 0
0  9.522440 -11.400393 38.441818  0.000000 -0.750369 -0.661019  0.977124 0.030429 0
ConsolePanelLoadingBay
0  9.522439 -9.594355 36.391666  0.000000 -0.750367 -0.661022  0.908078 0.030429 0
0  9.779420 -9.594355 36.391666  0.000000 -0.750367 -0.661022  0.908078 0.006875 0
0  9.779421 -11.400393 38.441818  0.000000 -0.750369 -0.661019  0.977124 0.006875 0
ConsolePanelLoadingBay
0  9.522439 -4.292605 44.703278  0.000000 -0.661017 0.750371  0.657755 0.036494 0
0  9.522440 -11.400393 38.441818  0.000000 -0.661021 0.750367  0.657755 0.196010 0
0  9.779421 -11.400393 38.441818  0.000000 -0.661021 0.750367  0.662082 0.196010 0
ConsolePanelLoadingBay
0  9.522439 -4.292605 44.703278  0.000000 -0.661017 0.750371  0.657755 0.036494 0
0  9.779421 -11.400393 38.441818  0.000000 -0.661021 0.750367  0.662082 0.196010 0
0  9.779420 -4.448181 44.566231  0.000000 -0.661018 0.750370  0.662082 0.039985 0
ConsolePanelLoadingBay
0  9.522439 -4.292605 44.703278  0.000000 -0.661017 0.750371  0.657755 0.036494 0
0  9.779420 -4.448181 44.566231  0.000000 -0.661018 0.750370  0.662082 0.039985 0
0  11.338402 -3.277334 45.597664  0.000000 -0.661017 0.750371  0.688336 0.013708 0
ConsolePanelLoadingBay
0  11.130994 -3.086694 45.765602  -0.000000 -0.661018 0.750370  0.684843 0.009430 0
0  9.522439 -4.292605 44.703278  0.000000 -0.661017 0.750371  0.657755 0.036494 0
0  11.338402 -3.277334 45.597664  0.000000 -0.661017 0.750371  0.688336 0.013708 0
ConsolePanelLoadingBay
0  11.130994 -3.086694 45.765602  -0.000000 -0.661018 0.750370  0.684843 0.009430 0
0  11.338402 -3.277334 45.597664  0.000000 -0.661017 0.750371  0.688336 0.013708 0
0  20.988022 -3.277334 45.597664  0.000004 -0.661017 0.750371  0.850836 0.013708 0
ConsolePanelLoadingBay
0  20.988022 -3.277334 45.597664  0.000004 -0.661017 0.750371  0.850836 0.013708 0
0  21.195429 -3.086693 45.765602  0.000006 -0.661018 0.750370  0.854329 0.009430 0
0  11.130994 -3.086694 45.765602  -0.000000 -0.661018 0.750370  0.684843 0.009430 0
ConsolePanelLoadingBay
0  20.988022 -3.277334 45.597664  0.000004 -0.661017 0.750371  0.850836 0.013708 0
0  22.558969 -4.448180 44.566231  0.000000 -0.661020 0.750368  0.877291 0.039985 0
0  21.195429 -3.086693 45.765602  0.000006 -0.661018 0.750370  0.854329 0.009430 0
ConsolePanelLoadingBay
0  22.558969 -4.448180 44.566231  0.000000 -0.661020 0.750368  0.877291 0.039985 0
0  22.792019 -4.292605 44.703278  0.000000 -0.661020 0.750369  0.881216 0.036494 0
0  21.195429 -3.086693 45.765602  0.000006 -0.661018 0.750370  0.854329 0.009430 0
ConsolePanelLoadingBay
0  22.558969 -4.448180 44.566231  0.000000 -0.661020 0.750368  0.877291 0.039985 0
0  22.792019 -11.400392 38.441818  0.000000 -0.661025 0.750364  0.881216 0.196010 0
0  22.792019 -4.292605 44.703278  0.000000 -0.661020 0.750369  0.881216 0.036494 0
ConsolePanelLoadingBay
0  22.558969 -4.448180 44.566231  0.000000 -0.661020 0.750368  0.877291 0.039985 0
0  22.558969 -11.400392 38.441818  0.000000 -0.661025 0.750363  0.877291 0.196010 0
0  22.792019 -11.400392 38.441818  0.000000 -0.661025 0.750364  0.881216 0.196010 0
ConsolePanelLoadingBay
0  31.707117 0.013248 44.638161  -0.000000 0.068641 0.997641  0.297269 0.994695 0
0  6.873425 -0.252215 44.656425  0.000000 0.068641 0.997641  0.007232 0.992497 0
0  31.518963 -0.252214 44.656425  -0.000000 0.068641 0.997641  0.295072 0.992497 0
ConsolePanelLoadingBay
0  31.707117 0.013248 44.638161  -0.000000 0.068641 0.997641  0.297269 0.994695 0
0  6.685173 0.013247 44.638161  0.000000 0.068641 0.997641  0.005034 0.994695 0
0  6.873425 -0.252215 44.656425  0.000000 0.068641 0.997641  0.007232 0.992497 0
ConsolePanelLoadingBay
0  -7.055824 -1.794917 46.346657  0.000003 -0.883096 0.469193  0.623967 0.741833 0
0  -5.969671 -0.163697 48.062496  0.060143 -0.744476 0.664935  0.678137 0.794056 0
0  -7.055824 -0.350259 48.073280  0.000093 -0.766954 0.641703  0.623967 0.794214 0
ConsolePanelLoadingBay
0  -7.055824 -1.794917 46.346657  0.000003 -0.883096 0.469193  0.623967 0.741833 0
0  -5.737854 -1.794917 46.346657  0.000001 -0.883108 0.469170  0.678137 0.741942 0
0  -5.969671 -0.163697 48.062496  0.060143 -0.744476 0.664935  0.678137 0.794056 0
ConsolePanelLoadingBay
0  -4.030189 -1.048891 38.463303  0.595153 0.465750 0.654881  0.704553 0.498267 0
0  -7.342419 0.174347 40.603485  0.322554 0.745432 0.583344  0.812571 0.547746 0
0  -4.562336 -1.486674 40.088512  0.565904 -0.206237 0.798260  0.702866 0.547746 0
ConsolePanelLoadingBay
0  -4.030189 -1.048891 38.463303  0.595153 0.465750 0.654881  0.704553 0.498267 0
0  -5.228377 0.929596 38.975464  0.322559 0.745398 0.583385  0.754798 0.498267 0
0  -7.342419 0.174347 40.603485  0.322554 0.745432 0.583344  0.812571 0.547746 0
ConsolePanelLoadingBay
0  -5.228377 0.929596 38.975464  0.322559 0.745398 0.583385  0.754798 0.498267 0
0  -7.565783 0.927635 38.974579  -0.000921 0.907596 0.419844  0.811311 0.498267 0
0  -7.342419 0.174347 40.603485  0.322554 0.745432 0.583344  0.812571 0.547746 0
ConsolePanelLoadingBay
0  -7.098953 -2.934259 40.845955  0.003299 -0.979120 0.203254  0.623967 0.581402 0
0  -5.737854 -1.794917 46.346657  0.000001 -0.883108 0.469170  0.678137 0.736088 0
0  -7.055824 -1.794917 46.346657  0.000003 -0.883096 0.469193  0.623967 0.739307 0
ConsolePanelLoadingBay
0  -7.098953 -2.934259 40.845955  0.003299 -0.979120 0.203254  0.623967 0.581402 0
0  -5.685718 -2.920532 40.861580  0.003226 -0.979111 0.203302  0.678137 0.577467 0
0  -5.737854 -1.794917 46.346657  0.000001 -0.883108 0.469170  0.678137 0.736088 0
ConsolePanelLoadingBay
0  -5.737854 -1.794917 46.346657  0.906709 -0.409166 0.102282  0.678137 0.736088 0
0  -6.790371 -0.213885 45.649971  0.856879 0.476687 -0.196286  0.810421 0.707117 0
0  -5.969671 -0.163697 48.062496  0.849305 0.435759 -0.297985  0.697748 0.785329 0
ConsolePanelLoadingBay
0  -5.685718 -2.920532 40.861580  0.967732 0.245014 0.058843  0.678137 0.577467 0
0  -6.790371 -0.213885 45.649971  0.856879 0.476687 -0.196286  0.810421 0.707117 0
0  -5.737854 -1.794917 46.346657  0.906709 -0.409166 0.102282  0.678137 0.736088 0
ConsolePanelLoadingBay
0  -5.685718 -2.920532 40.861580  0.967732 0.245014 0.058843  0.678137 0.577467 0
0  -7.077400 -0.412212 41.585800  0.854142 0.511793 -0.092246  0.814904 0.581402 0
0  -6.790371 -0.213885 45.649971  0.856879 0.476687 -0.196286  0.810421 0.707117 0
ConsolePanelLoadingBay
0  -7.055824 -1.794917 46.346657  -0.906713 -0.409150 0.102311  0.623967 0.739307 0
0  -7.055824 -0.350259 48.073280  -0.907185 -0.322710 0.269951  0.623967 0.780440 0
0  -6.790371 -0.213885 45.649971  -0.976463 0.215637 -0.004648  0.525744 0.707117 0
ConsolePanelLoadingBay
0  -7.077400 -0.412212 41.585800  -0.948034 0.304576 0.092009  0.532731 0.581402 0
0  -7.055824 -1.794917 46.346657  -0.906713 -0.409150 0.102311  0.623967 0.739307 0
0  -6.790371 -0.213885 45.649971  -0.976463 0.215637 -0.004648  0.525744 0.707117 0
ConsolePanelLoadingBay
0  -7.077400 -0.412212 41.585800  -0.948034 0.304576 0.092009  0.532731 0.581402 0
0  -7.739645 -1.749934 41.105942  -0.900710 0.108748 -0.420590  0.583825 0.581402 0
0  -7.055824 -1.794917 46.346657  -0.906713 -0.409150 0.102311  0.623967 0.739307 0
ConsolePanelLoadingBay
0  -7.739645 -1.749934 41.105942  -0.900710 0.108748 -0.420590  0.583825 0.581402 0
0  -7.098953 -2.934259 40.845955  -0.868551 -0.483787 0.107565  0.623967 0.581402 0
0  -7.055824 -1.794917 46.346657  -0.906713 -0.409150 0.102311  0.623967 0.739307 0
ConsolePanelLoadingBay
0  1.490600 -4.060075 33.443424  -0.845831 0.402526 0.350062  0.544065 0.442656 0
0  1.490600 -4.490772 33.938656  -0.845831 0.402524 0.350064  0.540157 0.442656 0
0  2.028326 -3.660799 34.005539  -0.779960 0.472225 0.410689  0.543073 0.446316 0
ConsolePanelLoadingBay
0  -9.490641 2.669593 38.257248  0.000000 0.776091 0.630621  0.700520 0.449188 0
0  -3.232575 2.410442 38.576180  0.000000 0.776091 0.630621  0.837075 0.427874 0
0  -3.232575 2.669593 38.257248  0.000000 0.776091 0.630621  0.837075 0.449188 0
ConsolePanelLoadingBay
0  -9.490641 2.669593 38.257248  0.000000 0.776091 0.630621  0.700520 0.449188 0
0  -9.490641 2.410442 38.576180  0.000000 0.776091 0.630621  0.700520 0.427874 0
0  -3.232575 2.410442 38.576180  0.000000 0.776091 0.630621  0.837075 0.427874 0
ConsolePanelLoadingBay
0  -8.963360 1.888653 38.436867  -1.000000 0.000000 0.000000  0.880982 0.647469 0
0  -8.963360 -3.763287 37.786472  -1.000000 -0.000000 0.000000  0.863213 0.781443 0
0  -8.963360 1.674662 39.238358  -1.000000 0.000000 0.000000  0.862958 0.647469 0
ConsolePanelLoadingBay
0  -8.963360 1.888653 38.436867  -1.000000 0.000000 0.000000  0.880982 0.647469 0
0  -8.963360 -3.549295 36.984982  -1.000000 -0.000000 0.000000  0.881237 0.781443 0
0  -8.963360 -3.763287 37.786472  -1.000000 -0.000000 0.000000  0.863213 0.781443 0
ConsolePanelLoadingBay
0  -9.490641 -6.611534 30.216600  0.000000 -0.792363 -0.610049  0.700520 0.073572 0
0  -3.232575 -8.128223 32.186554  0.000000 -0.792363 -0.610050  0.837075 0.128161 0
0  -9.490641 -8.128223 32.186554  0.000000 -0.792364 -0.610049  0.700520 0.128161 0
ConsolePanelLoadingBay
0  -9.490641 -6.611534 30.216600  0.000000 -0.792363 -0.610049  0.700520 0.073572 0
0  -3.232575 -6.611533 30.216600  0.000000 -0.792363 -0.610050  0.837075 0.073572 0
0  -3.232575 -8.128223 32.186554  0.000000 -0.792363 -0.610050  0.837075 0.128161 0
ConsolePanelLoadingBay
0  -8.963360 -3.763287 37.786472  0.000000 -0.257955 0.966157  0.712005 0.289915 0
0  -3.759856 1.674662 39.238358  0.000000 -0.257955 0.966157  0.825587 0.415779 0
0  -8.963360 1.674662 39.238358  0.000000 -0.257956 0.966157  0.712005 0.415779 0
ConsolePanelLoadingBay
0  -8.963360 -3.763287 37.786472  0.000000 -0.257955 0.966157  0.712005 0.289915 0
0  -3.759856 -3.763286 37.786472  0.000000 -0.257955 0.966157  0.825587 0.289915 0
0  -3.759856 1.674662 39.238358  0.000000 -0.257955 0.966157  0.825587 0.415779 0
ConsolePanelLoadingBay
0  -3.232575 -4.071084 36.845669  1.000000 0.000000 0.000000  0.837200 0.907484 0
0  -3.232575 2.669593 38.257248  1.000000 0.000000 0.000000  0.688083 0.829549 0
0  -3.232575 2.410442 38.576180  1.000000 0.000000 0.000000  0.688723 0.839005 0
ConsolePanelLoadingBay
0  -3.232575 2.669593 38.257248  1.000000 0.000000 0.000000  0.688083 0.829549 0
0  -3.232575 -4.071084 36.845669  1.000000 0.000000 0.000000  0.837200 0.907484 0
0  -3.232575 -8.128223 32.186554  1.000000 0.000000 0.000000  0.978938 0.888450 0
ConsolePanelLoadingBay
0  -3.232575 2.669593 38.257248  1.000000 -0.000000 0.000000  0.688083 0.829549 0
0  -3.232575 -8.128223 32.186554  1.000000 -0.000000 0.000000  0.978938 0.888450 0
0  -3.232575 -6.611533 30.216600  1.000000 -0.000000 0.000000  0.976602 0.831316 0
ConsolePanelLoadingBay
0  1.490600 -4.490772 33.938656  0.000011 -0.229870 0.973221  0.545997 0.441320 0
0  2.566053 -4.490772 33.938656  -0.000011 -0.229870 0.973221  0.555289 0.441320 0
0  2.028326 -3.660799 34.005539  0.000000 -0.080324 0.996769  0.550643 0.441320 0
ConsolePanelLoadingBay
0  -3.759856 1.888653 38.436867  0.000000 0.966157 0.257955  0.880982 0.533925 0
0  -8.963360 1.674662 39.238358  0.000000 0.966157 0.257956  0.862958 0.647469 0
0  -3.759856 1.674662 39.238358  0.000000 0.966157 0.257955  0.862958 0.533925 0
ConsolePanelLoadingBay
0  -3.759856 1.888653 38.436867  0.000000 0.966157 0.257955  0.880982 0.533925 0
0  -8.963360 1.888653 38.436867  0.000000 0.966157 0.257956  0.880982 0.647469 0
0  -8.963360 1.674662 39.238358  0.000000 0.966157 0.257956  0.862958 0.647469 0
ConsolePanelLoadingBay
0  -9.490641 -4.071084 36.845669  -0.000036 -0.440437 0.897783  0.700520 0.277809 0
0  -3.232575 -8.128223 32.186554  0.000000 -0.754146 0.656707  0.837075 0.128161 0
0  -3.232575 -4.071084 36.845669  0.000002 -0.440481 0.897762  0.837075 0.277809 0
ConsolePanelLoadingBay
0  -9.490641 -4.071084 36.845669  -0.000036 -0.440437 0.897783  0.700520 0.277809 0
0  -9.490641 -8.128223 32.186554  0.000000 -0.754146 0.656707  0.700520 0.128161 0
0  -3.232575 -8.128223 32.186554  0.000000 -0.754146 0.656707  0.837075 0.128161 0
ConsolePanelLoadingBay
0  -3.232575 2.410442 38.576180  -0.000005 -0.257955 0.966157  0.837075 0.427874 0
0  -8.963360 1.888653 38.436867  -0.000005 -0.257955 0.966157  0.712005 0.415779 0
0  -3.759856 1.888653 38.436867  -0.000005 -0.257955 0.966157  0.825587 0.415779 0
ConsolePanelLoadingBay
0  -3.232575 2.410442 38.576180  -0.000005 -0.257955 0.966157  0.837075 0.427874 0
0  -9.490641 2.410442 38.576180  -0.000004 -0.257955 0.966157  0.700520 0.427874 0
0  -8.963360 1.888653 38.436867  -0.000005 -0.257955 0.966157  0.712005 0.415779 0
ConsolePanelLoadingBay
0  -9.490641 2.410442 38.576180  -0.000004 -0.257955 0.966157  0.700520 0.427874 0
0  -8.963360 -3.549295 36.984982  0.000003 -0.257955 0.966157  0.712005 0.289915 0
0  -8.963360 1.888653 38.436867  -0.000005 -0.257955 0.966157  0.712005 0.415779 0
ConsolePanelLoadingBay
0  -9.490641 2.410442 38.576180  -0.000004 -0.257955 0.966157  0.700520 0.427874 0
0  -9.490641 -4.071084 36.845669  -0.000036 -0.440437 0.897783  0.700520 0.277809 0
0  -8.963360 -3.549295 36.984982  0.000003 -0.257955 0.966157  0.712005 0.289915 0
ConsolePanelLoadingBay
0  -9.490641 -4.071084 36.845669  -0.000036 -0.440437 0.897783  0.700520 0.277809 0
0  -3.759856 -3.549295 36.984982  0.000005 -0.257955 0.966157  0.825587 0.289915 0
0  -8.963360 -3.549295 36.984982  0.000003 -0.257955 0.966157  0.712005 0.289915 0
ConsolePanelLoadingBay
0  -9.490641 -4.071084 36.845669  -0.000036 -0.440437 0.897783  0.700520 0.277809 0
0  -3.232575 -4.071084 36.845669  0.000002 -0.440481 0.897762  0.837075 0.277809 0
0  -3.759856 -3.549295 36.984982  0.000005 -0.257955 0.966157  0.825587 0.289915 0
ConsolePanelLoadingBay
0  -3.232575 -4.071084 36.845669  0.000002 -0.440481 0.897762  0.837075 0.277809 0
0  -3.759856 1.888653 38.436867  -0.000005 -0.257955 0.966157  0.825587 0.415779 0
0  -3.759856 -3.549295 36.984982  0.000005 -0.257955 0.966157  0.825587 0.289915 0
ConsolePanelLoadingBay
0  -3.232575 -4.071084 36.845669  0.000002 -0.440481 0.897762  0.837075 0.277809 0
0  -3.232575 2.410442 38.576180  -0.000005 -0.257955 0.966157  0.837075 0.427874 0
0  -3.759856 1.888653 38.436867  -0.000005 -0.257955 0.966157  0.825587 0.415779 0
ConsolePanelLoadingBay
0  22.792019 -9.594354 36.391666  1.000000 0.000000 0.000000  0.908078 0.751876 0
0  22.792019 -4.292605 44.703278  0.924502 0.286023 0.251967  0.977124 0.555995 0
0  22.792019 -11.400392 38.441818  1.000000 0.000000 0.000000  0.977124 0.751876 0
ConsolePanelLoadingBay
0  22.792019 -9.594354 36.391666  1.000000 0.000000 0.000000  0.908078 0.751876 0
0  22.792019 -2.486565 42.653130  0.924502 0.286023 0.251966  0.908078 0.555995 0
0  22.792019 -4.292605 44.703278  0.924502 0.286023 0.251967  0.977124 0.555995 0
ConsolePanelLoadingBay
0  22.792019 -2.486565 42.653130  0.924502 0.286023 0.251966  0.908078 0.555995 0
0  21.195429 -3.086693 45.765602  0.384206 0.692774 0.610287  0.977124 0.508612 0
0  22.792019 -4.292605 44.703278  0.924502 0.286023 0.251967  0.977124 0.555995 0
ConsolePanelLoadingBay
0  22.792019 -2.486565 42.653130  0.924502 0.286023 0.251966  0.908078 0.555995 0
0  21.195429 -1.280653 43.715454  0.384206 0.692774 0.610286  0.908078 0.508612 0
0  21.195429 -3.086693 45.765602  0.384206 0.692774 0.610287  0.977124 0.508612 0
ConsolePanelLoadingBay
0  21.195429 -1.280653 43.715454  0.384206 0.692774 0.610286  0.908078 0.508612 0
0  11.130994 -3.086694 45.765602  -0.382483 0.693311 0.610759  0.977124 0.273881 0
0  21.195429 -3.086693 45.765602  0.384206 0.692774 0.610287  0.977124 0.508612 0
ConsolePanelLoadingBay
0  21.195429 -1.280653 43.715454  0.384206 0.692774 0.610286  0.908078 0.508612 0
0  11.130994 -1.280653 43.715454  -0.382483 0.693311 0.610759  0.908078 0.273881 0
0  11.130994 -3.086694 45.765602  -0.382483 0.693311 0.610759  0.977124 0.273881 0
ConsolePanelLoadingBay
0  11.130994 -1.280653 43.715454  -0.382483 0.693311 0.610759  0.908078 0.273881 0
0  9.522439 -4.292605 44.703278  -0.923789 0.287316 0.253106  0.977124 0.226310 0
0  11.130994 -3.086694 45.765602  -0.382483 0.693311 0.610759  0.977124 0.273881 0
ConsolePanelLoadingBay
0  11.130994 -1.280653 43.715454  -0.382483 0.693311 0.610759  0.908078 0.273881 0
0  9.522439 -2.486566 42.653130  -0.923789 0.287317 0.253107  0.908078 0.226310 0
0  9.522439 -4.292605 44.703278  -0.923789 0.287316 0.253106  0.977124 0.226310 0
ConsolePanelLoadingBay
0  9.522439 -2.486566 42.653130  -0.923789 0.287317 0.253107  0.908078 0.226310 0
0  9.522440 -11.400393 38.441818  -1.000000 -0.000000 0.000000  0.977124 0.030429 0
0  9.522439 -4.292605 44.703278  -0.923789 0.287316 0.253106  0.977124 0.226310 0
ConsolePanelLoadingBay
0  9.522439 -2.486566 42.653130  -0.923789 0.287317 0.253107  0.908078 0.226310 0
0  9.522439 -9.594355 36.391666  -1.000000 -0.000000 0.000000  0.908078 0.030429 0
0  9.522440 -11.400393 38.441818  -1.000000 -0.000000 0.000000  0.977124 0.030429 0
ConsolePanelLoadingBay
0  9.779420 -9.594355 36.391666  1.000000 0.000000 -0.000000  0.908078 0.006875 0
0  9.779420 -4.448181 44.566231  0.923960 -0.287007 -0.252833  0.977124 0.225290 0
0  9.779421 -11.400393 38.441818  1.000000 0.000001 -0.000000  0.977124 0.006875 0
ConsolePanelLoadingBay
0  9.779420 -9.594355 36.391666  1.000000 0.000000 -0.000000  0.908078 0.006875 0
0  9.779420 -2.642141 42.516075  0.923961 -0.287006 -0.252832  0.908078 0.225290 0
0  9.779420 -4.448181 44.566231  0.923960 -0.287007 -0.252833  0.977124 0.225290 0
ConsolePanelLoadingBay
0  9.779420 -2.642141 42.516075  0.923961 -0.287006 -0.252832  0.908078 0.225290 0
0  11.338402 -3.277334 45.597664  0.382896 -0.693184 -0.610645  0.977124 0.273501 0
0  9.779420 -4.448181 44.566231  0.923960 -0.287007 -0.252833  0.977124 0.225290 0
ConsolePanelLoadingBay
0  9.779420 -2.642141 42.516075  0.923961 -0.287006 -0.252832  0.908078 0.225290 0
0  11.338402 -1.471295 43.547508  0.382896 -0.693184 -0.610644  0.908078 0.273501 0
0  11.338402 -3.277334 45.597664  0.382896 -0.693184 -0.610645  0.977124 0.273501 0
ConsolePanelLoadingBay
0  11.338402 -1.471295 43.547508  0.382896 -0.693184 -0.610644  0.908078 0.273501 0
0  20.988022 -3.277334 45.597664  -0.381131 -0.693731 -0.611128  0.977124 0.509001 0
0  11.338402 -3.277334 45.597664  0.382896 -0.693184 -0.610645  0.977124 0.273501 0
ConsolePanelLoadingBay
0  11.338402 -1.471295 43.547508  0.382896 -0.693184 -0.610644  0.908078 0.273501 0
0  20.988022 -1.471294 43.547508  -0.381130 -0.693731 -0.611128  0.908078 0.509001 0
0  20.988022 -3.277334 45.597664  -0.381131 -0.693731 -0.611128  0.977124 0.509001 0
ConsolePanelLoadingBay
0  20.988022 -1.471294 43.547508  -0.381130 -0.693731 -0.611128  0.908078 0.509001 0
0  22.558969 -4.448180 44.566231  -0.923228 -0.288331 -0.253999  0.977124 0.557274 0
0  20.988022 -3.277334 45.597664  -0.381131 -0.693731 -0.611128  0.977124 0.509001 0
ConsolePanelLoadingBay
0  20.988022 -1.471294 43.547508  -0.381130 -0.693731 -0.611128  0.908078 0.509001 0
0  22.558969 -2.642140 42.516075  -0.923228 -0.288331 -0.253999  0.908078 0.557274 0
0  22.558969 -4.448180 44.566231  -0.923228 -0.288331 -0.253999  0.977124 0.557274 0
ConsolePanelLoadingBay
0  22.558969 -2.642140 42.516075  -0.923228 -0.288331 -0.253999  0.908078 0.557274 0
0  22.558969 -11.400392 38.441818  -1.000000 0.000000 0.000000  0.977124 0.775134 0
0  22.558969 -4.448180 44.566231  -0.923228 -0.288331 -0.253999  0.977124 0.557274 0
ConsolePanelLoadingBay
0  22.558969 -2.642140 42.516075  -0.923228 -0.288331 -0.253999  0.908078 0.557274 0
0  22.558969 -9.594354 36.391666  -1.000000 0.000001 0.000000  0.908078 0.775134 0
0  22.558969 -11.400392 38.441818  -1.000000 0.000000 0.000000  0.977124 0.775134 0
ConsolePanelLoadingBay
0  2.566053 -4.490772 33.938656  0.845832 0.402522 0.350064  0.540157 0.442656 0
0  2.566053 -4.060075 33.443424  0.845832 0.402526 0.350060  0.544065 0.442656 0
0  2.028326 -3.660799 34.005539  0.779961 0.472224 0.410688  0.543073 0.446316 0
ConsolePanelLoadingBay
0  0.310555 -6.121239 31.655363  0.000013 -0.656233 0.754559  0.532617 0.419416 0
0  0.664744 -3.572819 33.871696  -0.000004 -0.656232 0.754559  0.536184 0.451467 0
0  0.310555 -3.840075 33.639267  -0.000012 -0.656232 0.754559  0.532617 0.448106 0
ConsolePanelLoadingBay
0  0.310555 -6.121239 31.655363  0.000013 -0.656233 0.754559  0.532617 0.419416 0
0  3.522130 -3.572819 33.871696  0.000004 -0.656232 0.754559  0.564954 0.451467 0
0  0.664744 -3.572819 33.871696  -0.000004 -0.656232 0.754559  0.536184 0.451467 0
ConsolePanelLoadingBay
0  0.310555 -6.121239 31.655363  0.000013 -0.656233 0.754559  0.532617 0.419416 0
0  3.876318 -3.840075 33.639267  -0.000175 -0.656073 0.754698  0.568521 0.448106 0
0  3.522130 -3.572819 33.871696  0.000004 -0.656232 0.754559  0.564954 0.451467 0
ConsolePanelLoadingBay
0  0.310555 -6.121239 31.655363  0.000013 -0.656233 0.754559  0.532617 0.419416 0
0  3.700666 -6.260468 31.543396  -0.000919 -0.655573 0.755131  0.566737 0.417736 0
0  3.876318 -3.840075 33.639267  -0.000175 -0.656073 0.754698  0.568521 0.448106 0
ConsolePanelLoadingBay
0  0.310555 -6.121239 31.655363  0.000013 -0.656233 0.754559  0.532617 0.419416 0
0  0.664744 -6.388494 31.422934  0.000025 -0.656212 0.754577  0.536184 0.416055 0
0  3.700666 -6.260468 31.543396  -0.000919 -0.655573 0.755131  0.566737 0.417736 0
ConsolePanelLoadingBay
0  2.566053 2.082246 38.769173  -0.000014 0.656290 -0.754509  0.560189 0.445066 0
0  1.490600 2.082246 38.769173  0.000008 0.656290 -0.754509  0.540218 0.445066 0
0  2.028326 2.481523 39.331291  0.000000 0.815265 -0.579089  0.550204 0.445066 0
ConsolePanelLoadingBay
0  -9.490641 -1.957830 34.281219  -1.000000 -0.000000 0.000000  0.513263 0.829356 0
0  -9.490641 2.410442 38.576180  -1.000000 -0.000001 0.000000  0.370501 0.837361 0
0  -9.490641 2.669593 38.257248  -1.000000 -0.000002 0.000000  0.369861 0.827905 0
ConsolePanelLoadingBay
0  -9.490641 -1.957830 34.281219  -1.000000 -0.000000 0.000000  0.513263 0.829356 0
0  -9.490641 -4.071084 36.845669  -1.000000 0.000000 0.000000  0.518979 0.905840 0
0  -9.490641 2.410442 38.576180  -1.000000 -0.000001 0.000000  0.370501 0.837361 0
ConsolePanelLoadingBay
0  -9.490641 -1.957830 34.281219  -1.000000 -0.000000 0.000000  0.513263 0.829356 0
0  -9.490641 -8.128223 32.186554  -1.000000 -0.000000 0.000000  0.660716 0.886806 0
0  -9.490641 -4.071084 36.845669  -1.000000 0.000000 0.000000  0.518979 0.905840 0
ConsolePanelLoadingBay
0  -9.490641 -1.957830 34.281219  -1.000000 -0.000000 0.000000  0.513263 0.829356 0
0  -9.490641 -6.611534 30.216600  -1.000000 -0.000000 0.000000  0.658380 0.829672 0
0  -9.490641 -8.128223 32.186554  -1.000000 -0.000000 0.000000  0.660716 0.886806 0
ConsolePanelLoadingBay
0  1.490600 2.082246 38.769173  -0.845833 0.402523 0.350059  0.559529 0.443094 0
0  1.490600 1.651549 39.264404  -0.845833 0.402521 0.350061  0.555454 0.443094 0
0  2.028326 2.481523 39.331291  -0.779963 0.472223 0.410687  0.558495 0.446912 0
ConsolePanelLoadingBay
0  6.873425 -0.252215 44.656425  -0.382689 -0.607040 0.696456  0.007232 0.992497 0
0  31.518963 -12.153598 34.287483  -0.000000 -0.656897 0.753981  0.295072 0.808145 0
0  31.518963 -0.252214 44.656425  -0.000000 -0.656897 0.753981  0.295072 0.992497 0
ConsolePanelLoadingBay
0  6.873425 -0.252215 44.656425  -0.382689 -0.607040 0.696456  0.007232 0.992497 0
0  6.881718 -12.153599 34.287483  -0.270599 -0.811000 0.518705  0.007329 0.808145 0
0  31.518963 -12.153598 34.287483  -0.000000 -0.656897 0.753981  0.295072 0.808145 0
ConsolePanelLoadingBay
0  6.685173 0.013247 44.638161  -0.923891 -0.251727 0.288199  0.005034 0.994695 0
0  6.881718 -12.153599 34.287483  -0.270599 -0.811000 0.518705  0.007329 0.808145 0
0  6.873425 -0.252215 44.656425  -0.382689 -0.607040 0.696456  0.007232 0.992497 0
ConsolePanelLoadingBay
0  6.685173 0.013247 44.638161  -0.923891 -0.251727 0.288199  0.005034 0.994695 0
0  6.693663 -12.171866 34.022022  -0.733619 -0.628594 0.258210  0.005133 0.805947 0
0  6.881718 -12.153599 34.287483  -0.270599 -0.811000 0.518705  0.007329 0.808145 0
ConsolePanelLoadingBay
0  6.693663 -12.171866 34.022022  -0.733619 -0.628594 0.258210  0.005133 0.805947 0
0  31.518963 -12.153598 34.287483  0.408242 -0.844169 0.347443  0.295072 0.808145 0
0  6.881718 -12.153599 34.287483  -0.270599 -0.811000 0.518705  0.007329 0.808145 0
ConsolePanelLoadingBay
0  6.693663 -12.171866 34.022022  -0.733619 -0.628594 0.258210  0.005133 0.805947 0
0  31.707117 -12.171865 34.022022  0.408243 -0.844168 0.347444  0.297269 0.805947 0
0  31.518963 -12.153598 34.287483  0.408242 -0.844169 0.347443  0.295072 0.808145 0
ConsolePanelLoadingBay
0  31.707117 -12.171865 34.022022  0.408243 -0.844168 0.347444  0.297269 0.805947 0
0  31.518963 -0.252214 44.656425  0.707098 -0.464501 0.533153  0.295072 0.992497 0
0  31.518963 -12.153598 34.287483  0.408242 -0.844169 0.347443  0.295072 0.808145 0
ConsolePanelLoadingBay
0  31.707117 -12.171865 34.022022  0.408243 -0.844168 0.347444  0.297269 0.805947 0
0  31.707117 0.013248 44.638161  0.707098 -0.464501 0.533153  0.297269 0.994695 0
0  31.518963 -0.252214 44.656425  0.707098 -0.464501 0.533153  0.295072 0.992497 0
ConsolePanelLoadingBay
0  1.490600 1.651549 39.264404  0.000011 -0.229874 0.973220  0.545544 0.442047 0
0  2.566053 1.651549 39.264404  -0.000012 -0.229874 0.973220  0.555528 0.442047 0
0  2.028326 2.481523 39.331291  0.000000 -0.080329 0.996768  0.550536 0.442047 0
ConsolePanelLoadingBay
0  -31.791149 7.909286 0.001322  -1.000000 0.000127 -0.000755  0.505119 0.003748 0
0  -31.815548 4.222676 39.711563  -1.000000 0.000193 -0.000596  0.534900 0.324501 0
0  -31.815548 7.909285 39.711563  -1.000000 0.000000 -0.000614  0.505120 0.324505 0
ConsolePanelLoadingBay
0  -31.791149 7.909286 0.001322  -1.000000 0.000127 -0.000755  0.505119 0.003748 0
0  -31.815548 -7.868246 29.163876  -1.000000 0.000388 -0.000627  0.631232 0.239292 0
0  -31.815548 4.222676 39.711563  -1.000000 0.000193 -0.000596  0.534900 0.324501 0
ConsolePanelLoadingBay
0  -31.791149 7.909286 0.001322  -1.000000 0.000127 -0.000755  0.505119 0.003748 0
0  -31.791149 -7.876826 0.001322  -1.000000 0.000000 -0.000837  0.631300 0.003734 0
0  -31.815548 -7.868246 29.163876  -1.000000 0.000388 -0.000627  0.631232 0.239292 0
ConsolePanelLoadingBay
0  2.566053 1.651549 39.264404  0.845833 0.402520 0.350064  0.555454 0.443094 0
0  2.566053 2.082246 38.769173  0.845833 0.402524 0.350059  0.559529 0.443094 0
0  2.028326 2.481523 39.331291  0.779963 0.472223 0.410687  0.558495 0.446912 0
ConsolePanelLoadingBay
0  0.310555 0.021083 36.981113  0.000037 -0.656259 0.754536  0.532617 0.419416 0
0  3.522130 2.569503 39.197441  -0.000013 -0.656221 0.754569  0.564954 0.451467 0
0  0.486214 2.432460 39.087341  0.000962 -0.656923 0.753957  0.534400 0.449787 0
ConsolePanelLoadingBay
0  0.310555 0.021083 36.981113  0.000037 -0.656259 0.754536  0.532617 0.419416 0
0  3.876318 2.302247 38.965012  0.000005 -0.656231 0.754560  0.568521 0.448106 0
0  3.522130 2.569503 39.197441  -0.000013 -0.656221 0.754569  0.564954 0.451467 0
ConsolePanelLoadingBay
0  0.310555 0.021083 36.981113  0.000037 -0.656259 0.754536  0.532617 0.419416 0
0  3.876318 0.021083 36.981113  0.000000 -0.656231 0.754560  0.568521 0.419416 0
0  3.876318 2.302247 38.965012  0.000005 -0.656231 0.754560  0.568521 0.448106 0
ConsolePanelLoadingBay
0  0.310555 0.021083 36.981113  0.000037 -0.656259 0.754536  0.532617 0.419416 0
0  3.522130 -0.246173 36.748684  0.000000 -0.656232 0.754559  0.564954 0.416055 0
0  3.876318 0.021083 36.981113  0.000000 -0.656231 0.754560  0.568521 0.419416 0
ConsolePanelLoadingBay
0  0.310555 0.021083 36.981113  0.000037 -0.656259 0.754536  0.532617 0.419416 0
0  0.664744 -0.246173 36.748684  0.000000 -0.656232 0.754559  0.536184 0.416055 0
0  3.522130 -0.246173 36.748684  0.000000 -0.656232 0.754559  0.564954 0.416055 0
ConsolePanelLoadingBay
0  -6.790371 -0.213885 45.649971  -0.168812 0.984956 0.036937  0.525744 0.707117 0
0  -7.055824 -0.350259 48.073280  -0.000057 0.477785 0.878477  0.623967 0.780440 0
0  -5.969671 -0.163697 48.062496  -0.168812 0.984956 0.036937  0.517692 0.779648 0
ConsolePanelLoadingBay
0  0.446639 0.221513 36.418350  -0.706243 -0.496942 -0.504252  0.534592 0.424385 0
0  0.486214 2.432460 39.087341  -0.995627 0.078657 -0.050402  0.532869 0.446480 0
0  0.446576 2.833649 38.686111  -0.995627 0.078650 -0.050410  0.534592 0.446480 0
ConsolePanelLoadingBay
0  0.446639 0.221513 36.418350  -0.706321 -0.496938 -0.504146  0.534592 0.424385 0
0  0.310555 0.021083 36.981113  -0.923913 -0.288643 -0.251137  0.532869 0.425544 0
0  0.486214 2.432460 39.087341  -0.995608 0.078815 -0.050535  0.532869 0.446480 0
ConsolePanelLoadingBay
0  0.310555 0.021083 36.981113  -0.923913 -0.288643 -0.251137  0.532869 0.425544 0
0  0.446639 0.221513 36.418350  -0.706321 -0.496938 -0.504146  0.534592 0.424385 0
0  0.664744 -0.246173 36.748684  -0.382758 -0.697108 -0.606248  0.532869 0.423227 0
ConsolePanelLoadingBay
0  6.685173 4.145754 39.894901  -0.000000 0.000000 1.000000  0.198895 0.606907 0
0  -31.562456 8.045530 39.894901  -0.000000 0.000000 1.000000  0.498013 0.560706 0
0  -31.562456 4.145752 39.894901  0.000000 0.000000 1.000000  0.498013 0.606907 0
ConsolePanelLoadingBay
0  6.685173 4.145754 39.894901  -0.000000 0.000000 1.000000  0.198895 0.606907 0
0  31.707117 8.045532 39.894901  -0.000000 0.000000 1.000000  0.003209 0.560706 0
0  -31.562456 8.045530 39.894901  -0.000000 0.000000 1.000000  0.498013 0.560706 0
ConsolePanelLoadingBay
0  6.685173 4.145754 39.894901  -0.000000 0.000000 1.000000  0.198895 0.606907 0
0  31.707117 4.145755 39.894901  0.000000 0.000000 1.000000  0.003209 0.606907 0
0  31.707117 8.045532 39.894901  -0.000000 0.000000 1.000000  0.003209 0.560706 0
ConsolePanelLoadingBay
0  3.876318 0.021083 36.981113  0.923905 -0.288661 -0.251148  0.532869 0.425544 0
0  3.522130 -0.246173 36.748684  0.382615 -0.697099 -0.606348  0.532869 0.423227 0
0  3.740135 0.223411 36.416000  0.698611 -0.425763 -0.575038  0.534592 0.424385 0
ConsolePanelLoadingBay
0  3.740135 0.223411 36.416000  0.698611 -0.425763 -0.575038  0.534592 0.424385 0
0  3.876318 2.302247 38.965012  0.923897 0.288757 0.251065  0.532869 0.445321 0
0  3.876318 0.021083 36.981113  0.923905 -0.288661 -0.251148  0.532869 0.425544 0
ConsolePanelLoadingBay
0  3.740135 0.223411 36.416000  0.698611 -0.425763 -0.575038  0.534592 0.424385 0
0  3.740305 2.833647 38.686127  0.693031 0.601026 0.398089  0.534592 0.446480 0
0  3.876318 2.302247 38.965012  0.923897 0.288757 0.251065  0.532869 0.445321 0
ConsolePanelLoadingBay
0  3.522130 2.569503 39.197441  0.382621 0.697196 0.606233  0.532869 0.447638 0
0  3.876318 2.302247 38.965012  0.923897 0.288757 0.251065  0.532869 0.445321 0
0  3.740305 2.833647 38.686127  0.693031 0.601026 0.398089  0.534592 0.446480 0
ConsolePanelLoadingBay
0  -31.562456 -8.044420 0.001322  0.000000 -1.000000 0.000173  0.002243 0.002623 0
0  6.693663 -8.039357 29.278767  0.000000 -1.000000 0.000173  0.300505 0.279089 0
0  -31.562456 -8.039358 29.278767  0.000000 -1.000000 0.000173  0.002243 0.279089 0
ConsolePanelLoadingBay
0  -31.562456 -8.044420 0.001322  0.000000 -1.000000 0.000173  0.002243 0.002623 0
0  31.707117 -8.039356 29.278767  0.000000 -1.000000 0.000173  0.496511 0.279089 0
0  6.693663 -8.039357 29.278767  0.000000 -1.000000 0.000173  0.300505 0.279089 0
ConsolePanelLoadingBay
0  -31.562456 -8.044420 0.001322  0.000000 -1.000000 0.000173  0.002243 0.002623 0
0  31.707117 -8.044418 0.001322  0.000000 -1.000000 0.000173  0.496511 0.002623 0
0  31.707117 -8.039356 29.278767  0.000000 -1.000000 0.000173  0.496511 0.279089 0
ConsolePanelLoadingBay
0  31.951651 7.909287 39.711563  1.000000 -0.000000 0.000000  0.505120 0.324505 0
0  31.951651 -7.876823 0.001322  1.000000 -0.000000 0.000000  0.631300 0.003734 0
0  31.951651 7.909289 0.001322  1.000000 0.000000 0.000000  0.505119 0.003748 0
ConsolePanelLoadingBay
0  31.951651 7.909287 39.711563  1.000000 -0.000000 0.000000  0.505120 0.324505 0
0  31.951651 -7.868243 29.163876  1.000000 -0.000001 0.000000  0.631232 0.239292 0
0  31.951651 -7.876823 0.001322  1.000000 -0.000000 0.000000  0.631300 0.003734 0
ConsolePanelLoadingBay
0  31.951651 7.909287 39.711563  1.000000 -0.000000 0.000000  0.505120 0.324505 0
0  31.951651 4.222679 39.711563  1.000000 0.000000 0.000000  0.534900 0.324501 0
0  31.951651 -7.868243 29.163876  1.000000 -0.000001 0.000000  0.631232 0.239292 0
end
