version 1
nodes
0 "Implicit" -1
end
skeleton
time 0
0  0.000000 0.000000 0.000000  0.000000 -0.000000 0.000000
end
triangles
ConsolePanelLoadingBay
0  7.617670 -0.454305 44.502296  -0.028165 -0.515933 0.856166  0.523088 0.356865 0
0  7.159329 -0.518649 44.448448  -0.028165 -0.515933 0.856166  0.516824 0.355879 0
0  7.496813 -0.779303 44.302475  -0.028165 -0.515933 0.856166  0.521949 0.350948 0
ConsolePanelLoadingBay
0  -27.765804 -0.956782 35.433937  0.177523 -0.501261 0.846891  0.047860 0.721805 0
0  -29.378263 -0.452810 35.872234  -0.000067 -0.445782 0.895141  0.030381 0.729045 0
0  -28.993160 -1.919709 35.525887  0.058193 -0.533981 0.843491  0.034895 0.715222 0
ConsolePanelLoadingBay
0  -27.097902 -2.173478 34.375790  0.250983 -0.635240 0.730396  0.055100 0.704326 0
0  -27.765804 -0.956782 35.433937  0.177523 -0.501261 0.846891  0.047860 0.721805 0
0  -28.993160 -1.919709 35.525887  0.058193 -0.533981 0.843491  0.034895 0.715222 0
ConsolePanelLoadingBay
0  -27.097902 -2.173478 34.375790  0.250983 -0.635240 0.730396  0.055100 0.704326 0
0  -28.993160 -1.919709 35.525887  0.058193 -0.533981 0.843491  0.034895 0.715222 0
0  -28.599920 -2.961479 34.095783  0.177426 -0.769134 0.613965  0.039408 0.695300 0
ConsolePanelLoadingBay
0  -27.765804 -3.390173 33.317642  0.177459 -0.769133 0.613956  0.047860 0.686847 0
0  -27.097902 -2.173478 34.375790  0.250983 -0.635240 0.730396  0.055100 0.704326 0
0  -28.599920 -2.961479 34.095783  0.177426 -0.769134 0.613965  0.039408 0.695300 0
ConsolePanelLoadingBay
0  -29.378263 -3.894146 32.879345  -0.000001 -0.824587 0.565735  0.030381 0.679607 0
0  -27.765804 -3.390173 33.317642  0.177459 -0.769133 0.613956  0.047860 0.686847 0
0  -28.599920 -2.961479 34.095783  0.177426 -0.769134 0.613965  0.039408 0.695300 0
ConsolePanelLoadingBay
0  -30.990721 -3.390173 33.317642  -0.177443 -0.769131 0.613964  0.012903 0.686847 0
0  -29.378263 -3.894146 32.879345  -0.000001 -0.824587 0.565735  0.030381 0.679607 0
0  -28.599920 -2.961479 34.095783  0.177426 -0.769134 0.613965  0.039408 0.695300 0
ConsolePanelLoadingBay
0  -30.990721 -3.390173 33.317642  -0.177443 -0.769131 0.613964  0.012903 0.686847 0
0  -28.599920 -2.961479 34.095783  0.177426 -0.769134 0.613965  0.039408 0.695300 0
0  -30.270325 -2.283515 34.790066  -0.194772 -0.662326 0.723455  0.020421 0.706583 0
ConsolePanelLoadingBay
0  -31.658623 -2.173478 34.375790  -0.250954 -0.635230 0.730414  0.005663 0.704326 0
0  -30.990721 -3.390173 33.317642  -0.177443 -0.769131 0.613964  0.012903 0.686847 0
0  -30.270325 -2.283515 34.790066  -0.194772 -0.662326 0.723455  0.020421 0.706583 0
ConsolePanelLoadingBay
0  -30.990721 -0.956782 35.433937  -0.177453 -0.501327 0.846866  0.012903 0.721805 0
0  -31.658623 -2.173478 34.375790  -0.250954 -0.635230 0.730414  0.005663 0.704326 0
0  -30.270325 -2.283515 34.790066  -0.194772 -0.662326 0.723455  0.020421 0.706583 0
ConsolePanelLoadingBay
0  -29.378263 -0.452810 35.872234  -0.000067 -0.445782 0.895141  0.030381 0.729045 0
0  -30.990721 -0.956782 35.433937  -0.177453 -0.501327 0.846866  0.012903 0.721805 0
0  -30.270325 -2.283515 34.790066  -0.194772 -0.662326 0.723455  0.020421 0.706583 0
ConsolePanelLoadingBay
0  -29.378263 -0.452810 35.872234  -0.000067 -0.445782 0.895141  0.030381 0.729045 0
0  -30.270325 -2.283515 34.790066  -0.194772 -0.662326 0.723455  0.020421 0.706583 0
0  -28.993160 -1.919709 35.525887  0.058193 -0.533981 0.843491  0.034895 0.715222 0
ConsolePanelLoadingBay
0  -30.270325 -2.283515 34.790066  -0.194772 -0.662326 0.723455  0.020421 0.706583 0
0  -28.599920 -2.961479 34.095783  0.177426 -0.769134 0.613965  0.039408 0.695300 0
0  -28.993160 -1.919709 35.525887  0.058193 -0.533981 0.843491  0.034895 0.715222 0
ConsolePanelLoadingBay
0  2.566053 2.082246 38.769173  0.000000 0.656234 -0.754557  0.560189 0.445066 0
0  1.878263 2.546145 39.172623  0.000000 0.656234 -0.754557  0.540218 0.445066 0
0  2.178390 2.546145 39.172623  0.000000 0.656234 -0.754557  0.560189 0.445066 0
ConsolePanelLoadingBay
0  2.566053 2.082246 38.769173  0.000000 0.656234 -0.754557  0.560189 0.445066 0
0  1.490600 2.082246 38.769173  0.000000 0.656234 -0.754557  0.540218 0.445066 0
0  1.878263 2.546145 39.172623  0.000000 0.656234 -0.754557  0.540218 0.445066 0
ConsolePanelLoadingBay
0  1.490600 2.082246 38.769173  -0.845880 0.402461 0.350017  0.559529 0.443094 0
0  1.878263 2.327434 39.424103  -0.845880 0.402461 0.350017  0.557460 0.446912 0
0  1.878263 2.546145 39.172623  -0.845880 0.402460 0.350018  0.559529 0.446912 0
ConsolePanelLoadingBay
0  1.490600 2.082246 38.769173  -0.845880 0.402461 0.350017  0.559529 0.443094 0
0  1.490600 1.651549 39.264404  -0.845880 0.402462 0.350016  0.555454 0.443094 0
0  1.878263 2.327434 39.424103  -0.845880 0.402461 0.350017  0.557460 0.446912 0
ConsolePanelLoadingBay
0  1.490600 1.651549 39.264404  0.000000 -0.229949 0.973203  0.545544 0.442047 0
0  2.178390 2.327434 39.424103  0.000000 -0.229949 0.973203  0.555528 0.442047 0
0  1.878263 2.327434 39.424103  0.000000 -0.229949 0.973203  0.545544 0.442047 0
ConsolePanelLoadingBay
0  1.490600 1.651549 39.264404  0.000000 -0.229949 0.973203  0.545544 0.442047 0
0  2.566053 1.651549 39.264404  0.000000 -0.229949 0.973203  0.555528 0.442047 0
0  2.178390 2.327434 39.424103  0.000000 -0.229949 0.973203  0.555528 0.442047 0
ConsolePanelLoadingBay
0  2.566053 1.651549 39.264404  0.845880 0.402462 0.350017  0.555454 0.443094 0
0  2.178390 2.546145 39.172623  0.845879 0.402462 0.350018  0.559529 0.446912 0
0  2.178390 2.327434 39.424103  0.845878 0.402463 0.350020  0.557460 0.446912 0
ConsolePanelLoadingBay
0  2.566053 1.651549 39.264404  0.845880 0.402462 0.350017  0.555454 0.443094 0
0  2.566053 2.082246 38.769173  0.845880 0.402461 0.350016  0.559529 0.443094 0
0  2.178390 2.546145 39.172623  0.845879 0.402462 0.350018  0.559529 0.446912 0
ConsolePanelLoadingBay
0  6.693663 -8.039357 29.278767  0.000000 -0.753980 -0.656897  0.430793 0.923533 0
0  31.707117 -12.171865 34.022022  0.000000 -0.753980 -0.656897  0.650346 0.995160 0
0  6.693663 -12.171866 34.022022  0.000000 -0.753981 -0.656897  0.430836 0.995160 0
ConsolePanelLoadingBay
0  6.693663 -8.039357 29.278767  0.000000 -0.753980 -0.656897  0.430793 0.923533 0
0  31.707117 -8.039356 29.278767  0.000000 -0.753980 -0.656897  0.650389 0.923533 0
0  31.707117 -12.171865 34.022022  0.000000 -0.753980 -0.656897  0.650346 0.995160 0
ConsolePanelLoadingBay
0  31.707117 -8.039356 29.278767  1.000000 0.000000 0.000000  0.650389 0.923533 0
0  31.707117 0.013248 44.638161  1.000000 0.000000 0.000000  0.776610 0.995431 0
0  31.707117 -12.171865 34.022022  1.000000 0.000000 0.000000  0.650346 0.995160 0
ConsolePanelLoadingBay
0  31.707117 -8.039356 29.278767  1.000000 0.000000 0.000000  0.650389 0.923533 0
0  31.707117 4.145755 39.894901  1.000000 0.000000 0.000000  0.776654 0.923804 0
0  31.707117 0.013248 44.638161  1.000000 0.000000 0.000000  0.776610 0.995431 0
ConsolePanelLoadingBay
0  31.707117 4.145755 39.894901  -0.000000 0.753981 0.656897  0.776654 0.923804 0
0  6.685173 0.013247 44.638161  -0.000000 0.753981 0.656897  0.996241 0.995431 0
0  31.707117 0.013248 44.638161  0.000000 0.753981 0.656897  0.776610 0.995431 0
ConsolePanelLoadingBay
0  31.707117 4.145755 39.894901  -0.000000 0.753981 0.656897  0.776654 0.923804 0
0  6.685173 4.145754 39.894901  -0.000000 0.753981 0.656897  0.996198 0.923804 0
0  6.685173 0.013247 44.638161  -0.000000 0.753981 0.656897  0.996241 0.995431 0
ConsolePanelLoadingBay
0  -7.055824 -1.794917 46.346657  -0.000000 -0.883091 0.469203  0.623967 0.741833 0
0  -5.688650 -0.350347 48.103680  -0.007769 -0.771732 0.635901  0.678137 0.794056 0
0  -7.055824 -0.350259 48.073280  0.000024 -0.766952 0.641705  0.623967 0.794214 0
ConsolePanelLoadingBay
0  -7.055824 -1.794917 46.346657  -0.000000 -0.883091 0.469203  0.623967 0.741833 0
0  -5.737854 -1.794917 46.346657  0.000001 -0.883101 0.469182  0.678137 0.741942 0
0  -5.688650 -0.350347 48.103680  -0.007769 -0.771732 0.635901  0.678137 0.794056 0
ConsolePanelLoadingBay
0  -7.098953 -2.934259 40.845955  0.003299 -0.979120 0.203254  0.623967 0.581402 0
0  -5.737854 -1.794917 46.346657  0.000001 -0.883101 0.469182  0.678137 0.736088 0
0  -7.055824 -1.794917 46.346657  -0.000000 -0.883091 0.469203  0.623967 0.739307 0
ConsolePanelLoadingBay
0  -7.098953 -2.934259 40.845955  0.003299 -0.979120 0.203254  0.623967 0.581402 0
0  -5.685718 -2.920532 40.861580  0.003226 -0.979111 0.203302  0.678137 0.577467 0
0  -5.737854 -1.794917 46.346657  0.000001 -0.883101 0.469182  0.678137 0.736088 0
ConsolePanelLoadingBay
0  -6.633004 -0.178520 45.024109  0.769613 0.630443 -0.101181  0.808888 0.690001 0
0  -6.911884 0.124413 46.619682  0.000088 0.999814 -0.019278  0.810498 0.732944 0
0  -6.396839 -0.036358 47.902557  0.000051 0.826143 0.563460  0.802368 0.779648 0
ConsolePanelLoadingBay
0  -5.688650 -0.350347 48.103680  0.733226 0.653369 -0.188384  0.678137 0.786481 0
0  -6.633004 -0.178520 45.024109  0.769613 0.630443 -0.101181  0.808888 0.690001 0
0  -6.396839 -0.036358 47.902557  0.000051 0.826143 0.563460  0.802368 0.779648 0
ConsolePanelLoadingBay
0  -5.737854 -1.794917 46.346657  0.906683 -0.409205 0.102363  0.678137 0.736088 0
0  -6.633004 -0.178520 45.024109  0.769613 0.630443 -0.101181  0.808888 0.690001 0
0  -5.688650 -0.350347 48.103680  0.733226 0.653369 -0.188384  0.678137 0.786481 0
ConsolePanelLoadingBay
0  -5.685718 -2.920532 40.861580  0.967762 0.244879 0.058922  0.678137 0.577467 0
0  -6.633004 -0.178520 45.024109  0.769613 0.630443 -0.101181  0.808888 0.690001 0
0  -5.737854 -1.794917 46.346657  0.906683 -0.409205 0.102363  0.678137 0.736088 0
ConsolePanelLoadingBay
0  -5.685718 -2.920532 40.861580  0.967762 0.244879 0.058922  0.678137 0.577467 0
0  -5.725436 -0.624031 41.396957  0.450444 0.863888 -0.225383  0.751205 0.581402 0
0  -6.633004 -0.178520 45.024109  0.769613 0.630443 -0.101181  0.808888 0.690001 0
ConsolePanelLoadingBay
0  -5.725436 -0.624031 41.396957  0.450449 0.863888 -0.225373  0.751205 0.581402 0
0  -6.654623 -0.943756 44.340267  -0.000031 0.932829 -0.360318  0.811799 0.672580 0
0  -6.633004 -0.178520 45.024109  -0.900052 0.409674 -0.148570  0.808888 0.690001 0
ConsolePanelLoadingBay
0  -5.725436 -0.624031 41.396957  0.450449 0.863888 -0.225373  0.751205 0.581402 0
0  -7.068242 -0.624031 41.396957  -0.450354 0.863930 -0.225401  0.814904 0.581402 0
0  -6.654623 -0.943756 44.340267  -0.000031 0.932829 -0.360318  0.811799 0.672580 0
ConsolePanelLoadingBay
0  -7.055824 -1.794917 46.346657  -0.906703 -0.409175 0.102300  0.623967 0.739307 0
0  -7.055824 -0.350259 48.073280  -0.907194 -0.322679 0.269958  0.623967 0.780440 0
0  -6.911884 0.124413 46.619682  -0.948467 0.238981 -0.208082  0.525821 0.732944 0
ConsolePanelLoadingBay
0  -6.633004 -0.178520 45.024109  -0.900074 0.409647 -0.148515  0.524211 0.690001 0
0  -7.055824 -1.794917 46.346657  -0.906703 -0.409175 0.102300  0.623967 0.739307 0
0  -6.911884 0.124413 46.619682  -0.948467 0.238981 -0.208082  0.525821 0.732944 0
ConsolePanelLoadingBay
0  -6.654623 -0.943756 44.340267  -0.899246 0.429765 -0.081601  0.527123 0.672580 0
0  -7.055824 -1.794917 46.346657  -0.906703 -0.409175 0.102300  0.623967 0.739307 0
0  -6.633004 -0.178520 45.024109  -0.900074 0.409647 -0.148515  0.524211 0.690001 0
ConsolePanelLoadingBay
0  -7.068242 -0.624031 41.396957  -0.450300 0.863952 -0.225424  0.532731 0.581402 0
0  -7.055824 -1.794917 46.346657  -0.906703 -0.409175 0.102300  0.623967 0.739307 0
0  -6.654623 -0.943756 44.340267  -0.899246 0.429765 -0.081601  0.527123 0.672580 0
ConsolePanelLoadingBay
0  -7.068242 -0.624031 41.396957  -0.450300 0.863952 -0.225424  0.532731 0.581402 0
0  -7.739645 -1.749934 41.105942  -0.900714 0.108705 -0.420591  0.583825 0.581402 0
0  -7.055824 -1.794917 46.346657  -0.906703 -0.409175 0.102300  0.623967 0.739307 0
ConsolePanelLoadingBay
0  -7.739645 -1.749934 41.105942  -0.900714 0.108705 -0.420591  0.583825 0.581402 0
0  -7.098953 -2.934259 40.845955  -0.868551 -0.483787 0.107565  0.623967 0.581402 0
0  -7.055824 -1.794917 46.346657  -0.906703 -0.409175 0.102300  0.623967 0.739307 0
ConsolePanelLoadingBay
0  6.110536 -7.508350 29.770922  0.017106 -0.528296 0.848888  0.523088 0.356865 0
0  5.709466 -7.409550 29.823383  -0.411887 0.166349 0.895922  0.517394 0.358838 0
0  5.989677 -7.833350 29.571098  0.017106 -0.528294 0.848889  0.521949 0.350948 0
ConsolePanelLoadingBay
0  5.709466 -7.409550 29.823383  -0.411954 0.166333 0.895895  0.517394 0.358838 0
0  5.603312 -7.729321 29.578747  -0.145773 -0.599278 0.787158  0.516255 0.352920 0
0  5.989677 -7.833350 29.571098  -0.145775 -0.599277 0.787158  0.521949 0.350948 0
ConsolePanelLoadingBay
0  31.056557 -11.678404 34.711128  -0.046251 -0.608392 0.792288  0.520241 0.357851 0
0  30.766371 -11.951004 34.484863  -0.046251 -0.608392 0.792288  0.516255 0.352920 0
0  31.189957 -12.053426 34.430939  -0.046251 -0.608392 0.792288  0.521949 0.350948 0
ConsolePanelLoadingBay
0  -9.490641 2.669593 38.257248  0.000000 0.776091 0.630621  0.700520 0.449188 0
0  -3.232575 2.410442 38.576180  0.000000 0.776091 0.630621  0.837075 0.427874 0
0  -3.232575 2.669593 38.257248  0.000000 0.776091 0.630621  0.837075 0.449188 0
ConsolePanelLoadingBay
0  -9.490641 2.669593 38.257248  0.000000 0.776091 0.630621  0.700520 0.449188 0
0  -9.490641 2.410442 38.576180  0.000000 0.776091 0.630621  0.700520 0.427874 0
0  -3.232575 2.410442 38.576180  0.000000 0.776091 0.630621  0.837075 0.427874 0
ConsolePanelLoadingBay
0  -8.963360 1.888653 38.436867  -1.000000 0.000000 0.000000  0.880982 0.647469 0
0  -8.963360 -3.763287 37.786472  -1.000000 -0.000000 0.000000  0.863213 0.781443 0
0  -8.963360 1.674662 39.238358  -1.000000 0.000000 0.000000  0.862958 0.647469 0
ConsolePanelLoadingBay
0  -8.963360 1.888653 38.436867  -1.000000 0.000000 0.000000  0.880982 0.647469 0
0  -8.963360 -3.549295 36.984982  -1.000000 -0.000000 0.000000  0.881237 0.781443 0
0  -8.963360 -3.763287 37.786472  -1.000000 -0.000000 0.000000  0.863213 0.781443 0
ConsolePanelLoadingBay
0  -9.490641 -6.611534 30.216600  0.000000 -0.792363 -0.610049  0.700520 0.073572 0
0  -3.232575 -8.128223 32.186554  0.000000 -0.792363 -0.610050  0.837075 0.128161 0
0  -9.490641 -8.128223 32.186554  0.000000 -0.792364 -0.610049  0.700520 0.128161 0
ConsolePanelLoadingBay
0  -9.490641 -6.611534 30.216600  0.000000 -0.792363 -0.610049  0.700520 0.073572 0
0  -3.232575 -6.611533 30.216600  0.000000 -0.792363 -0.610050  0.837075 0.073572 0
0  -3.232575 -8.128223 32.186554  0.000000 -0.792363 -0.610050  0.837075 0.128161 0
ConsolePanelLoadingBay
0  -8.963360 -3.763287 37.786472  0.000000 -0.257955 0.966157  0.712005 0.289915 0
0  -3.759856 1.674662 39.238358  0.000000 -0.257955 0.966157  0.825587 0.415779 0
0  -8.963360 1.674662 39.238358  0.000000 -0.257956 0.966157  0.712005 0.415779 0
ConsolePanelLoadingBay
0  -8.963360 -3.763287 37.786472  0.000000 -0.257955 0.966157  0.712005 0.289915 0
0  -3.759856 -3.763286 37.786472  0.000000 -0.257955 0.966157  0.825587 0.289915 0
0  -3.759856 1.674662 39.238358  0.000000 -0.257955 0.966157  0.825587 0.415779 0
ConsolePanelLoadingBay
0  6.685173 4.145754 39.894901  -1.000000 -0.000396 -0.000345  0.304494 0.923804 0
0  6.693663 -12.171866 34.022022  -0.733619 -0.628594 0.258210  0.430836 0.995160 0
0  6.685173 0.013247 44.638161  -0.923891 -0.251727 0.288199  0.304538 0.995431 0
ConsolePanelLoadingBay
0  6.685173 4.145754 39.894901  -1.000000 -0.000396 -0.000345  0.304494 0.923804 0
0  6.693663 -8.039357 29.278767  -1.000000 -0.000396 -0.000345  0.430793 0.923533 0
0  6.693663 -12.171866 34.022022  -0.733619 -0.628594 0.258210  0.430836 0.995160 0
ConsolePanelLoadingBay
0  31.707117 0.013248 44.638161  -0.000000 0.068641 0.997641  0.297269 0.994695 0
0  6.873425 -0.252215 44.656425  0.000000 0.068641 0.997641  0.007232 0.992497 0
0  31.518963 -0.252214 44.656425  -0.000000 0.068641 0.997641  0.295072 0.992497 0
ConsolePanelLoadingBay
0  31.707117 0.013248 44.638161  -0.000000 0.068641 0.997641  0.297269 0.994695 0
0  6.685173 0.013247 44.638161  0.000000 0.068641 0.997641  0.005034 0.994695 0
0  6.873425 -0.252215 44.656425  0.000000 0.068641 0.997641  0.007232 0.992497 0
ConsolePanelLoadingBay
0  9.522439 -4.292605 44.703278  0.000000 -0.661017 0.750371  0.657755 0.036494 0
0  9.522440 -11.400393 38.441818  0.000000 -0.661021 0.750367  0.657755 0.196010 0
0  9.779421 -11.400393 38.441818  0.000000 -0.661021 0.750367  0.662082 0.196010 0
ConsolePanelLoadingBay
0  9.522439 -4.292605 44.703278  0.000000 -0.661017 0.750371  0.657755 0.036494 0
0  9.779421 -11.400393 38.441818  0.000000 -0.661021 0.750367  0.662082 0.196010 0
0  9.779420 -4.448181 44.566231  0.000000 -0.661018 0.750370  0.662082 0.039985 0
ConsolePanelLoadingBay
0  9.522439 -4.292605 44.703278  0.000000 -0.661017 0.750371  0.657755 0.036494 0
0  9.779420 -4.448181 44.566231  0.000000 -0.661018 0.750370  0.662082 0.039985 0
0  11.338402 -3.277334 45.597664  0.000000 -0.661017 0.750371  0.688336 0.013708 0
ConsolePanelLoadingBay
0  11.130994 -3.086694 45.765602  -0.000000 -0.661018 0.750370  0.684843 0.009430 0
0  9.522439 -4.292605 44.703278  0.000000 -0.661017 0.750371  0.657755 0.036494 0
0  11.338402 -3.277334 45.597664  0.000000 -0.661017 0.750371  0.688336 0.013708 0
ConsolePanelLoadingBay
0  11.130994 -3.086694 45.765602  -0.000000 -0.661018 0.750370  0.684843 0.009430 0
0  11.338402 -3.277334 45.597664  0.000000 -0.661017 0.750371  0.688336 0.013708 0
0  20.988022 -3.277334 45.597664  0.000004 -0.661017 0.750371  0.850836 0.013708 0
ConsolePanelLoadingBay
0  20.988022 -3.277334 45.597664  0.000004 -0.661017 0.750371  0.850836 0.013708 0
0  21.195429 -3.086693 45.765602  0.000006 -0.661018 0.750370  0.854329 0.009430 0
0  11.130994 -3.086694 45.765602  -0.000000 -0.661018 0.750370  0.684843 0.009430 0
ConsolePanelLoadingBay
0  20.988022 -3.277334 45.597664  0.000004 -0.661017 0.750371  0.850836 0.013708 0
0  22.558969 -4.448180 44.566231  0.000000 -0.661020 0.750368  0.877291 0.039985 0
0  21.195429 -3.086693 45.765602  0.000006 -0.661018 0.750370  0.854329 0.009430 0
ConsolePanelLoadingBay
0  22.558969 -4.448180 44.566231  0.000000 -0.661020 0.750368  0.877291 0.039985 0
0  22.792019 -4.292605 44.703278  0.000000 -0.661020 0.750369  0.881216 0.036494 0
0  21.195429 -3.086693 45.765602  0.000006 -0.661018 0.750370  0.854329 0.009430 0
ConsolePanelLoadingBay
0  22.558969 -4.448180 44.566231  0.000000 -0.661020 0.750368  0.877291 0.039985 0
0  22.792019 -11.400392 38.441818  0.000000 -0.661025 0.750364  0.881216 0.196010 0
0  22.792019 -4.292605 44.703278  0.000000 -0.661020 0.750369  0.881216 0.036494 0
ConsolePanelLoadingBay
0  22.558969 -4.448180 44.566231  0.000000 -0.661020 0.750368  0.877291 0.039985 0
0  22.558969 -11.400392 38.441818  0.000000 -0.661025 0.750363  0.877291 0.196010 0
0  22.792019 -11.400392 38.441818  0.000000 -0.661025 0.750364  0.881216 0.196010 0
ConsolePanelLoadingBay
0  9.522439 -9.594355 36.391666  0.000000 -0.750367 -0.661022  0.908078 0.030429 0
0  9.779421 -11.400393 38.441818  0.000000 -0.750369 -0.661019  0.977124 0.006875 0
0  9.522440 -11.400393 38.441818  0.000000 -0.750369 -0.661019  0.977124 0.030429 0
ConsolePanelLoadingBay
0  9.522439 -9.594355 36.391666  0.000000 -0.750367 -0.661022  0.908078 0.030429 0
0  9.779420 -9.594355 36.391666  0.000000 -0.750367 -0.661022  0.908078 0.006875 0
0  9.779421 -11.400393 38.441818  0.000000 -0.750369 -0.661019  0.977124 0.006875 0
ConsolePanelLoadingBay
0  22.792019 -9.594354 36.391666  1.000000 0.000000 0.000000  0.908078 0.751876 0
0  22.792019 -4.292605 44.703278  0.924502 0.286023 0.251967  0.977124 0.555995 0
0  22.792019 -11.400392 38.441818  1.000000 0.000000 0.000000  0.977124 0.751876 0
ConsolePanelLoadingBay
0  22.792019 -9.594354 36.391666  1.000000 0.000000 0.000000  0.908078 0.751876 0
0  22.792019 -2.486565 42.653130  0.924502 0.286023 0.251966  0.908078 0.555995 0
0  22.792019 -4.292605 44.703278  0.924502 0.286023 0.251967  0.977124 0.555995 0
ConsolePanelLoadingBay
0  22.792019 -2.486565 42.653130  0.924502 0.286023 0.251966  0.908078 0.555995 0
0  21.195429 -3.086693 45.765602  0.384206 0.692774 0.610287  0.977124 0.508612 0
0  22.792019 -4.292605 44.703278  0.924502 0.286023 0.251967  0.977124 0.555995 0
ConsolePanelLoadingBay
0  22.792019 -2.486565 42.653130  0.924502 0.286023 0.251966  0.908078 0.555995 0
0  21.195429 -1.280653 43.715454  0.384206 0.692774 0.610286  0.908078 0.508612 0
0  21.195429 -3.086693 45.765602  0.384206 0.692774 0.610287  0.977124 0.508612 0
ConsolePanelLoadingBay
0  21.195429 -1.280653 43.715454  0.384206 0.692774 0.610286  0.908078 0.508612 0
0  11.130994 -3.086694 45.765602  -0.382483 0.693311 0.610759  0.977124 0.273881 0
0  21.195429 -3.086693 45.765602  0.384206 0.692774 0.610287  0.977124 0.508612 0
ConsolePanelLoadingBay
0  21.195429 -1.280653 43.715454  0.384206 0.692774 0.610286  0.908078 0.508612 0
0  11.130994 -1.280653 43.715454  -0.382483 0.693311 0.610759  0.908078 0.273881 0
0  11.130994 -3.086694 45.765602  -0.382483 0.693311 0.610759  0.977124 0.273881 0
ConsolePanelLoadingBay
0  11.130994 -1.280653 43.715454  -0.382483 0.693311 0.610759  0.908078 0.273881 0
0  9.522439 -4.292605 44.703278  -0.923789 0.287316 0.253106  0.977124 0.226310 0
0  11.130994 -3.086694 45.765602  -0.382483 0.693311 0.610759  0.977124 0.273881 0
ConsolePanelLoadingBay
0  11.130994 -1.280653 43.715454  -0.382483 0.693311 0.610759  0.908078 0.273881 0
0  9.522439 -2.486566 42.653130  -0.923789 0.287317 0.253107  0.908078 0.226310 0
0  9.522439 -4.292605 44.703278  -0.923789 0.287316 0.253106  0.977124 0.226310 0
ConsolePanelLoadingBay
0  9.522439 -2.486566 42.653130  -0.923789 0.287317 0.253107  0.908078 0.226310 0
0  9.522440 -11.400393 38.441818  -1.000000 -0.000000 0.000000  0.977124 0.030429 0
0  9.522439 -4.292605 44.703278  -0.923789 0.287316 0.253106  0.977124 0.226310 0
ConsolePanelLoadingBay
0  9.522439 -2.486566 42.653130  -0.923789 0.287317 0.253107  0.908078 0.226310 0
0  9.522439 -9.594355 36.391666  -1.000000 -0.000000 0.000000  0.908078 0.030429 0
0  9.522440 -11.400393 38.441818  -1.000000 -0.000000 0.000000  0.977124 0.030429 0
ConsolePanelLoadingBay
0  22.558969 -9.594354 36.391666  0.000000 -0.750366 -0.661023  0.908078 0.775134 0
0  22.792019 -11.400392 38.441818  0.000000 -0.750370 -0.661018  0.977124 0.751876 0
0  22.558969 -11.400392 38.441818  0.000000 -0.750371 -0.661017  0.977124 0.775134 0
ConsolePanelLoadingBay
0  22.558969 -9.594354 36.391666  0.000000 -0.750366 -0.661023  0.908078 0.775134 0
0  22.792019 -9.594354 36.391666  0.000000 -0.750365 -0.661023  0.908078 0.751876 0
0  22.792019 -11.400392 38.441818  0.000000 -0.750370 -0.661018  0.977124 0.751876 0
ConsolePanelLoadingBay
0  -26.892857 2.938496 38.844963  0.000000 -0.986318 -0.164853  0.061933 0.783091 0
0  -2.285111 2.986941 38.555122  0.000000 -0.986318 -0.164853  0.379738 0.781337 0
0  -2.142043 2.938497 38.844963  0.000000 -0.986318 -0.164853  0.381586 0.783123 0
ConsolePanelLoadingBay
0  -26.892857 2.938496 38.844963  0.000000 -0.986318 -0.164853  0.061933 0.783091 0
0  -26.749788 2.986940 38.555122  0.000000 -0.986318 -0.164853  0.063780 0.781306 0
0  -2.285111 2.986941 38.555122  0.000000 -0.986318 -0.164853  0.379738 0.781337 0
ConsolePanelLoadingBay
0  -2.142043 2.938497 38.844963  -0.868344 -0.325466 0.374232  0.381586 0.783123 0
0  -2.285111 -6.809865 30.034954  -0.868352 -0.325457 0.374223  0.379756 0.630799 0
0  -2.142043 -7.090186 30.123138  -0.868352 -0.325457 0.374223  0.381605 0.629021 0
ConsolePanelLoadingBay
0  -2.142043 2.938497 38.844963  -0.868344 -0.325466 0.374232  0.381586 0.783123 0
0  -2.285111 2.986941 38.555122  -0.868344 -0.325466 0.374233  0.379738 0.781337 0
0  -2.285111 -6.809865 30.034954  -0.868352 -0.325457 0.374223  0.379756 0.630799 0
ConsolePanelLoadingBay
0  -26.892857 -7.090187 30.123138  0.868352 -0.325457 0.374223  0.061952 0.628989 0
0  -26.749788 2.986940 38.555122  0.868343 -0.325465 0.374236  0.063780 0.781306 0
0  -26.892857 2.938496 38.844963  0.868343 -0.325465 0.374236  0.061933 0.783091 0
ConsolePanelLoadingBay
0  -26.892857 -7.090187 30.123138  0.868352 -0.325457 0.374223  0.061952 0.628989 0
0  -26.749788 -6.809866 30.034954  0.868352 -0.325457 0.374223  0.063799 0.630768 0
0  -26.749788 2.986940 38.555122  0.868343 -0.325465 0.374236  0.063780 0.781306 0
ConsolePanelLoadingBay
0  -2.142043 -7.090186 30.123138  0.000000 0.300085 0.953912  0.381605 0.629021 0
0  -26.749788 -6.809866 30.034954  0.000000 0.300086 0.953912  0.063799 0.630768 0
0  -26.892857 -7.090187 30.123138  0.000000 0.300086 0.953912  0.061952 0.628989 0
ConsolePanelLoadingBay
0  -2.142043 -7.090186 30.123138  0.000000 0.300085 0.953912  0.381605 0.629021 0
0  -2.285111 -6.809865 30.034954  0.000000 0.300085 0.953912  0.379756 0.630799 0
0  -26.749788 -6.809866 30.034954  0.000000 0.300086 0.953912  0.063799 0.630768 0
ConsolePanelLoadingBay
0  -2.285111 -6.809865 30.034954  -0.000000 -0.656232 0.754559  0.379756 0.630799 0
0  -26.749788 2.986940 38.555122  0.000000 -0.656232 0.754559  0.063780 0.781306 0
0  -26.749788 -6.809866 30.034954  0.000000 -0.656232 0.754559  0.063799 0.630768 0
ConsolePanelLoadingBay
0  -2.285111 -6.809865 30.034954  -0.000000 -0.656232 0.754559  0.379756 0.630799 0
0  -2.285111 2.986941 38.555122  -0.000000 -0.656232 0.754560  0.379738 0.781337 0
0  -26.749788 2.986940 38.555122  0.000000 -0.656232 0.754559  0.063780 0.781306 0
ConsolePanelLoadingBay
0  31.707117 8.045534 0.001322  0.486708 0.873565 0.000000  0.504019 0.003749 0
0  31.951651 7.909287 39.711563  0.486707 0.873565 0.000000  0.505120 0.324505 0
0  31.951651 7.909289 0.001322  0.486708 0.873565 0.000000  0.505119 0.003748 0
ConsolePanelLoadingBay
0  31.707117 8.045534 0.001322  0.486708 0.873565 0.000000  0.504019 0.003749 0
0  31.707117 8.045532 39.894901  0.486707 0.873565 0.000000  0.504019 0.325985 0
0  31.951651 7.909287 39.711563  0.486707 0.873565 0.000000  0.505120 0.324505 0
ConsolePanelLoadingBay
0  -31.815548 -7.868246 29.163876  -0.575125 -0.818066 -0.000048  0.631232 0.239292 0
0  -31.562456 -8.044420 0.001322  -0.575129 -0.818063 -0.000048  0.632655 0.003735 0
0  -31.562456 -8.039358 29.278767  -0.575124 -0.818066 -0.000051  0.632614 0.240220 0
ConsolePanelLoadingBay
0  -31.815548 -7.868246 29.163876  -0.575125 -0.818066 -0.000048  0.631232 0.239292 0
0  -31.791149 -7.876826 0.001322  -0.575141 -0.818054 -0.000257  0.631300 0.003734 0
0  -31.562456 -8.044420 0.001322  -0.575129 -0.818063 -0.000048  0.632655 0.003735 0
ConsolePanelLoadingBay
0  -31.562456 8.045530 39.894901  -0.000000 1.000000 0.000000  0.496640 0.559631 0
0  31.707117 8.045534 0.001322  -0.000000 1.000000 0.000000  0.002182 0.281838 0
0  -31.562456 8.045532 0.001322  -0.000000 1.000000 0.000000  0.496640 0.281838 0
ConsolePanelLoadingBay
0  -31.562456 8.045530 39.894901  -0.000000 1.000000 0.000000  0.496640 0.559631 0
0  31.707117 8.045532 39.894901  -0.000000 1.000000 0.000000  0.002182 0.559631 0
0  31.707117 8.045534 0.001322  -0.000000 1.000000 0.000000  0.002182 0.281838 0
ConsolePanelLoadingBay
0  -31.791149 7.909286 0.001322  -0.492278 0.870438 -0.000149  0.505119 0.003748 0
0  -31.562456 8.045530 39.894901  -0.492265 0.870446 -0.000150  0.504019 0.325985 0
0  -31.562456 8.045532 0.001322  -0.492283 0.870435 -0.000151  0.504019 0.003749 0
ConsolePanelLoadingBay
0  -31.791149 7.909286 0.001322  -0.492278 0.870438 -0.000149  0.505119 0.003748 0
0  -31.815548 7.909285 39.711563  -0.492264 0.870446 -0.000151  0.505120 0.324505 0
0  -31.562456 8.045530 39.894901  -0.492265 0.870446 -0.000150  0.504019 0.325985 0
ConsolePanelLoadingBay
0  -31.815548 4.222676 39.711563  -0.608158 -0.521646 0.598355  0.534900 0.324501 0
0  -31.562456 -8.039358 29.278767  -0.608151 -0.521650 0.598359  0.632614 0.240220 0
0  -31.562456 4.145752 39.894901  -0.608155 -0.521648 0.598357  0.535521 0.325981 0
ConsolePanelLoadingBay
0  -31.815548 4.222676 39.711563  -0.608158 -0.521646 0.598355  0.534900 0.324501 0
0  -31.815548 -7.868246 29.163876  -0.608132 -0.521660 0.598370  0.631232 0.239292 0
0  -31.562456 -8.039358 29.278767  -0.608151 -0.521650 0.598359  0.632614 0.240220 0
ConsolePanelLoadingBay
0  -31.815548 7.909285 39.711563  -0.586639 0.000000 0.809848  0.505120 0.324505 0
0  -31.562456 4.145752 39.894901  -0.586645 0.000000 0.809844  0.535521 0.325981 0
0  -31.562456 8.045530 39.894901  -0.586639 0.000000 0.809848  0.504019 0.325985 0
ConsolePanelLoadingBay
0  -31.815548 7.909285 39.711563  -0.586639 0.000000 0.809848  0.505120 0.324505 0
0  -31.815548 4.222676 39.711563  -0.586645 0.000000 0.809844  0.534900 0.324501 0
0  -31.562456 4.145752 39.894901  -0.586645 0.000000 0.809844  0.535521 0.325981 0
ConsolePanelLoadingBay
0  -31.562456 8.045532 0.001322  -0.000000 0.000000 -1.000000  0.504019 0.003749 0
0  -31.791149 -7.876826 0.001322  0.000000 0.000000 -1.000000  0.631300 0.003734 0
0  -31.791149 7.909286 0.001322  -0.000000 0.000000 -1.000000  0.505119 0.003748 0
ConsolePanelLoadingBay
0  -31.562456 8.045532 0.001322  -0.000000 0.000000 -1.000000  0.504019 0.003749 0
0  -31.562456 -8.044420 0.001322  0.000000 0.000000 -1.000000  0.632655 0.003735 0
0  -31.791149 -7.876826 0.001322  0.000000 0.000000 -1.000000  0.631300 0.003734 0
ConsolePanelLoadingBay
0  31.707117 -8.044418 0.001322  -0.000000 0.000000 -1.000000  0.632655 0.003735 0
0  31.951651 7.909289 0.001322  -0.000000 0.000000 -1.000000  0.505119 0.003748 0
0  31.951651 -7.876823 0.001322  0.000000 0.000000 -1.000000  0.631300 0.003734 0
ConsolePanelLoadingBay
0  31.707117 -8.044418 0.001322  -0.000000 0.000000 -1.000000  0.632655 0.003735 0
0  31.707117 8.045534 0.001322  -0.000000 0.000000 -1.000000  0.504019 0.003749 0
0  31.951651 7.909289 0.001322  -0.000000 0.000000 -1.000000  0.505119 0.003748 0
ConsolePanelLoadingBay
0  31.707117 -8.039356 29.278767  0.569400 -0.822060 0.000192  0.632614 0.240220 0
0  31.951651 -7.876823 0.001322  0.569328 -0.822110 0.000191  0.631300 0.003734 0
0  31.951651 -7.868243 29.163876  0.569390 -0.822068 0.000193  0.631232 0.239292 0
ConsolePanelLoadingBay
0  31.707117 -8.039356 29.278767  0.569400 -0.822060 0.000192  0.632614 0.240220 0
0  31.707117 -8.044418 0.001322  0.569355 -0.822092 0.000143  0.632655 0.003735 0
0  31.951651 -7.876823 0.001322  0.569328 -0.822110 0.000191  0.631300 0.003734 0
ConsolePanelLoadingBay
0  31.707117 4.145755 39.894901  0.621298 -0.514915 0.590636  0.535521 0.325981 0
0  31.951651 -7.868243 29.163876  0.621320 -0.514903 0.590623  0.631232 0.239292 0
0  31.951651 4.222679 39.711563  0.621273 -0.514929 0.590650  0.534900 0.324501 0
ConsolePanelLoadingBay
0  31.707117 4.145755 39.894901  0.621298 -0.514915 0.590636  0.535521 0.325981 0
0  31.707117 -8.039356 29.278767  0.621317 -0.514906 0.590625  0.632614 0.240220 0
0  31.951651 -7.868243 29.163876  0.621320 -0.514903 0.590623  0.631232 0.239292 0
ConsolePanelLoadingBay
0  31.707117 8.045532 39.894901  0.599859 0.000000 0.800106  0.504019 0.325985 0
0  31.951651 4.222679 39.711563  0.599887 0.000000 0.800085  0.534900 0.324501 0
0  31.951651 7.909287 39.711563  0.599857 0.000000 0.800107  0.505120 0.324505 0
ConsolePanelLoadingBay
0  31.707117 8.045532 39.894901  0.599859 0.000000 0.800106  0.504019 0.325985 0
0  31.707117 4.145755 39.894901  0.599888 0.000000 0.800084  0.535521 0.325981 0
0  31.951651 4.222679 39.711563  0.599887 0.000000 0.800085  0.534900 0.324501 0
ConsolePanelLoadingBay
0  -13.458160 -5.435475 31.213520  0.000000 0.308637 0.951180  0.235877 0.651982 0
0  -12.330020 -5.734393 31.310513  0.000000 0.308637 0.951180  0.250508 0.650178 0
0  -12.152686 -5.435475 31.213520  0.000000 0.308637 0.951180  0.252808 0.651982 0
ConsolePanelLoadingBay
0  -13.458160 -5.435475 31.213520  0.000000 0.308636 0.951180  0.235877 0.651982 0
0  -13.280828 -5.734393 31.310513  0.000000 0.308636 0.951180  0.238176 0.650178 0
0  -12.330020 -5.734393 31.310513  0.000000 0.308636 0.951180  0.250508 0.650178 0
ConsolePanelLoadingBay
0  -12.152686 -6.466416 30.316921  0.835228 -0.360866 0.414933  0.252808 0.636761 0
0  -12.330020 -5.734393 31.310513  0.835230 -0.360863 0.414932  0.250508 0.650178 0
0  -12.330020 -6.521007 30.626404  0.835228 -0.360867 0.414934  0.250508 0.638565 0
ConsolePanelLoadingBay
0  -12.152686 -6.466416 30.316921  0.835228 -0.360866 0.414933  0.252808 0.636761 0
0  -12.152686 -5.435475 31.213520  0.835230 -0.360862 0.414932  0.252808 0.651982 0
0  -12.330020 -5.734393 31.310513  0.835230 -0.360863 0.414932  0.250508 0.650178 0
ConsolePanelLoadingBay
0  -13.458160 -6.466416 30.316921  -0.835234 -0.360858 0.414929  0.235877 0.636761 0
0  -13.280828 -5.734393 31.310513  -0.835234 -0.360858 0.414929  0.238176 0.650178 0
0  -13.458160 -5.435475 31.213520  -0.835234 -0.360858 0.414929  0.235877 0.651982 0
ConsolePanelLoadingBay
0  -13.458160 -6.466416 30.316921  -0.835231 -0.360863 0.414930  0.235877 0.636761 0
0  -13.280828 -6.521007 30.626404  -0.835231 -0.360863 0.414930  0.238176 0.638565 0
0  -13.280828 -5.734393 31.310513  -0.835231 -0.360863 0.414930  0.238176 0.650178 0
ConsolePanelLoadingBay
0  -13.458160 -6.466416 30.316921  0.000000 -0.984796 -0.173712  0.235877 0.636761 0
0  -12.330020 -6.521007 30.626404  0.000000 -0.984797 -0.173711  0.250508 0.638565 0
0  -13.280828 -6.521007 30.626404  0.000000 -0.984796 -0.173713  0.238176 0.638565 0
ConsolePanelLoadingBay
0  -13.458160 -6.466416 30.316921  0.000000 -0.984796 -0.173712  0.235877 0.636761 0
0  -12.152686 -6.466416 30.316921  0.000000 -0.984797 -0.173711  0.252808 0.636761 0
0  -12.330020 -6.521007 30.626404  0.000000 -0.984797 -0.173711  0.250508 0.638565 0
ConsolePanelLoadingBay
0  -13.280828 -6.521007 30.626404  0.000000 -0.656231 0.754560  0.238176 0.638565 0
0  -12.330020 -5.734393 31.310513  0.000000 -0.656231 0.754560  0.250508 0.650178 0
0  -13.280828 -5.734393 31.310513  0.000000 -0.656232 0.754560  0.238176 0.650178 0
ConsolePanelLoadingBay
0  -13.280828 -6.521007 30.626404  0.000000 -0.656231 0.754560  0.238176 0.638565 0
0  -12.330020 -6.521007 30.626404  0.000000 -0.656231 0.754560  0.250508 0.638565 0
0  -12.330020 -5.734393 31.310513  0.000000 -0.656231 0.754560  0.250508 0.650178 0
ConsolePanelLoadingBay
0  -15.028533 -5.435475 31.213520  0.000000 0.308636 0.951180  0.215509 0.651982 0
0  -13.900392 -5.734393 31.310513  0.000000 0.308636 0.951180  0.230141 0.650178 0
0  -13.723059 -5.435475 31.213520  0.000000 0.308636 0.951180  0.232441 0.651982 0
ConsolePanelLoadingBay
0  -15.028533 -5.435475 31.213520  0.000000 0.308639 0.951179  0.215509 0.651982 0
0  -14.851200 -5.734393 31.310513  0.000000 0.308639 0.951179  0.217809 0.650178 0
0  -13.900392 -5.734393 31.310513  0.000000 0.308639 0.951179  0.230141 0.650178 0
ConsolePanelLoadingBay
0  -13.723059 -6.466416 30.316921  0.835230 -0.360862 0.414932  0.232441 0.636761 0
0  -13.900392 -5.734393 31.310513  0.835231 -0.360862 0.414931  0.230141 0.650178 0
0  -13.900392 -6.521007 30.626404  0.835230 -0.360862 0.414932  0.230141 0.638565 0
ConsolePanelLoadingBay
0  -13.723059 -6.466416 30.316921  0.835230 -0.360862 0.414932  0.232441 0.636761 0
0  -13.723059 -5.435475 31.213520  0.835231 -0.360862 0.414931  0.232441 0.651982 0
0  -13.900392 -5.734393 31.310513  0.835231 -0.360862 0.414931  0.230141 0.650178 0
ConsolePanelLoadingBay
0  -15.028533 -6.466416 30.316921  -0.835233 -0.360858 0.414931  0.215509 0.636761 0
0  -14.851200 -5.734393 31.310513  -0.835233 -0.360858 0.414931  0.217809 0.650178 0
0  -15.028533 -5.435475 31.213520  -0.835233 -0.360858 0.414931  0.215509 0.651982 0
ConsolePanelLoadingBay
0  -15.028533 -6.466416 30.316921  -0.835230 -0.360862 0.414932  0.215509 0.636761 0
0  -14.851200 -6.521007 30.626404  -0.835230 -0.360862 0.414932  0.217809 0.638565 0
0  -14.851200 -5.734393 31.310513  -0.835230 -0.360862 0.414932  0.217809 0.650178 0
ConsolePanelLoadingBay
0  -15.028533 -6.466416 30.316921  0.000000 -0.984796 -0.173712  0.215509 0.636761 0
0  -13.900392 -6.521007 30.626404  0.000000 -0.984797 -0.173711  0.230141 0.638565 0
0  -14.851200 -6.521007 30.626404  0.000000 -0.984796 -0.173713  0.217809 0.638565 0
ConsolePanelLoadingBay
0  -15.028533 -6.466416 30.316921  0.000000 -0.984796 -0.173712  0.215509 0.636761 0
0  -13.723059 -6.466416 30.316921  0.000000 -0.984797 -0.173711  0.232441 0.636761 0
0  -13.900392 -6.521007 30.626404  0.000000 -0.984797 -0.173711  0.230141 0.638565 0
ConsolePanelLoadingBay
0  -14.851200 -6.521007 30.626404  0.000000 -0.656232 0.754560  0.217809 0.638565 0
0  -13.900392 -5.734393 31.310513  0.000000 -0.656232 0.754559  0.230141 0.650178 0
0  -14.851200 -5.734393 31.310513  0.000000 -0.656233 0.754559  0.217809 0.650178 0
ConsolePanelLoadingBay
0  -14.851200 -6.521007 30.626404  0.000000 -0.656232 0.754560  0.217809 0.638565 0
0  -13.900392 -6.521007 30.626404  0.000000 -0.656231 0.754560  0.230141 0.638565 0
0  -13.900392 -5.734393 31.310513  0.000000 -0.656232 0.754559  0.230141 0.650178 0
ConsolePanelLoadingBay
0  -16.598906 -5.435476 31.213520  0.000000 0.308638 0.951180  0.195141 0.651982 0
0  -15.470764 -5.734393 31.310513  0.000000 0.308638 0.951180  0.209773 0.650178 0
0  -15.293431 -5.435475 31.213520  0.000000 0.308638 0.951180  0.212073 0.651982 0
ConsolePanelLoadingBay
0  -16.598906 -5.435476 31.213520  0.000000 0.308637 0.951180  0.195141 0.651982 0
0  -16.421572 -5.734393 31.310513  0.000000 0.308637 0.951180  0.197441 0.650178 0
0  -15.470764 -5.734393 31.310513  0.000000 0.308637 0.951180  0.209773 0.650178 0
ConsolePanelLoadingBay
0  -15.293431 -6.466416 30.316921  0.835231 -0.360861 0.414932  0.212073 0.636761 0
0  -15.470764 -5.734393 31.310513  0.835232 -0.360858 0.414931  0.209773 0.650178 0
0  -15.470764 -6.521007 30.626404  0.835230 -0.360862 0.414932  0.209773 0.638565 0
ConsolePanelLoadingBay
0  -15.293431 -6.466416 30.316921  0.835231 -0.360861 0.414932  0.212073 0.636761 0
0  -15.293431 -5.435475 31.213520  0.835233 -0.360858 0.414931  0.212073 0.651982 0
0  -15.470764 -5.734393 31.310513  0.835232 -0.360858 0.414931  0.209773 0.650178 0
ConsolePanelLoadingBay
0  -16.598906 -6.466417 30.316921  -0.835231 -0.360859 0.414934  0.195141 0.636761 0
0  -16.421572 -5.734393 31.310513  -0.835231 -0.360859 0.414934  0.197441 0.650178 0
0  -16.598906 -5.435476 31.213520  -0.835231 -0.360859 0.414934  0.195141 0.651982 0
ConsolePanelLoadingBay
0  -16.598906 -6.466417 30.316921  -0.835229 -0.360868 0.414930  0.195141 0.636761 0
0  -16.421572 -6.521007 30.626404  -0.835229 -0.360868 0.414930  0.197441 0.638565 0
0  -16.421572 -5.734393 31.310513  -0.835229 -0.360868 0.414930  0.197441 0.650178 0
ConsolePanelLoadingBay
0  -16.598906 -6.466417 30.316921  0.000000 -0.984797 -0.173711  0.195141 0.636761 0
0  -15.470764 -6.521007 30.626404  0.000001 -0.984796 -0.173712  0.209773 0.638565 0
0  -16.421572 -6.521007 30.626404  0.000000 -0.984797 -0.173710  0.197441 0.638565 0
ConsolePanelLoadingBay
0  -16.598906 -6.466417 30.316921  0.000000 -0.984797 -0.173711  0.195141 0.636761 0
0  -15.293431 -6.466416 30.316921  0.000001 -0.984796 -0.173712  0.212073 0.636761 0
0  -15.470764 -6.521007 30.626404  0.000001 -0.984796 -0.173712  0.209773 0.638565 0
ConsolePanelLoadingBay
0  -16.421572 -6.521007 30.626404  0.000000 -0.656231 0.754560  0.197441 0.638565 0
0  -15.470764 -5.734393 31.310513  0.000000 -0.656231 0.754560  0.209773 0.650178 0
0  -16.421572 -5.734393 31.310513  0.000000 -0.656232 0.754560  0.197441 0.650178 0
ConsolePanelLoadingBay
0  -16.421572 -6.521007 30.626404  0.000000 -0.656231 0.754560  0.197441 0.638565 0
0  -15.470764 -6.521007 30.626404  0.000000 -0.656231 0.754560  0.209773 0.638565 0
0  -15.470764 -5.734393 31.310513  0.000000 -0.656231 0.754560  0.209773 0.650178 0
ConsolePanelLoadingBay
0  -18.129522 -5.435476 31.213520  0.000000 0.308639 0.951179  0.175290 0.651982 0
0  -17.001381 -5.734393 31.310513  0.000000 0.308639 0.951179  0.189921 0.650178 0
0  -16.824047 -5.435476 31.213520  0.000000 0.308639 0.951179  0.192221 0.651982 0
ConsolePanelLoadingBay
0  -18.129522 -5.435476 31.213520  0.000000 0.308637 0.951180  0.175290 0.651982 0
0  -17.952188 -5.734393 31.310513  0.000000 0.308637 0.951180  0.177590 0.650178 0
0  -17.001381 -5.734393 31.310513  0.000000 0.308637 0.951180  0.189921 0.650178 0
ConsolePanelLoadingBay
0  -16.824047 -6.466417 30.316921  0.835231 -0.360862 0.414931  0.192221 0.636761 0
0  -17.001381 -5.734393 31.310513  0.835231 -0.360860 0.414934  0.189921 0.650178 0
0  -17.001381 -6.521007 30.626404  0.835231 -0.360863 0.414930  0.189921 0.638565 0
ConsolePanelLoadingBay
0  -16.824047 -6.466417 30.316921  0.835231 -0.360862 0.414931  0.192221 0.636761 0
0  -16.824047 -5.435476 31.213520  0.835230 -0.360860 0.414934  0.192221 0.651982 0
0  -17.001381 -5.734393 31.310513  0.835231 -0.360860 0.414934  0.189921 0.650178 0
ConsolePanelLoadingBay
0  -18.129522 -6.466417 30.316921  -0.835231 -0.360859 0.414934  0.175290 0.636761 0
0  -17.952188 -5.734393 31.310513  -0.835231 -0.360859 0.414934  0.177590 0.650178 0
0  -18.129522 -5.435476 31.213520  -0.835231 -0.360859 0.414934  0.175290 0.651982 0
ConsolePanelLoadingBay
0  -18.129522 -6.466417 30.316921  -0.835231 -0.360863 0.414930  0.175290 0.636761 0
0  -17.952188 -6.521007 30.626404  -0.835231 -0.360863 0.414930  0.177590 0.638565 0
0  -17.952188 -5.734393 31.310513  -0.835231 -0.360863 0.414930  0.177590 0.650178 0
ConsolePanelLoadingBay
0  -18.129522 -6.466417 30.316921  0.000000 -0.984797 -0.173711  0.175290 0.636761 0
0  -17.001381 -6.521007 30.626404  0.000000 -0.984797 -0.173711  0.189921 0.638565 0
0  -17.952188 -6.521007 30.626404  0.000000 -0.984797 -0.173710  0.177590 0.638565 0
ConsolePanelLoadingBay
0  -18.129522 -6.466417 30.316921  0.000000 -0.984797 -0.173711  0.175290 0.636761 0
0  -16.824047 -6.466417 30.316921  0.000000 -0.984797 -0.173711  0.192221 0.636761 0
0  -17.001381 -6.521007 30.626404  0.000000 -0.984797 -0.173711  0.189921 0.638565 0
ConsolePanelLoadingBay
0  -17.952188 -6.521007 30.626404  0.000000 -0.656231 0.754560  0.177590 0.638565 0
0  -17.001381 -5.734393 31.310513  0.000000 -0.656231 0.754560  0.189921 0.650178 0
0  -17.952188 -5.734393 31.310513  0.000000 -0.656233 0.754559  0.177590 0.650178 0
ConsolePanelLoadingBay
0  -17.952188 -6.521007 30.626404  0.000000 -0.656231 0.754560  0.177590 0.638565 0
0  -17.001381 -6.521007 30.626404  0.000000 -0.656230 0.754561  0.189921 0.638565 0
0  -17.001381 -5.734393 31.310513  0.000000 -0.656231 0.754560  0.189921 0.650178 0
ConsolePanelLoadingBay
0  -19.719772 -5.435476 31.213520  0.000000 0.308638 0.951180  0.154664 0.651982 0
0  -18.591631 -5.734393 31.310513  0.000000 0.308638 0.951180  0.169296 0.650178 0
0  -18.414297 -5.435476 31.213520  0.000000 0.308638 0.951180  0.171596 0.651982 0
ConsolePanelLoadingBay
0  -19.719772 -5.435476 31.213520  0.000000 0.308639 0.951179  0.154664 0.651982 0
0  -19.542439 -5.734393 31.310513  0.000000 0.308639 0.951179  0.156964 0.650178 0
0  -18.591631 -5.734393 31.310513  0.000000 0.308639 0.951179  0.169296 0.650178 0
ConsolePanelLoadingBay
0  -18.414297 -6.466417 30.316921  0.835230 -0.360863 0.414931  0.171596 0.636761 0
0  -18.591631 -5.734393 31.310513  0.835229 -0.360864 0.414933  0.169296 0.650178 0
0  -18.591631 -6.521007 30.626404  0.835231 -0.360863 0.414930  0.169296 0.638565 0
ConsolePanelLoadingBay
0  -18.414297 -6.466417 30.316921  0.835230 -0.360863 0.414931  0.171596 0.636761 0
0  -18.414297 -5.435476 31.213520  0.835229 -0.360864 0.414933  0.171596 0.651982 0
0  -18.591631 -5.734393 31.310513  0.835229 -0.360864 0.414933  0.169296 0.650178 0
ConsolePanelLoadingBay
0  -19.719772 -6.466417 30.316921  -0.835227 -0.360870 0.414932  0.154664 0.636761 0
0  -19.542439 -5.734393 31.310513  -0.835227 -0.360870 0.414932  0.156964 0.650178 0
0  -19.719772 -5.435476 31.213520  -0.835227 -0.360870 0.414932  0.154664 0.651982 0
ConsolePanelLoadingBay
0  -19.719772 -6.466417 30.316921  -0.835234 -0.360853 0.414932  0.154664 0.636761 0
0  -19.542439 -6.521007 30.626404  -0.835234 -0.360853 0.414932  0.156964 0.638565 0
0  -19.542439 -5.734393 31.310513  -0.835234 -0.360853 0.414932  0.156964 0.650178 0
ConsolePanelLoadingBay
0  -19.719772 -6.466417 30.316921  0.000000 -0.984797 -0.173710  0.154664 0.636761 0
0  -18.591631 -6.521007 30.626404  0.000000 -0.984797 -0.173711  0.169296 0.638565 0
0  -19.542439 -6.521007 30.626404  0.000000 -0.984797 -0.173709  0.156964 0.638565 0
ConsolePanelLoadingBay
0  -19.719772 -6.466417 30.316921  0.000000 -0.984797 -0.173710  0.154664 0.636761 0
0  -18.414297 -6.466417 30.316921  0.000000 -0.984797 -0.173712  0.171596 0.636761 0
0  -18.591631 -6.521007 30.626404  0.000000 -0.984797 -0.173711  0.169296 0.638565 0
ConsolePanelLoadingBay
0  -19.542439 -6.521007 30.626404  0.000000 -0.656231 0.754560  0.156964 0.638565 0
0  -18.591631 -5.734393 31.310513  0.000000 -0.656231 0.754560  0.169296 0.650178 0
0  -19.542439 -5.734393 31.310513  0.000000 -0.656232 0.754560  0.156964 0.650178 0
ConsolePanelLoadingBay
0  -19.542439 -6.521007 30.626404  0.000000 -0.656231 0.754560  0.156964 0.638565 0
0  -18.591631 -6.521007 30.626404  0.000000 -0.656231 0.754560  0.169296 0.638565 0
0  -18.591631 -5.734393 31.310513  0.000000 -0.656231 0.754560  0.169296 0.650178 0
ConsolePanelLoadingBay
0  -21.349779 -5.435476 31.213520  0.000000 0.308639 0.951179  0.133523 0.651982 0
0  -20.221638 -5.734393 31.310513  0.000000 0.308639 0.951179  0.148155 0.650178 0
0  -20.044304 -5.435476 31.213520  0.000000 0.308639 0.951179  0.150455 0.651982 0
ConsolePanelLoadingBay
0  -21.349779 -5.435476 31.213520  0.000000 0.308638 0.951180  0.133523 0.651982 0
0  -21.172445 -5.734393 31.310513  0.000000 0.308638 0.951180  0.135823 0.650178 0
0  -20.221638 -5.734393 31.310513  0.000000 0.308638 0.951180  0.148155 0.650178 0
ConsolePanelLoadingBay
0  -20.044304 -6.466417 30.316921  0.835230 -0.360863 0.414931  0.150455 0.636761 0
0  -20.221638 -5.734393 31.310513  0.835229 -0.360864 0.414933  0.148155 0.650178 0
0  -20.221638 -6.521007 30.626404  0.835231 -0.360863 0.414930  0.148155 0.638565 0
ConsolePanelLoadingBay
0  -20.044304 -6.466417 30.316921  0.835230 -0.360863 0.414931  0.150455 0.636761 0
0  -20.044304 -5.435476 31.213520  0.835229 -0.360864 0.414933  0.150455 0.651982 0
0  -20.221638 -5.734393 31.310513  0.835229 -0.360864 0.414933  0.148155 0.650178 0
ConsolePanelLoadingBay
0  -21.349779 -6.466417 30.316921  -0.835229 -0.360863 0.414933  0.133523 0.636761 0
0  -21.172445 -5.734393 31.310513  -0.835229 -0.360863 0.414933  0.135823 0.650178 0
0  -21.349779 -5.435476 31.213520  -0.835229 -0.360863 0.414933  0.133523 0.651982 0
ConsolePanelLoadingBay
0  -21.349779 -6.466417 30.316921  -0.835231 -0.360863 0.414930  0.133523 0.636761 0
0  -21.172445 -6.521007 30.626404  -0.835231 -0.360863 0.414930  0.135823 0.638565 0
0  -21.172445 -5.734393 31.310513  -0.835231 -0.360863 0.414930  0.135823 0.650178 0
ConsolePanelLoadingBay
0  -21.349779 -6.466417 30.316921  0.000000 -0.984797 -0.173711  0.133523 0.636761 0
0  -20.221638 -6.521007 30.626404  0.000000 -0.984797 -0.173711  0.148155 0.638565 0
0  -21.172445 -6.521007 30.626404  0.000000 -0.984797 -0.173710  0.135823 0.638565 0
ConsolePanelLoadingBay
0  -21.349779 -6.466417 30.316921  0.000000 -0.984797 -0.173711  0.133523 0.636761 0
0  -20.044304 -6.466417 30.316921  0.000000 -0.984797 -0.173711  0.150455 0.636761 0
0  -20.221638 -6.521007 30.626404  0.000000 -0.984797 -0.173711  0.148155 0.638565 0
ConsolePanelLoadingBay
0  -21.172445 -6.521007 30.626404  0.000000 -0.656231 0.754560  0.135823 0.638565 0
0  -20.221638 -5.734393 31.310513  0.000000 -0.656231 0.754560  0.148155 0.650178 0
0  -21.172445 -5.734393 31.310513  0.000000 -0.656233 0.754559  0.135823 0.650178 0
ConsolePanelLoadingBay
0  -21.172445 -6.521007 30.626404  0.000000 -0.656231 0.754560  0.135823 0.638565 0
0  -20.221638 -6.521007 30.626404  0.000000 -0.656230 0.754561  0.148155 0.638565 0
0  -20.221638 -5.734393 31.310513  0.000000 -0.656231 0.754560  0.148155 0.650178 0
ConsolePanelLoadingBay
0  -22.979786 -5.435476 31.213520  0.000000 0.308638 0.951180  0.112382 0.651982 0
0  -21.851645 -5.734393 31.310513  0.000000 0.308638 0.951180  0.127014 0.650178 0
0  -21.674311 -5.435476 31.213520  0.000000 0.308638 0.951180  0.129314 0.651982 0
ConsolePanelLoadingBay
0  -22.979786 -5.435476 31.213520  0.000000 0.308638 0.951180  0.112382 0.651982 0
0  -22.802452 -5.734393 31.310513  0.000000 0.308638 0.951180  0.114682 0.650178 0
0  -21.851645 -5.734393 31.310513  0.000000 0.308638 0.951180  0.127014 0.650178 0
ConsolePanelLoadingBay
0  -21.674311 -6.466417 30.316921  0.835230 -0.360863 0.414931  0.129314 0.636761 0
0  -21.851645 -5.734393 31.310513  0.835230 -0.360863 0.414933  0.127014 0.650178 0
0  -21.851645 -6.521007 30.626404  0.835231 -0.360863 0.414930  0.127014 0.638565 0
ConsolePanelLoadingBay
0  -21.674311 -6.466417 30.316921  0.835230 -0.360863 0.414931  0.129314 0.636761 0
0  -21.674311 -5.435476 31.213520  0.835229 -0.360863 0.414933  0.129314 0.651982 0
0  -21.851645 -5.734393 31.310513  0.835230 -0.360863 0.414933  0.127014 0.650178 0
ConsolePanelLoadingBay
0  -22.979786 -6.466417 30.316921  -0.835229 -0.360863 0.414933  0.112382 0.636761 0
0  -22.802452 -5.734393 31.310513  -0.835229 -0.360863 0.414933  0.114682 0.650178 0
0  -22.979786 -5.435476 31.213520  -0.835229 -0.360863 0.414933  0.112382 0.651982 0
ConsolePanelLoadingBay
0  -22.979786 -6.466417 30.316921  -0.835231 -0.360863 0.414930  0.112382 0.636761 0
0  -22.802452 -6.521007 30.626404  -0.835231 -0.360863 0.414930  0.114682 0.638565 0
0  -22.802452 -5.734393 31.310513  -0.835231 -0.360863 0.414930  0.114682 0.650178 0
ConsolePanelLoadingBay
0  -22.979786 -6.466417 30.316921  0.000000 -0.984797 -0.173710  0.112382 0.636761 0
0  -21.851645 -6.521007 30.626404  0.000000 -0.984797 -0.173711  0.127014 0.638565 0
0  -22.802452 -6.521007 30.626404  0.000000 -0.984797 -0.173709  0.114682 0.638565 0
ConsolePanelLoadingBay
0  -22.979786 -6.466417 30.316921  0.000000 -0.984797 -0.173710  0.112382 0.636761 0
0  -21.674311 -6.466417 30.316921  0.000000 -0.984797 -0.173712  0.129314 0.636761 0
0  -21.851645 -6.521007 30.626404  0.000000 -0.984797 -0.173711  0.127014 0.638565 0
ConsolePanelLoadingBay
0  -22.802452 -6.521007 30.626404  0.000000 -0.656231 0.754560  0.114682 0.638565 0
0  -21.851645 -5.734393 31.310513  0.000000 -0.656231 0.754560  0.127014 0.650178 0
0  -22.802452 -5.734393 31.310513  0.000000 -0.656230 0.754561  0.114682 0.650178 0
ConsolePanelLoadingBay
0  -22.802452 -6.521007 30.626404  0.000000 -0.656231 0.754560  0.114682 0.638565 0
0  -21.851645 -6.521007 30.626404  0.000000 -0.656232 0.754559  0.127014 0.638565 0
0  -21.851645 -5.734393 31.310513  0.000000 -0.656231 0.754560  0.127014 0.650178 0
ConsolePanelLoadingBay
0  -24.609793 -5.435476 31.213520  0.000000 0.308639 0.951179  0.091241 0.651982 0
0  -23.481651 -5.734393 31.310513  0.000000 0.308639 0.951179  0.105873 0.650178 0
0  -23.304317 -5.435476 31.213520  0.000000 0.308639 0.951179  0.108173 0.651982 0
ConsolePanelLoadingBay
0  -24.609793 -5.435476 31.213520  0.000000 0.308637 0.951180  0.091241 0.651982 0
0  -24.432459 -5.734393 31.310513  0.000000 0.308637 0.951180  0.093541 0.650178 0
0  -23.481651 -5.734393 31.310513  0.000000 0.308637 0.951180  0.105873 0.650178 0
ConsolePanelLoadingBay
0  -23.304317 -6.466417 30.316921  0.835231 -0.360861 0.414931  0.108173 0.636761 0
0  -23.481651 -5.734393 31.310513  0.835228 -0.360868 0.414932  0.105873 0.650178 0
0  -23.481651 -6.521007 30.626404  0.835232 -0.360858 0.414931  0.105873 0.638565 0
ConsolePanelLoadingBay
0  -23.304317 -6.466417 30.316921  0.835231 -0.360861 0.414931  0.108173 0.636761 0
0  -23.304317 -5.435476 31.213520  0.835227 -0.360870 0.414932  0.108173 0.651982 0
0  -23.481651 -5.734393 31.310513  0.835228 -0.360868 0.414932  0.105873 0.650178 0
ConsolePanelLoadingBay
0  -24.609793 -6.466417 30.316921  -0.835229 -0.360864 0.414933  0.091241 0.636761 0
0  -24.432459 -5.734393 31.310513  -0.835229 -0.360864 0.414933  0.093541 0.650178 0
0  -24.609793 -5.435476 31.213520  -0.835229 -0.360864 0.414933  0.091241 0.651982 0
ConsolePanelLoadingBay
0  -24.609793 -6.466417 30.316921  -0.835232 -0.360858 0.414931  0.091241 0.636761 0
0  -24.432459 -6.521007 30.626404  -0.835232 -0.360858 0.414931  0.093541 0.638565 0
0  -24.432459 -5.734393 31.310513  -0.835232 -0.360858 0.414931  0.093541 0.650178 0
ConsolePanelLoadingBay
0  -24.609793 -6.466417 30.316921  0.000000 -0.984797 -0.173711  0.091241 0.636761 0
0  -23.481651 -6.521007 30.626404  0.000000 -0.984797 -0.173711  0.105873 0.638565 0
0  -24.432459 -6.521007 30.626404  0.000000 -0.984797 -0.173710  0.093541 0.638565 0
ConsolePanelLoadingBay
0  -24.609793 -6.466417 30.316921  0.000000 -0.984797 -0.173711  0.091241 0.636761 0
0  -23.304317 -6.466417 30.316921  0.000000 -0.984797 -0.173711  0.108173 0.636761 0
0  -23.481651 -6.521007 30.626404  0.000000 -0.984797 -0.173711  0.105873 0.638565 0
ConsolePanelLoadingBay
0  -24.432459 -6.521007 30.626404  0.000000 -0.656231 0.754560  0.093541 0.638565 0
0  -23.481651 -5.734393 31.310513  0.000000 -0.656231 0.754560  0.105873 0.650178 0
0  -24.432459 -5.734393 31.310513  0.000000 -0.656232 0.754560  0.093541 0.650178 0
ConsolePanelLoadingBay
0  -24.432459 -6.521007 30.626404  0.000000 -0.656231 0.754560  0.093541 0.638565 0
0  -23.481651 -6.521007 30.626404  0.000000 -0.656231 0.754560  0.105873 0.638565 0
0  -23.481651 -5.734393 31.310513  0.000000 -0.656231 0.754560  0.105873 0.650178 0
ConsolePanelLoadingBay
0  -24.609793 -4.145300 32.335571  0.000000 0.308640 0.951179  0.091241 0.671030 0
0  -23.481651 -4.444216 32.432564  0.000000 0.308640 0.951179  0.105873 0.669226 0
0  -23.304317 -4.145300 32.335571  0.000000 0.308640 0.951179  0.108173 0.671030 0
ConsolePanelLoadingBay
0  -24.609793 -4.145300 32.335571  0.000000 0.308639 0.951179  0.091241 0.671030 0
0  -24.432459 -4.444216 32.432564  0.000000 0.308639 0.951179  0.093541 0.669226 0
0  -23.481651 -4.444216 32.432564  0.000000 0.308639 0.951179  0.105873 0.669226 0
ConsolePanelLoadingBay
0  -23.304317 -5.176241 31.438972  0.835225 -0.360867 0.414938  0.108173 0.655809 0
0  -23.481651 -4.444216 32.432564  0.835223 -0.360872 0.414937  0.105873 0.669226 0
0  -23.481651 -5.230830 31.748455  0.835226 -0.360865 0.414939  0.105873 0.657613 0
ConsolePanelLoadingBay
0  -23.304317 -5.176241 31.438972  0.835225 -0.360867 0.414938  0.108173 0.655809 0
0  -23.304317 -4.145300 32.335571  0.835223 -0.360874 0.414937  0.108173 0.671030 0
0  -23.481651 -4.444216 32.432564  0.835223 -0.360872 0.414937  0.105873 0.669226 0
ConsolePanelLoadingBay
0  -24.609793 -5.176241 31.438972  -0.835225 -0.360868 0.414938  0.091241 0.655809 0
0  -24.432459 -4.444216 32.432564  -0.835225 -0.360868 0.414938  0.093541 0.669226 0
0  -24.609793 -4.145300 32.335571  -0.835225 -0.360868 0.414938  0.091241 0.671030 0
ConsolePanelLoadingBay
0  -24.609793 -5.176241 31.438972  -0.835226 -0.360865 0.414939  0.091241 0.655809 0
0  -24.432459 -5.230830 31.748455  -0.835226 -0.360865 0.414939  0.093541 0.657613 0
0  -24.432459 -4.444216 32.432564  -0.835226 -0.360865 0.414939  0.093541 0.669226 0
ConsolePanelLoadingBay
0  -24.609793 -5.176241 31.438972  0.000000 -0.984797 -0.173707  0.091241 0.655809 0
0  -23.481651 -5.230830 31.748455  0.000000 -0.984797 -0.173707  0.105873 0.657613 0
0  -24.432459 -5.230830 31.748455  0.000000 -0.984797 -0.173707  0.093541 0.657613 0
ConsolePanelLoadingBay
0  -24.609793 -5.176241 31.438972  0.000000 -0.984797 -0.173707  0.091241 0.655809 0
0  -23.304317 -5.176241 31.438972  0.000000 -0.984797 -0.173707  0.108173 0.655809 0
0  -23.481651 -5.230830 31.748455  0.000000 -0.984797 -0.173707  0.105873 0.657613 0
ConsolePanelLoadingBay
0  -24.432459 -5.230830 31.748455  0.000000 -0.656231 0.754560  0.093541 0.657613 0
0  -23.481651 -4.444216 32.432564  0.000000 -0.656231 0.754560  0.105873 0.669226 0
0  -24.432459 -4.444216 32.432564  0.000000 -0.656231 0.754560  0.093541 0.669226 0
ConsolePanelLoadingBay
0  -24.432459 -5.230830 31.748455  0.000000 -0.656231 0.754560  0.093541 0.657613 0
0  -23.481651 -5.230830 31.748455  0.000000 -0.656231 0.754560  0.105873 0.657613 0
0  -23.481651 -4.444216 32.432564  0.000000 -0.656231 0.754560  0.105873 0.669226 0
ConsolePanelLoadingBay
0  -22.979786 -4.145300 32.335571  0.000000 0.308639 0.951179  0.112382 0.671030 0
0  -21.851645 -4.444216 32.432564  0.000000 0.308639 0.951179  0.127014 0.669226 0
0  -21.674311 -4.145300 32.335571  0.000000 0.308639 0.951179  0.129314 0.671030 0
ConsolePanelLoadingBay
0  -22.979786 -4.145300 32.335571  0.000000 0.308640 0.951179  0.112382 0.671030 0
0  -22.802452 -4.444216 32.432564  0.000000 0.308640 0.951179  0.114682 0.669226 0
0  -21.851645 -4.444216 32.432564  0.000000 0.308640 0.951179  0.127014 0.669226 0
ConsolePanelLoadingBay
0  -21.674311 -5.176241 31.438972  0.835224 -0.360869 0.414938  0.129314 0.655809 0
0  -21.851645 -4.444216 32.432564  0.835225 -0.360867 0.414938  0.127014 0.669226 0
0  -21.851645 -5.230830 31.748455  0.835224 -0.360870 0.414938  0.127014 0.657613 0
ConsolePanelLoadingBay
0  -21.674311 -5.176241 31.438972  0.835224 -0.360869 0.414938  0.129314 0.655809 0
0  -21.674311 -4.145300 32.335571  0.835225 -0.360867 0.414938  0.129314 0.671030 0
0  -21.851645 -4.444216 32.432564  0.835225 -0.360867 0.414938  0.127014 0.669226 0
ConsolePanelLoadingBay
0  -22.979786 -5.176241 31.438972  -0.835225 -0.360867 0.414938  0.112382 0.655809 0
0  -22.802452 -4.444216 32.432564  -0.835225 -0.360867 0.414938  0.114682 0.669226 0
0  -22.979786 -4.145300 32.335571  -0.835225 -0.360867 0.414938  0.112382 0.671030 0
ConsolePanelLoadingBay
0  -22.979786 -5.176241 31.438972  -0.835224 -0.360870 0.414938  0.112382 0.655809 0
0  -22.802452 -5.230830 31.748455  -0.835224 -0.360870 0.414938  0.114682 0.657613 0
0  -22.802452 -4.444216 32.432564  -0.835224 -0.360870 0.414938  0.114682 0.669226 0
ConsolePanelLoadingBay
0  -22.979786 -5.176241 31.438972  0.000000 -0.984797 -0.173707  0.112382 0.655809 0
0  -21.851645 -5.230830 31.748455  0.000000 -0.984797 -0.173708  0.127014 0.657613 0
0  -22.802452 -5.230830 31.748455  0.000000 -0.984798 -0.173706  0.114682 0.657613 0
ConsolePanelLoadingBay
0  -22.979786 -5.176241 31.438972  0.000000 -0.984797 -0.173707  0.112382 0.655809 0
0  -21.674311 -5.176241 31.438972  0.000000 -0.984797 -0.173708  0.129314 0.655809 0
0  -21.851645 -5.230830 31.748455  0.000000 -0.984797 -0.173708  0.127014 0.657613 0
ConsolePanelLoadingBay
0  -22.802452 -5.230830 31.748455  0.000000 -0.656231 0.754560  0.114682 0.657613 0
0  -21.851645 -4.444216 32.432564  0.000000 -0.656231 0.754560  0.127014 0.669226 0
0  -22.802452 -4.444216 32.432564  0.000000 -0.656230 0.754561  0.114682 0.669226 0
ConsolePanelLoadingBay
0  -22.802452 -5.230830 31.748455  0.000000 -0.656231 0.754560  0.114682 0.657613 0
0  -21.851645 -5.230830 31.748455  0.000000 -0.656232 0.754559  0.127014 0.657613 0
0  -21.851645 -4.444216 32.432564  0.000000 -0.656231 0.754560  0.127014 0.669226 0
ConsolePanelLoadingBay
0  -21.349779 -4.145300 32.335571  0.000000 0.308640 0.951179  0.133523 0.671030 0
0  -20.221638 -4.444216 32.432564  0.000000 0.308640 0.951179  0.148155 0.669226 0
0  -20.044304 -4.145300 32.335571  0.000000 0.308640 0.951179  0.150455 0.671030 0
ConsolePanelLoadingBay
0  -21.349779 -4.145300 32.335571  0.000000 0.308640 0.951179  0.133523 0.671030 0
0  -21.172445 -4.444216 32.432564  0.000000 0.308640 0.951179  0.135823 0.669226 0
0  -20.221638 -4.444216 32.432564  0.000000 0.308640 0.951179  0.148155 0.669226 0
ConsolePanelLoadingBay
0  -20.044304 -5.176241 31.438972  0.835224 -0.360870 0.414938  0.150455 0.655809 0
0  -20.221638 -4.444216 32.432564  0.835225 -0.360868 0.414938  0.148155 0.669226 0
0  -20.221638 -5.230830 31.748455  0.835224 -0.360870 0.414938  0.148155 0.657613 0
ConsolePanelLoadingBay
0  -20.044304 -5.176241 31.438972  0.835224 -0.360870 0.414938  0.150455 0.655809 0
0  -20.044304 -4.145300 32.335571  0.835225 -0.360867 0.414938  0.150455 0.671030 0
0  -20.221638 -4.444216 32.432564  0.835225 -0.360868 0.414938  0.148155 0.669226 0
ConsolePanelLoadingBay
0  -21.349779 -5.176241 31.438972  -0.835225 -0.360867 0.414938  0.133523 0.655809 0
0  -21.172445 -4.444216 32.432564  -0.835225 -0.360867 0.414938  0.135823 0.669226 0
0  -21.349779 -4.145300 32.335571  -0.835225 -0.360867 0.414938  0.133523 0.671030 0
ConsolePanelLoadingBay
0  -21.349779 -5.176241 31.438972  -0.835224 -0.360870 0.414938  0.133523 0.655809 0
0  -21.172445 -5.230830 31.748455  -0.835224 -0.360870 0.414938  0.135823 0.657613 0
0  -21.172445 -4.444216 32.432564  -0.835224 -0.360870 0.414938  0.135823 0.669226 0
ConsolePanelLoadingBay
0  -21.349779 -5.176241 31.438972  0.000000 -0.984797 -0.173707  0.133523 0.655809 0
0  -20.221638 -5.230830 31.748455  0.000000 -0.984797 -0.173707  0.148155 0.657613 0
0  -21.172445 -5.230830 31.748455  0.000000 -0.984797 -0.173707  0.135823 0.657613 0
ConsolePanelLoadingBay
0  -21.349779 -5.176241 31.438972  0.000000 -0.984797 -0.173707  0.133523 0.655809 0
0  -20.044304 -5.176241 31.438972  0.000000 -0.984797 -0.173707  0.150455 0.655809 0
0  -20.221638 -5.230830 31.748455  0.000000 -0.984797 -0.173707  0.148155 0.657613 0
ConsolePanelLoadingBay
0  -21.172445 -5.230830 31.748455  0.000000 -0.656231 0.754560  0.135823 0.657613 0
0  -20.221638 -4.444216 32.432564  0.000000 -0.656231 0.754560  0.148155 0.669226 0
0  -21.172445 -4.444216 32.432564  0.000000 -0.656232 0.754559  0.135823 0.669226 0
ConsolePanelLoadingBay
0  -21.172445 -5.230830 31.748455  0.000000 -0.656231 0.754560  0.135823 0.657613 0
0  -20.221638 -5.230830 31.748455  0.000000 -0.656230 0.754561  0.148155 0.657613 0
0  -20.221638 -4.444216 32.432564  0.000000 -0.656231 0.754560  0.148155 0.669226 0
ConsolePanelLoadingBay
0  -19.719772 -4.145300 32.335571  0.000000 0.308639 0.951179  0.154664 0.671030 0
0  -18.591631 -4.444216 32.432564  0.000000 0.308639 0.951179  0.169296 0.669226 0
0  -18.414297 -4.145300 32.335571  0.000000 0.308639 0.951179  0.171596 0.671030 0
ConsolePanelLoadingBay
0  -19.719772 -4.145300 32.335571  0.000000 0.308641 0.951179  0.154664 0.671030 0
0  -19.542439 -4.444216 32.432564  0.000000 0.308641 0.951179  0.156964 0.669226 0
0  -18.591631 -4.444216 32.432564  0.000000 0.308641 0.951179  0.169296 0.669226 0
ConsolePanelLoadingBay
0  -18.414297 -5.176241 31.438972  0.835224 -0.360870 0.414938  0.171596 0.655809 0
0  -18.591631 -4.444216 32.432564  0.835225 -0.360868 0.414938  0.169296 0.669226 0
0  -18.591631 -5.230830 31.748455  0.835224 -0.360870 0.414938  0.169296 0.657613 0
ConsolePanelLoadingBay
0  -18.414297 -5.176241 31.438972  0.835224 -0.360870 0.414938  0.171596 0.655809 0
0  -18.414297 -4.145300 32.335571  0.835225 -0.360868 0.414938  0.171596 0.671030 0
0  -18.591631 -4.444216 32.432564  0.835225 -0.360868 0.414938  0.169296 0.669226 0
ConsolePanelLoadingBay
0  -19.719772 -5.176241 31.438972  -0.835223 -0.360874 0.414937  0.154664 0.655809 0
0  -19.542439 -4.444216 32.432564  -0.835223 -0.360874 0.414937  0.156964 0.669226 0
0  -19.719772 -4.145300 32.335571  -0.835223 -0.360874 0.414937  0.154664 0.671030 0
ConsolePanelLoadingBay
0  -19.719772 -5.176241 31.438972  -0.835227 -0.360860 0.414940  0.154664 0.655809 0
0  -19.542439 -5.230830 31.748455  -0.835227 -0.360860 0.414940  0.156964 0.657613 0
0  -19.542439 -4.444216 32.432564  -0.835227 -0.360860 0.414940  0.156964 0.669226 0
ConsolePanelLoadingBay
0  -19.719772 -5.176241 31.438972  0.000000 -0.984797 -0.173707  0.154664 0.655809 0
0  -18.591631 -5.230830 31.748455  0.000000 -0.984797 -0.173708  0.169296 0.657613 0
0  -19.542439 -5.230830 31.748455  0.000000 -0.984798 -0.173706  0.156964 0.657613 0
ConsolePanelLoadingBay
0  -19.719772 -5.176241 31.438972  0.000000 -0.984797 -0.173707  0.154664 0.655809 0
0  -18.414297 -5.176241 31.438972  0.000000 -0.984797 -0.173708  0.171596 0.655809 0
0  -18.591631 -5.230830 31.748455  0.000000 -0.984797 -0.173708  0.169296 0.657613 0
ConsolePanelLoadingBay
0  -19.542439 -5.230830 31.748455  0.000000 -0.656231 0.754560  0.156964 0.657613 0
0  -18.591631 -4.444216 32.432564  0.000000 -0.656231 0.754560  0.169296 0.669226 0
0  -19.542439 -4.444216 32.432564  0.000000 -0.656231 0.754560  0.156964 0.669226 0
ConsolePanelLoadingBay
0  -19.542439 -5.230830 31.748455  0.000000 -0.656231 0.754560  0.156964 0.657613 0
0  -18.591631 -5.230830 31.748455  0.000000 -0.656231 0.754560  0.169296 0.657613 0
0  -18.591631 -4.444216 32.432564  0.000000 -0.656231 0.754560  0.169296 0.669226 0
ConsolePanelLoadingBay
0  -18.129522 -4.145300 32.335571  0.000000 0.308640 0.951179  0.175290 0.671030 0
0  -17.001381 -4.444216 32.432564  0.000000 0.308640 0.951179  0.189921 0.669226 0
0  -16.824047 -4.145300 32.335571  0.000000 0.308640 0.951179  0.192221 0.671030 0
ConsolePanelLoadingBay
0  -18.129522 -4.145300 32.335571  0.000000 0.308639 0.951179  0.175290 0.671030 0
0  -17.952188 -4.444216 32.432564  0.000000 0.308639 0.951179  0.177590 0.669226 0
0  -17.001381 -4.444216 32.432564  0.000000 0.308639 0.951179  0.189921 0.669226 0
ConsolePanelLoadingBay
0  -16.824047 -5.176241 31.438972  0.835225 -0.360869 0.414938  0.192221 0.655809 0
0  -17.001381 -4.444216 32.432564  0.835226 -0.360865 0.414939  0.189921 0.669226 0
0  -17.001381 -5.230830 31.748455  0.835224 -0.360870 0.414938  0.189921 0.657613 0
ConsolePanelLoadingBay
0  -16.824047 -5.176241 31.438972  0.835225 -0.360869 0.414938  0.192221 0.655809 0
0  -16.824047 -4.145300 32.335571  0.835226 -0.360864 0.414939  0.192221 0.671030 0
0  -17.001381 -4.444216 32.432564  0.835226 -0.360865 0.414939  0.189921 0.669226 0
ConsolePanelLoadingBay
0  -18.129522 -5.176241 31.438972  -0.835227 -0.360863 0.414939  0.175290 0.655809 0
0  -17.952188 -4.444216 32.432564  -0.835227 -0.360863 0.414939  0.177590 0.669226 0
0  -18.129522 -4.145300 32.335571  -0.835227 -0.360863 0.414939  0.175290 0.671030 0
ConsolePanelLoadingBay
0  -18.129522 -5.176241 31.438972  -0.835224 -0.360870 0.414938  0.175290 0.655809 0
0  -17.952188 -5.230830 31.748455  -0.835224 -0.360870 0.414938  0.177590 0.657613 0
0  -17.952188 -4.444216 32.432564  -0.835224 -0.360870 0.414938  0.177590 0.669226 0
ConsolePanelLoadingBay
0  -18.129522 -5.176241 31.438972  0.000000 -0.984797 -0.173707  0.175290 0.655809 0
0  -17.001381 -5.230830 31.748455  0.000000 -0.984797 -0.173708  0.189921 0.657613 0
0  -17.952188 -5.230830 31.748455  0.000000 -0.984797 -0.173707  0.177590 0.657613 0
ConsolePanelLoadingBay
0  -18.129522 -5.176241 31.438972  0.000000 -0.984797 -0.173707  0.175290 0.655809 0
0  -16.824047 -5.176241 31.438972  0.000000 -0.984797 -0.173708  0.192221 0.655809 0
0  -17.001381 -5.230830 31.748455  0.000000 -0.984797 -0.173708  0.189921 0.657613 0
ConsolePanelLoadingBay
0  -17.952188 -5.230830 31.748455  0.000000 -0.656231 0.754560  0.177590 0.657613 0
0  -17.001381 -4.444216 32.432564  0.000000 -0.656231 0.754560  0.189921 0.669226 0
0  -17.952188 -4.444216 32.432564  0.000000 -0.656232 0.754559  0.177590 0.669226 0
ConsolePanelLoadingBay
0  -17.952188 -5.230830 31.748455  0.000000 -0.656231 0.754560  0.177590 0.657613 0
0  -17.001381 -5.230830 31.748455  0.000000 -0.656230 0.754561  0.189921 0.657613 0
0  -17.001381 -4.444216 32.432564  0.000000 -0.656231 0.754560  0.189921 0.669226 0
ConsolePanelLoadingBay
0  -16.598906 -4.145300 32.335571  -0.000005 0.308640 0.951179  0.195141 0.671030 0
0  -15.470764 -4.444215 32.432564  -0.000005 0.308640 0.951179  0.209773 0.669226 0
0  -15.293431 -4.145299 32.335571  -0.000005 0.308640 0.951179  0.212073 0.671030 0
ConsolePanelLoadingBay
0  -16.598906 -4.145300 32.335571  0.000004 0.308639 0.951179  0.195141 0.671030 0
0  -16.421572 -4.444216 32.432564  0.000004 0.308639 0.951179  0.197441 0.669226 0
0  -15.470764 -4.444215 32.432564  0.000004 0.308639 0.951179  0.209773 0.669226 0
ConsolePanelLoadingBay
0  -15.293431 -5.176240 31.438972  0.835227 -0.360865 0.414937  0.212073 0.655809 0
0  -15.470764 -4.444215 32.432564  0.835227 -0.360863 0.414937  0.209773 0.669226 0
0  -15.470764 -5.230829 31.748455  0.835227 -0.360866 0.414936  0.209773 0.657613 0
ConsolePanelLoadingBay
0  -15.293431 -5.176240 31.438972  0.835227 -0.360865 0.414937  0.212073 0.655809 0
0  -15.293431 -4.145299 32.335571  0.835228 -0.360863 0.414937  0.212073 0.671030 0
0  -15.470764 -4.444215 32.432564  0.835227 -0.360863 0.414937  0.209773 0.669226 0
ConsolePanelLoadingBay
0  -16.598906 -5.176241 31.438972  -0.835227 -0.360863 0.414939  0.195141 0.655809 0
0  -16.421572 -4.444216 32.432564  -0.835227 -0.360863 0.414939  0.197441 0.669226 0
0  -16.598906 -4.145300 32.335571  -0.835227 -0.360863 0.414939  0.195141 0.671030 0
ConsolePanelLoadingBay
0  -16.598906 -5.176241 31.438972  -0.835222 -0.360875 0.414937  0.195141 0.655809 0
0  -16.421572 -5.230830 31.748455  -0.835222 -0.360875 0.414937  0.197441 0.657613 0
0  -16.421572 -4.444216 32.432564  -0.835222 -0.360875 0.414937  0.197441 0.669226 0
ConsolePanelLoadingBay
0  -16.598906 -5.176241 31.438972  0.000001 -0.984797 -0.173707  0.195141 0.655809 0
0  -15.470764 -5.230829 31.748455  0.000001 -0.984798 -0.173706  0.209773 0.657613 0
0  -16.421572 -5.230830 31.748455  0.000002 -0.984797 -0.173707  0.197441 0.657613 0
ConsolePanelLoadingBay
0  -16.598906 -5.176241 31.438972  0.000001 -0.984797 -0.173707  0.195141 0.655809 0
0  -15.293431 -5.176240 31.438972  0.000001 -0.984798 -0.173705  0.212073 0.655809 0
0  -15.470764 -5.230829 31.748455  0.000001 -0.984798 -0.173706  0.209773 0.657613 0
ConsolePanelLoadingBay
0  -16.421572 -5.230830 31.748455  0.000000 -0.656231 0.754560  0.197441 0.657613 0
0  -15.470764 -4.444215 32.432564  0.000000 -0.656231 0.754560  0.209773 0.669226 0
0  -16.421572 -4.444216 32.432564  0.000001 -0.656231 0.754560  0.197441 0.669226 0
ConsolePanelLoadingBay
0  -16.421572 -5.230830 31.748455  0.000000 -0.656231 0.754560  0.197441 0.657613 0
0  -15.470764 -5.230829 31.748455  0.000000 -0.656232 0.754560  0.209773 0.657613 0
0  -15.470764 -4.444215 32.432564  0.000000 -0.656231 0.754560  0.209773 0.669226 0
ConsolePanelLoadingBay
0  -15.028533 -4.145299 32.335571  0.000000 0.308639 0.951180  0.215509 0.671030 0
0  -13.900392 -4.444215 32.432564  0.000000 0.308639 0.951180  0.230141 0.669226 0
0  -13.723059 -4.145299 32.335571  0.000000 0.308639 0.951180  0.232441 0.671030 0
ConsolePanelLoadingBay
0  -15.028533 -4.145299 32.335571  0.000000 0.308641 0.951179  0.215509 0.671030 0
0  -14.851200 -4.444215 32.432564  0.000000 0.308641 0.951179  0.217809 0.669226 0
0  -13.900392 -4.444215 32.432564  0.000000 0.308641 0.951179  0.230141 0.669226 0
ConsolePanelLoadingBay
0  -13.723059 -5.176240 31.438972  0.835227 -0.360866 0.414936  0.232441 0.655809 0
0  -13.900392 -4.444215 32.432564  0.835226 -0.360867 0.414936  0.230141 0.669226 0
0  -13.900392 -5.230829 31.748455  0.835227 -0.360866 0.414936  0.230141 0.657613 0
ConsolePanelLoadingBay
0  -13.723059 -5.176240 31.438972  0.835227 -0.360866 0.414936  0.232441 0.655809 0
0  -13.723059 -4.145299 32.335571  0.835226 -0.360867 0.414936  0.232441 0.671030 0
0  -13.900392 -4.444215 32.432564  0.835226 -0.360867 0.414936  0.230141 0.669226 0
ConsolePanelLoadingBay
0  -15.028533 -5.176240 31.438972  -0.835227 -0.360864 0.414937  0.215509 0.655809 0
0  -14.851200 -4.444215 32.432564  -0.835227 -0.360864 0.414937  0.217809 0.669226 0
0  -15.028533 -4.145299 32.335571  -0.835227 -0.360864 0.414937  0.215509 0.671030 0
ConsolePanelLoadingBay
0  -15.028533 -5.176240 31.438972  -0.835227 -0.360866 0.414936  0.215509 0.655809 0
0  -14.851200 -5.230829 31.748455  -0.835227 -0.360866 0.414936  0.217809 0.657613 0
0  -14.851200 -4.444215 32.432564  -0.835227 -0.360866 0.414936  0.217809 0.669226 0
ConsolePanelLoadingBay
0  -15.028533 -5.176240 31.438972  0.000000 -0.984798 -0.173706  0.215509 0.655809 0
0  -13.900392 -5.230829 31.748455  0.000000 -0.984798 -0.173704  0.230141 0.657613 0
0  -14.851200 -5.230829 31.748455  0.000000 -0.984798 -0.173706  0.217809 0.657613 0
ConsolePanelLoadingBay
0  -15.028533 -5.176240 31.438972  0.000000 -0.984798 -0.173706  0.215509 0.655809 0
0  -13.723059 -5.176240 31.438972  0.000000 -0.984798 -0.173704  0.232441 0.655809 0
0  -13.900392 -5.230829 31.748455  0.000000 -0.984798 -0.173704  0.230141 0.657613 0
ConsolePanelLoadingBay
0  -14.851200 -5.230829 31.748455  0.000000 -0.656232 0.754560  0.217809 0.657613 0
0  -13.900392 -4.444215 32.432564  0.000000 -0.656232 0.754560  0.230141 0.669226 0
0  -14.851200 -4.444215 32.432564  0.000000 -0.656232 0.754559  0.217809 0.669226 0
ConsolePanelLoadingBay
0  -14.851200 -5.230829 31.748455  0.000000 -0.656232 0.754560  0.217809 0.657613 0
0  -13.900392 -5.230829 31.748455  0.000000 -0.656231 0.754560  0.230141 0.657613 0
0  -13.900392 -4.444215 32.432564  0.000000 -0.656232 0.754560  0.230141 0.669226 0
ConsolePanelLoadingBay
0  -13.458160 -4.145299 32.335571  0.000000 0.308639 0.951179  0.235877 0.671030 0
0  -12.330020 -4.444215 32.432564  0.000000 0.308639 0.951179  0.250508 0.669226 0
0  -12.152686 -4.145299 32.335571  0.000000 0.308639 0.951179  0.252808 0.671030 0
ConsolePanelLoadingBay
0  -13.458160 -4.145299 32.335571  0.000000 0.308638 0.951180  0.235877 0.671030 0
0  -13.280828 -4.444215 32.432564  0.000000 0.308638 0.951180  0.238176 0.669226 0
0  -12.330020 -4.444215 32.432564  0.000000 0.308638 0.951180  0.250508 0.669226 0
ConsolePanelLoadingBay
0  -12.152686 -5.176240 31.438972  0.835224 -0.360870 0.414938  0.252808 0.655809 0
0  -12.330020 -4.444215 32.432564  0.835225 -0.360868 0.414938  0.250508 0.669226 0
0  -12.330020 -5.230829 31.748455  0.835224 -0.360870 0.414937  0.250508 0.657613 0
ConsolePanelLoadingBay
0  -12.152686 -5.176240 31.438972  0.835224 -0.360870 0.414938  0.252808 0.655809 0
0  -12.152686 -4.145299 32.335571  0.835225 -0.360867 0.414938  0.252808 0.671030 0
0  -12.330020 -4.444215 32.432564  0.835225 -0.360868 0.414938  0.250508 0.669226 0
ConsolePanelLoadingBay
0  -13.458160 -5.176240 31.438972  -0.835228 -0.360863 0.414935  0.235877 0.655809 0
0  -13.280828 -4.444215 32.432564  -0.835228 -0.360863 0.414935  0.238176 0.669226 0
0  -13.458160 -4.145299 32.335571  -0.835228 -0.360863 0.414935  0.235877 0.671030 0
ConsolePanelLoadingBay
0  -13.458160 -5.176240 31.438972  -0.835227 -0.360866 0.414935  0.235877 0.655809 0
0  -13.280828 -5.230829 31.748455  -0.835227 -0.360866 0.414935  0.238176 0.657613 0
0  -13.280828 -4.444215 32.432564  -0.835227 -0.360866 0.414935  0.238176 0.669226 0
ConsolePanelLoadingBay
0  -13.458160 -5.176240 31.438972  0.000000 -0.984798 -0.173706  0.235877 0.655809 0
0  -12.330020 -5.230829 31.748455  0.000000 -0.984798 -0.173705  0.250508 0.657613 0
0  -13.280828 -5.230829 31.748455  0.000000 -0.984797 -0.173707  0.238176 0.657613 0
ConsolePanelLoadingBay
0  -13.458160 -5.176240 31.438972  0.000000 -0.984798 -0.173706  0.235877 0.655809 0
0  -12.152686 -5.176240 31.438972  0.000000 -0.984798 -0.173705  0.252808 0.655809 0
0  -12.330020 -5.230829 31.748455  0.000000 -0.984798 -0.173705  0.250508 0.657613 0
ConsolePanelLoadingBay
0  -13.280828 -5.230829 31.748455  0.000000 -0.656231 0.754560  0.238176 0.657613 0
0  -12.330020 -4.444215 32.432564  0.000000 -0.656231 0.754560  0.250508 0.669226 0
0  -13.280828 -4.444215 32.432564  0.000000 -0.656231 0.754560  0.238176 0.669226 0
ConsolePanelLoadingBay
0  -13.280828 -5.230829 31.748455  0.000000 -0.656231 0.754560  0.238176 0.657613 0
0  -12.330020 -5.230829 31.748455  0.000000 -0.656231 0.754560  0.250508 0.657613 0
0  -12.330020 -4.444215 32.432564  0.000000 -0.656231 0.754560  0.250508 0.669226 0
ConsolePanelLoadingBay
0  -13.458160 -2.840122 33.470669  0.000000 0.308641 0.951179  0.235877 0.691410 0
0  -12.330020 -3.139037 33.567661  0.000000 0.308641 0.951179  0.250508 0.689607 0
0  -12.152686 -2.840122 33.470669  0.000000 0.308641 0.951179  0.252808 0.691410 0
ConsolePanelLoadingBay
0  -13.458160 -2.840122 33.470669  0.000000 0.308640 0.951179  0.235877 0.691410 0
0  -13.280828 -3.139037 33.567661  0.000000 0.308640 0.951179  0.238176 0.689607 0
0  -12.330020 -3.139037 33.567661  0.000000 0.308640 0.951179  0.250508 0.689607 0
ConsolePanelLoadingBay
0  -12.152686 -3.871063 32.574070  0.835230 -0.360864 0.414932  0.252808 0.676190 0
0  -12.330020 -3.139037 33.567661  0.835228 -0.360865 0.414935  0.250508 0.689607 0
0  -12.330020 -3.925653 32.883553  0.835231 -0.360863 0.414931  0.250508 0.677993 0
ConsolePanelLoadingBay
0  -12.152686 -3.871063 32.574070  0.835230 -0.360864 0.414932  0.252808 0.676190 0
0  -12.152686 -2.840122 33.470669  0.835228 -0.360865 0.414935  0.252808 0.691410 0
0  -12.330020 -3.139037 33.567661  0.835228 -0.360865 0.414935  0.250508 0.689607 0
ConsolePanelLoadingBay
0  -13.458160 -3.871063 32.574070  -0.835231 -0.360860 0.414932  0.235877 0.676190 0
0  -13.280828 -3.139037 33.567661  -0.835231 -0.360860 0.414932  0.238176 0.689607 0
0  -13.458160 -2.840122 33.470669  -0.835231 -0.360860 0.414932  0.235877 0.691410 0
ConsolePanelLoadingBay
0  -13.458160 -3.871063 32.574070  -0.835234 -0.360859 0.414928  0.235877 0.676190 0
0  -13.280828 -3.925653 32.883553  -0.835234 -0.360859 0.414928  0.238176 0.677993 0
0  -13.280828 -3.139037 33.567661  -0.835234 -0.360859 0.414928  0.238176 0.689607 0
ConsolePanelLoadingBay
0  -13.458160 -3.871063 32.574070  0.000000 -0.984797 -0.173710  0.235877 0.676190 0
0  -12.330020 -3.925653 32.883553  0.000000 -0.984797 -0.173710  0.250508 0.677993 0
0  -13.280828 -3.925653 32.883553  0.000000 -0.984797 -0.173710  0.238176 0.677993 0
ConsolePanelLoadingBay
0  -13.458160 -3.871063 32.574070  0.000000 -0.984797 -0.173710  0.235877 0.676190 0
0  -12.152686 -3.871063 32.574070  0.000000 -0.984797 -0.173710  0.252808 0.676190 0
0  -12.330020 -3.925653 32.883553  0.000000 -0.984797 -0.173710  0.250508 0.677993 0
ConsolePanelLoadingBay
0  -13.280828 -3.925653 32.883553  0.000000 -0.656230 0.754561  0.238176 0.677993 0
0  -12.330020 -3.139037 33.567661  0.000000 -0.656230 0.754561  0.250508 0.689607 0
0  -13.280828 -3.139037 33.567661  0.000000 -0.656230 0.754561  0.238176 0.689607 0
ConsolePanelLoadingBay
0  -13.280828 -3.925653 32.883553  0.000000 -0.656230 0.754561  0.238176 0.677993 0
0  -12.330020 -3.925653 32.883553  0.000000 -0.656230 0.754561  0.250508 0.677993 0
0  -12.330020 -3.139037 33.567661  0.000000 -0.656230 0.754561  0.250508 0.689607 0
ConsolePanelLoadingBay
0  -15.028533 -2.840123 33.470669  0.000000 0.308639 0.951179  0.215509 0.691410 0
0  -13.900392 -3.139038 33.567661  0.000000 0.308639 0.951179  0.230141 0.689607 0
0  -13.723059 -2.840123 33.470669  0.000000 0.308639 0.951179  0.232441 0.691410 0
ConsolePanelLoadingBay
0  -15.028533 -2.840123 33.470669  0.000000 0.308641 0.951178  0.215509 0.691410 0
0  -14.851200 -3.139038 33.567661  0.000000 0.308641 0.951178  0.217809 0.689607 0
0  -13.900392 -3.139038 33.567661  0.000000 0.308641 0.951178  0.230141 0.689607 0
ConsolePanelLoadingBay
0  -13.723059 -3.871064 32.574070  0.835233 -0.360860 0.414930  0.232441 0.676190 0
0  -13.900392 -3.139038 33.567661  0.835230 -0.360863 0.414932  0.230141 0.689607 0
0  -13.900392 -3.925653 32.883553  0.835233 -0.360859 0.414929  0.230141 0.677993 0
ConsolePanelLoadingBay
0  -13.723059 -3.871064 32.574070  0.835233 -0.360860 0.414930  0.232441 0.676190 0
0  -13.723059 -2.840123 33.470669  0.835230 -0.360863 0.414932  0.232441 0.691410 0
0  -13.900392 -3.139038 33.567661  0.835230 -0.360863 0.414932  0.230141 0.689607 0
ConsolePanelLoadingBay
0  -15.028533 -3.871064 32.574070  -0.835231 -0.360860 0.414933  0.215509 0.676190 0
0  -14.851200 -3.139038 33.567661  -0.835231 -0.360860 0.414933  0.217809 0.689607 0
0  -15.028533 -2.840123 33.470669  -0.835231 -0.360860 0.414933  0.215509 0.691410 0
ConsolePanelLoadingBay
0  -15.028533 -3.871064 32.574070  -0.835233 -0.360859 0.414929  0.215509 0.676190 0
0  -14.851200 -3.925653 32.883553  -0.835233 -0.360859 0.414929  0.217809 0.677993 0
0  -14.851200 -3.139038 33.567661  -0.835233 -0.360859 0.414929  0.217809 0.689607 0
ConsolePanelLoadingBay
0  -15.028533 -3.871064 32.574070  0.000000 -0.984798 -0.173706  0.215509 0.676190 0
0  -13.900392 -3.925653 32.883553  0.000000 -0.984797 -0.173706  0.230141 0.677993 0
0  -14.851200 -3.925653 32.883553  0.000000 -0.984798 -0.173706  0.217809 0.677993 0
ConsolePanelLoadingBay
0  -15.028533 -3.871064 32.574070  0.000000 -0.984798 -0.173706  0.215509 0.676190 0
0  -13.723059 -3.871064 32.574070  0.000000 -0.984797 -0.173706  0.232441 0.676190 0
0  -13.900392 -3.925653 32.883553  0.000000 -0.984797 -0.173706  0.230141 0.677993 0
ConsolePanelLoadingBay
0  -14.851200 -3.925653 32.883553  0.000000 -0.656231 0.754560  0.217809 0.677993 0
0  -13.900392 -3.139038 33.567661  0.000000 -0.656231 0.754560  0.230141 0.689607 0
0  -14.851200 -3.139038 33.567661  0.000000 -0.656232 0.754559  0.217809 0.689607 0
ConsolePanelLoadingBay
0  -14.851200 -3.925653 32.883553  0.000000 -0.656231 0.754560  0.217809 0.677993 0
0  -13.900392 -3.925653 32.883553  0.000000 -0.656230 0.754561  0.230141 0.677993 0
0  -13.900392 -3.139038 33.567661  0.000000 -0.656231 0.754560  0.230141 0.689607 0
ConsolePanelLoadingBay
0  -16.598906 -2.840123 33.470669  0.000000 0.308640 0.951179  0.195141 0.691410 0
0  -15.470764 -3.139038 33.567661  0.000000 0.308640 0.951179  0.209773 0.689607 0
0  -15.293431 -2.840123 33.470669  0.000000 0.308640 0.951179  0.212073 0.691410 0
ConsolePanelLoadingBay
0  -16.598906 -2.840123 33.470669  0.000000 0.308639 0.951179  0.195141 0.691410 0
0  -16.421572 -3.139038 33.567661  0.000000 0.308639 0.951179  0.197441 0.689607 0
0  -15.470764 -3.139038 33.567661  0.000000 0.308639 0.951179  0.209773 0.689607 0
ConsolePanelLoadingBay
0  -15.293431 -3.871064 32.574070  0.835233 -0.360859 0.414930  0.212073 0.676190 0
0  -15.470764 -3.139038 33.567661  0.835232 -0.360859 0.414932  0.209773 0.689607 0
0  -15.470764 -3.925653 32.883553  0.835233 -0.360859 0.414929  0.209773 0.677993 0
ConsolePanelLoadingBay
0  -15.293431 -3.871064 32.574070  0.835233 -0.360859 0.414930  0.212073 0.676190 0
0  -15.293431 -2.840123 33.470669  0.835231 -0.360859 0.414933  0.212073 0.691410 0
0  -15.470764 -3.139038 33.567661  0.835232 -0.360859 0.414932  0.209773 0.689607 0
ConsolePanelLoadingBay
0  -16.598906 -3.871064 32.574070  -0.835231 -0.360859 0.414934  0.195141 0.676190 0
0  -16.421572 -3.139038 33.567661  -0.835231 -0.360859 0.414934  0.197441 0.689607 0
0  -16.598906 -2.840123 33.470669  -0.835231 -0.360859 0.414934  0.195141 0.691410 0
ConsolePanelLoadingBay
0  -16.598906 -3.871064 32.574070  -0.835229 -0.360868 0.414929  0.195141 0.676190 0
0  -16.421572 -3.925653 32.883553  -0.835229 -0.360868 0.414929  0.197441 0.677993 0
0  -16.421572 -3.139038 33.567661  -0.835229 -0.360868 0.414929  0.197441 0.689607 0
ConsolePanelLoadingBay
0  -16.598906 -3.871064 32.574070  0.000000 -0.984797 -0.173707  0.195141 0.676190 0
0  -15.470764 -3.925653 32.883553  0.000000 -0.984798 -0.173706  0.209773 0.677993 0
0  -16.421572 -3.925653 32.883553  0.000000 -0.984797 -0.173707  0.197441 0.677993 0
ConsolePanelLoadingBay
0  -16.598906 -3.871064 32.574070  0.000000 -0.984797 -0.173707  0.195141 0.676190 0
0  -15.293431 -3.871064 32.574070  0.000000 -0.984798 -0.173705  0.212073 0.676190 0
0  -15.470764 -3.925653 32.883553  0.000000 -0.984798 -0.173706  0.209773 0.677993 0
ConsolePanelLoadingBay
0  -16.421572 -3.925653 32.883553  0.000000 -0.656231 0.754560  0.197441 0.677993 0
0  -15.470764 -3.139038 33.567661  0.000000 -0.656231 0.754560  0.209773 0.689607 0
0  -16.421572 -3.139038 33.567661  0.000000 -0.656231 0.754560  0.197441 0.689607 0
ConsolePanelLoadingBay
0  -16.421572 -3.925653 32.883553  0.000000 -0.656231 0.754560  0.197441 0.677993 0
0  -15.470764 -3.925653 32.883553  0.000000 -0.656231 0.754560  0.209773 0.677993 0
0  -15.470764 -3.139038 33.567661  0.000000 -0.656231 0.754560  0.209773 0.689607 0
ConsolePanelLoadingBay
0  -18.129522 -2.840123 33.470669  0.000000 0.308640 0.951179  0.175290 0.691410 0
0  -17.001381 -3.139038 33.567661  0.000000 0.308640 0.951179  0.189921 0.689607 0
0  -16.824047 -2.840123 33.470669  0.000000 0.308640 0.951179  0.192221 0.691410 0
ConsolePanelLoadingBay
0  -18.129522 -2.840123 33.470669  0.000000 0.308640 0.951179  0.175290 0.691410 0
0  -17.952188 -3.139038 33.567661  0.000000 0.308640 0.951179  0.177590 0.689607 0
0  -17.001381 -3.139038 33.567661  0.000000 0.308640 0.951179  0.189921 0.689607 0
ConsolePanelLoadingBay
0  -16.824047 -3.871064 32.574070  0.835231 -0.360863 0.414931  0.192221 0.676190 0
0  -17.001381 -3.139038 33.567661  0.835230 -0.360860 0.414934  0.189921 0.689607 0
0  -17.001381 -3.925653 32.883553  0.835231 -0.360863 0.414930  0.189921 0.677993 0
ConsolePanelLoadingBay
0  -16.824047 -3.871064 32.574070  0.835231 -0.360863 0.414931  0.192221 0.676190 0
0  -16.824047 -2.840123 33.470669  0.835230 -0.360860 0.414934  0.192221 0.691410 0
0  -17.001381 -3.139038 33.567661  0.835230 -0.360860 0.414934  0.189921 0.689607 0
ConsolePanelLoadingBay
0  -18.129522 -3.871064 32.574070  -0.835231 -0.360859 0.414934  0.175290 0.676190 0
0  -17.952188 -3.139038 33.567661  -0.835231 -0.360859 0.414934  0.177590 0.689607 0
0  -18.129522 -2.840123 33.470669  -0.835231 -0.360859 0.414934  0.175290 0.691410 0
ConsolePanelLoadingBay
0  -18.129522 -3.871064 32.574070  -0.835231 -0.360863 0.414930  0.175290 0.676190 0
0  -17.952188 -3.925653 32.883553  -0.835231 -0.360863 0.414930  0.177590 0.677993 0
0  -17.952188 -3.139038 33.567661  -0.835231 -0.360863 0.414930  0.177590 0.689607 0
ConsolePanelLoadingBay
0  -18.129522 -3.871064 32.574070  0.000000 -0.984797 -0.173707  0.175290 0.676190 0
0  -17.001381 -3.925653 32.883553  0.000000 -0.984797 -0.173707  0.189921 0.677993 0
0  -17.952188 -3.925653 32.883553  0.000000 -0.984797 -0.173707  0.177590 0.677993 0
ConsolePanelLoadingBay
0  -18.129522 -3.871064 32.574070  0.000000 -0.984797 -0.173707  0.175290 0.676190 0
0  -16.824047 -3.871064 32.574070  0.000000 -0.984797 -0.173707  0.192221 0.676190 0
0  -17.001381 -3.925653 32.883553  0.000000 -0.984797 -0.173707  0.189921 0.677993 0
ConsolePanelLoadingBay
0  -17.952188 -3.925653 32.883553  0.000000 -0.656231 0.754560  0.177590 0.677993 0
0  -17.001381 -3.139038 33.567661  0.000000 -0.656231 0.754560  0.189921 0.689607 0
0  -17.952188 -3.139038 33.567661  0.000000 -0.656232 0.754559  0.177590 0.689607 0
ConsolePanelLoadingBay
0  -17.952188 -3.925653 32.883553  0.000000 -0.656231 0.754560  0.177590 0.677993 0
0  -17.001381 -3.925653 32.883553  0.000000 -0.656230 0.754561  0.189921 0.677993 0
0  -17.001381 -3.139038 33.567661  0.000000 -0.656231 0.754560  0.189921 0.689607 0
ConsolePanelLoadingBay
0  -19.719772 -2.840123 33.470669  0.000000 0.308639 0.951179  0.154664 0.691410 0
0  -18.591631 -3.139038 33.567661  0.000000 0.308639 0.951179  0.169296 0.689607 0
0  -18.414297 -2.840123 33.470669  0.000000 0.308639 0.951179  0.171596 0.691410 0
ConsolePanelLoadingBay
0  -19.719772 -2.840123 33.470669  0.000000 0.308641 0.951178  0.154664 0.691410 0
0  -19.542439 -3.139038 33.567661  0.000000 0.308641 0.951178  0.156964 0.689607 0
0  -18.591631 -3.139038 33.567661  0.000000 0.308641 0.951178  0.169296 0.689607 0
ConsolePanelLoadingBay
0  -18.414297 -3.871064 32.574070  0.835230 -0.360864 0.414931  0.171596 0.676190 0
0  -18.591631 -3.139038 33.567661  0.835229 -0.360864 0.414933  0.169296 0.689607 0
0  -18.591631 -3.925653 32.883553  0.835231 -0.360863 0.414930  0.169296 0.677993 0
ConsolePanelLoadingBay
0  -18.414297 -3.871064 32.574070  0.835230 -0.360864 0.414931  0.171596 0.676190 0
0  -18.414297 -2.840123 33.470669  0.835229 -0.360864 0.414934  0.171596 0.691410 0
0  -18.591631 -3.139038 33.567661  0.835229 -0.360864 0.414933  0.169296 0.689607 0
ConsolePanelLoadingBay
0  -19.719772 -3.871064 32.574070  -0.835227 -0.360870 0.414932  0.154664 0.676190 0
0  -19.542439 -3.139038 33.567661  -0.835227 -0.360870 0.414932  0.156964 0.689607 0
0  -19.719772 -2.840123 33.470669  -0.835227 -0.360870 0.414932  0.154664 0.691410 0
ConsolePanelLoadingBay
0  -19.719772 -3.871064 32.574070  -0.835234 -0.360853 0.414932  0.154664 0.676190 0
0  -19.542439 -3.925653 32.883553  -0.835234 -0.360853 0.414932  0.156964 0.677993 0
0  -19.542439 -3.139038 33.567661  -0.835234 -0.360853 0.414932  0.156964 0.689607 0
ConsolePanelLoadingBay
0  -19.719772 -3.871064 32.574070  0.000000 -0.984797 -0.173707  0.154664 0.676190 0
0  -18.591631 -3.925653 32.883553  0.000000 -0.984797 -0.173708  0.169296 0.677993 0
0  -19.542439 -3.925653 32.883553  0.000000 -0.984798 -0.173706  0.156964 0.677993 0
ConsolePanelLoadingBay
0  -19.719772 -3.871064 32.574070  0.000000 -0.984797 -0.173707  0.154664 0.676190 0
0  -18.414297 -3.871064 32.574070  0.000000 -0.984797 -0.173708  0.171596 0.676190 0
0  -18.591631 -3.925653 32.883553  0.000000 -0.984797 -0.173708  0.169296 0.677993 0
ConsolePanelLoadingBay
0  -19.542439 -3.925653 32.883553  0.000000 -0.656231 0.754560  0.156964 0.677993 0
0  -18.591631 -3.139038 33.567661  0.000000 -0.656231 0.754560  0.169296 0.689607 0
0  -19.542439 -3.139038 33.567661  0.000000 -0.656231 0.754560  0.156964 0.689607 0
ConsolePanelLoadingBay
0  -19.542439 -3.925653 32.883553  0.000000 -0.656231 0.754560  0.156964 0.677993 0
0  -18.591631 -3.925653 32.883553  0.000000 -0.656231 0.754560  0.169296 0.677993 0
0  -18.591631 -3.139038 33.567661  0.000000 -0.656231 0.754560  0.169296 0.689607 0
ConsolePanelLoadingBay
0  -21.349779 -2.840123 33.470669  0.000000 0.308640 0.951179  0.133523 0.691410 0
0  -20.221638 -3.139038 33.567661  0.000000 0.308640 0.951179  0.148155 0.689607 0
0  -20.044304 -2.840123 33.470669  0.000000 0.308640 0.951179  0.150455 0.691410 0
ConsolePanelLoadingBay
0  -21.349779 -2.840123 33.470669  0.000000 0.308640 0.951179  0.133523 0.691410 0
0  -21.172445 -3.139038 33.567661  0.000000 0.308640 0.951179  0.135823 0.689607 0
0  -20.221638 -3.139038 33.567661  0.000000 0.308640 0.951179  0.148155 0.689607 0
ConsolePanelLoadingBay
0  -20.044304 -3.871064 32.574070  0.835231 -0.360863 0.414931  0.150455 0.676190 0
0  -20.221638 -3.139038 33.567661  0.835229 -0.360863 0.414933  0.148155 0.689607 0
0  -20.221638 -3.925653 32.883553  0.835231 -0.360863 0.414930  0.148155 0.677993 0
ConsolePanelLoadingBay
0  -20.044304 -3.871064 32.574070  0.835231 -0.360863 0.414931  0.150455 0.676190 0
0  -20.044304 -2.840123 33.470669  0.835229 -0.360864 0.414934  0.150455 0.691410 0
0  -20.221638 -3.139038 33.567661  0.835229 -0.360863 0.414933  0.148155 0.689607 0
ConsolePanelLoadingBay
0  -21.349779 -3.871064 32.574070  -0.835229 -0.360863 0.414934  0.133523 0.676190 0
0  -21.172445 -3.139038 33.567661  -0.835229 -0.360863 0.414934  0.135823 0.689607 0
0  -21.349779 -2.840123 33.470669  -0.835229 -0.360863 0.414934  0.133523 0.691410 0
ConsolePanelLoadingBay
0  -21.349779 -3.871064 32.574070  -0.835231 -0.360863 0.414930  0.133523 0.676190 0
0  -21.172445 -3.925653 32.883553  -0.835231 -0.360863 0.414930  0.135823 0.677993 0
0  -21.172445 -3.139038 33.567661  -0.835231 -0.360863 0.414930  0.135823 0.689607 0
ConsolePanelLoadingBay
0  -21.349779 -3.871064 32.574070  0.000000 -0.984797 -0.173707  0.133523 0.676190 0
0  -20.221638 -3.925653 32.883553  0.000000 -0.984797 -0.173707  0.148155 0.677993 0
0  -21.172445 -3.925653 32.883553  0.000000 -0.984797 -0.173707  0.135823 0.677993 0
ConsolePanelLoadingBay
0  -21.349779 -3.871064 32.574070  0.000000 -0.984797 -0.173707  0.133523 0.676190 0
0  -20.044304 -3.871064 32.574070  0.000000 -0.984797 -0.173707  0.150455 0.676190 0
0  -20.221638 -3.925653 32.883553  0.000000 -0.984797 -0.173707  0.148155 0.677993 0
ConsolePanelLoadingBay
0  -21.172445 -3.925653 32.883553  0.000000 -0.656231 0.754560  0.135823 0.677993 0
0  -20.221638 -3.139038 33.567661  0.000000 -0.656231 0.754560  0.148155 0.689607 0
0  -21.172445 -3.139038 33.567661  0.000000 -0.656232 0.754559  0.135823 0.689607 0
ConsolePanelLoadingBay
0  -21.172445 -3.925653 32.883553  0.000000 -0.656231 0.754560  0.135823 0.677993 0
0  -20.221638 -3.925653 32.883553  0.000000 -0.656230 0.754561  0.148155 0.677993 0
0  -20.221638 -3.139038 33.567661  0.000000 -0.656231 0.754560  0.148155 0.689607 0
ConsolePanelLoadingBay
0  -22.979786 -2.840123 33.470669  0.000000 0.308640 0.951179  0.112382 0.691410 0
0  -21.851645 -3.139038 33.567661  0.000000 0.308640 0.951179  0.127014 0.689607 0
0  -21.674311 -2.840123 33.470669  0.000000 0.308640 0.951179  0.129314 0.691410 0
ConsolePanelLoadingBay
0  -22.979786 -2.840123 33.470669  0.000000 0.308640 0.951179  0.112382 0.691410 0
0  -22.802452 -3.139038 33.567661  0.000000 0.308640 0.951179  0.114682 0.689607 0
0  -21.851645 -3.139038 33.567661  0.000000 0.308640 0.951179  0.127014 0.689607 0
ConsolePanelLoadingBay
0  -21.674311 -3.871064 32.574070  0.835231 -0.360863 0.414931  0.129314 0.676190 0
0  -21.851645 -3.139038 33.567661  0.835229 -0.360863 0.414933  0.127014 0.689607 0
0  -21.851645 -3.925653 32.883553  0.835231 -0.360863 0.414930  0.127014 0.677993 0
ConsolePanelLoadingBay
0  -21.674311 -3.871064 32.574070  0.835231 -0.360863 0.414931  0.129314 0.676190 0
0  -21.674311 -2.840123 33.470669  0.835229 -0.360863 0.414934  0.129314 0.691410 0
0  -21.851645 -3.139038 33.567661  0.835229 -0.360863 0.414933  0.127014 0.689607 0
ConsolePanelLoadingBay
0  -22.979786 -3.871064 32.574070  -0.835229 -0.360863 0.414934  0.112382 0.676190 0
0  -22.802452 -3.139038 33.567661  -0.835229 -0.360863 0.414934  0.114682 0.689607 0
0  -22.979786 -2.840123 33.470669  -0.835229 -0.360863 0.414934  0.112382 0.691410 0
ConsolePanelLoadingBay
0  -22.979786 -3.871064 32.574070  -0.835231 -0.360863 0.414930  0.112382 0.676190 0
0  -22.802452 -3.925653 32.883553  -0.835231 -0.360863 0.414930  0.114682 0.677993 0
0  -22.802452 -3.139038 33.567661  -0.835231 -0.360863 0.414930  0.114682 0.689607 0
ConsolePanelLoadingBay
0  -22.979786 -3.871064 32.574070  0.000000 -0.984797 -0.173707  0.112382 0.676190 0
0  -21.851645 -3.925653 32.883553  0.000000 -0.984797 -0.173708  0.127014 0.677993 0
0  -22.802452 -3.925653 32.883553  0.000000 -0.984798 -0.173706  0.114682 0.677993 0
ConsolePanelLoadingBay
0  -22.979786 -3.871064 32.574070  0.000000 -0.984797 -0.173707  0.112382 0.676190 0
0  -21.674311 -3.871064 32.574070  0.000000 -0.984797 -0.173708  0.129314 0.676190 0
0  -21.851645 -3.925653 32.883553  0.000000 -0.984797 -0.173708  0.127014 0.677993 0
ConsolePanelLoadingBay
0  -22.802452 -3.925653 32.883553  0.000000 -0.656231 0.754560  0.114682 0.677993 0
0  -21.851645 -3.139038 33.567661  0.000000 -0.656231 0.754560  0.127014 0.689607 0
0  -22.802452 -3.139038 33.567661  0.000000 -0.656230 0.754561  0.114682 0.689607 0
ConsolePanelLoadingBay
0  -22.802452 -3.925653 32.883553  0.000000 -0.656231 0.754560  0.114682 0.677993 0
0  -21.851645 -3.925653 32.883553  0.000000 -0.656232 0.754559  0.127014 0.677993 0
0  -21.851645 -3.139038 33.567661  0.000000 -0.656231 0.754560  0.127014 0.689607 0
ConsolePanelLoadingBay
0  -24.609793 -2.840123 33.470669  0.000000 0.308641 0.951179  0.091241 0.691410 0
0  -23.481651 -3.139038 33.567661  0.000000 0.308641 0.951179  0.105873 0.689607 0
0  -23.304317 -2.840123 33.470669  0.000000 0.308641 0.951179  0.108173 0.691410 0
ConsolePanelLoadingBay
0  -24.609793 -2.840123 33.470669  0.000000 0.308639 0.951179  0.091241 0.691410 0
0  -24.432459 -3.139038 33.567661  0.000000 0.308639 0.951179  0.093541 0.689607 0
0  -23.481651 -3.139038 33.567661  0.000000 0.308639 0.951179  0.105873 0.689607 0
ConsolePanelLoadingBay
0  -23.304317 -3.871064 32.574070  0.835231 -0.360861 0.414931  0.108173 0.676190 0
0  -23.481651 -3.139038 33.567661  0.835228 -0.360868 0.414932  0.105873 0.689607 0
0  -23.481651 -3.925653 32.883553  0.835233 -0.360858 0.414931  0.105873 0.677993 0
ConsolePanelLoadingBay
0  -23.304317 -3.871064 32.574070  0.835231 -0.360861 0.414931  0.108173 0.676190 0
0  -23.304317 -2.840123 33.470669  0.835227 -0.360870 0.414932  0.108173 0.691410 0
0  -23.481651 -3.139038 33.567661  0.835228 -0.360868 0.414932  0.105873 0.689607 0
ConsolePanelLoadingBay
0  -24.609793 -3.871064 32.574070  -0.835229 -0.360864 0.414934  0.091241 0.676190 0
0  -24.432459 -3.139038 33.567661  -0.835229 -0.360864 0.414934  0.093541 0.689607 0
0  -24.609793 -2.840123 33.470669  -0.835229 -0.360864 0.414934  0.091241 0.691410 0
ConsolePanelLoadingBay
0  -24.609793 -3.871064 32.574070  -0.835233 -0.360858 0.414931  0.091241 0.676190 0
0  -24.432459 -3.925653 32.883553  -0.835233 -0.360858 0.414931  0.093541 0.677993 0
0  -24.432459 -3.139038 33.567661  -0.835233 -0.360858 0.414931  0.093541 0.689607 0
ConsolePanelLoadingBay
0  -24.609793 -3.871064 32.574070  0.000000 -0.984797 -0.173707  0.091241 0.676190 0
0  -23.481651 -3.925653 32.883553  0.000000 -0.984797 -0.173707  0.105873 0.677993 0
0  -24.432459 -3.925653 32.883553  0.000000 -0.984797 -0.173707  0.093541 0.677993 0
ConsolePanelLoadingBay
0  -24.609793 -3.871064 32.574070  0.000000 -0.984797 -0.173707  0.091241 0.676190 0
0  -23.304317 -3.871064 32.574070  0.000000 -0.984797 -0.173707  0.108173 0.676190 0
0  -23.481651 -3.925653 32.883553  0.000000 -0.984797 -0.173707  0.105873 0.677993 0
ConsolePanelLoadingBay
0  -24.432459 -3.925653 32.883553  0.000000 -0.656231 0.754560  0.093541 0.677993 0
0  -23.481651 -3.139038 33.567661  0.000000 -0.656231 0.754560  0.105873 0.689607 0
0  -24.432459 -3.139038 33.567661  0.000000 -0.656231 0.754560  0.093541 0.689607 0
ConsolePanelLoadingBay
0  -24.432459 -3.925653 32.883553  0.000000 -0.656231 0.754560  0.093541 0.677993 0
0  -23.481651 -3.925653 32.883553  0.000000 -0.656231 0.754560  0.105873 0.677993 0
0  -23.481651 -3.139038 33.567661  0.000000 -0.656231 0.754560  0.105873 0.689607 0
ConsolePanelLoadingBay
0  0.446639 -3.310555 33.362705  -0.706309 0.568266 0.422139  0.536184 0.451467 0
0  3.522130 -3.572819 33.871696  0.382662 0.697138 0.606274  0.564954 0.451467 0
0  3.522130 -3.212673 33.457588  0.382680 0.697123 0.606280  0.564954 0.451467 0
ConsolePanelLoadingBay
0  0.446639 -3.310555 33.362705  -0.706309 0.568266 0.422139  0.536184 0.451467 0
0  0.664744 -3.572819 33.871696  -0.382639 0.697169 0.606253  0.536184 0.451467 0
0  3.522130 -3.572819 33.871696  0.382662 0.697138 0.606274  0.564954 0.451467 0
ConsolePanelLoadingBay
0  0.664744 -3.572819 33.871696  -0.382639 0.697169 0.606253  0.566917 0.442921 0
0  0.446639 -3.310555 33.362705  -0.706309 0.568266 0.422139  0.568520 0.441843 0
0  0.310555 -3.840075 33.639267  -0.923903 0.288764 0.251033  0.566917 0.440765 0
ConsolePanelLoadingBay
0  0.310555 -5.761094 31.241253  -0.923880 -0.288761 -0.251125  0.568520 0.422358 0
0  0.310555 -3.840075 33.639267  -0.923903 0.288764 0.251033  0.566917 0.440765 0
0  0.446639 -3.310555 33.362705  -0.706309 0.568266 0.422139  0.568520 0.441843 0
ConsolePanelLoadingBay
0  0.310555 -5.761094 31.241253  -0.923880 -0.288761 -0.251125  0.568520 0.422358 0
0  0.310555 -6.121239 31.655363  -0.923875 -0.288766 -0.251136  0.566917 0.422358 0
0  0.310555 -3.840075 33.639267  -0.923903 0.288764 0.251033  0.566917 0.440765 0
ConsolePanelLoadingBay
0  0.310555 -6.121239 31.655363  -0.923875 -0.288766 -0.251136  0.566917 0.422358 0
0  0.310555 -5.761094 31.241253  -0.923880 -0.288761 -0.251125  0.568520 0.422358 0
0  0.664744 -6.028349 31.008825  -0.382696 -0.697119 -0.606275  0.568520 0.420201 0
ConsolePanelLoadingBay
0  0.310555 -6.121239 31.655363  -0.923875 -0.288766 -0.251136  0.566917 0.422358 0
0  0.664744 -6.028349 31.008825  -0.382696 -0.697119 -0.606275  0.568520 0.420201 0
0  0.664744 -6.388494 31.422934  -0.382681 -0.697123 -0.606279  0.566917 0.420201 0
ConsolePanelLoadingBay
0  6.110535 3.767378 39.596176  0.017165 -0.528303 0.848883  0.523088 0.356865 0
0  5.709466 3.866180 39.648640  -0.411876 0.166347 0.895928  0.517394 0.358838 0
0  5.989677 3.442380 39.396355  0.017163 -0.528305 0.848881  0.521949 0.350948 0
ConsolePanelLoadingBay
0  5.709466 3.866180 39.648640  -0.411968 0.166339 0.895887  0.517394 0.358838 0
0  5.603311 3.546408 39.404003  -0.145795 -0.599277 0.787154  0.516255 0.352920 0
0  5.989677 3.442380 39.396355  -0.145797 -0.599275 0.787155  0.521949 0.350948 0
ConsolePanelLoadingBay
0  -27.862875 2.804009 38.719513  0.188037 -0.490692 0.850802  0.047999 0.721853 0
0  -29.378263 3.277642 39.131424  0.000001 -0.431934 0.901905  0.030381 0.729151 0
0  -28.715294 1.589464 38.215279  0.150874 -0.600665 0.785136  0.038086 0.707427 0
ConsolePanelLoadingBay
0  -29.378263 3.277642 39.131424  0.000001 -0.431934 0.901905  0.030381 0.729151 0
0  -30.026506 1.078781 37.976822  -0.157923 -0.696303 0.700159  0.022677 0.701044 0
0  -28.715294 1.589464 38.215279  0.150874 -0.600665 0.785136  0.038086 0.707427 0
ConsolePanelLoadingBay
0  -29.378263 3.277642 39.131424  0.000001 -0.431934 0.901905  0.030381 0.729151 0
0  -30.893652 2.804008 38.719513  -0.188048 -0.490692 0.850799  0.012764 0.721853 0
0  -30.026506 1.078781 37.976822  -0.157923 -0.696303 0.700159  0.022677 0.701044 0
ConsolePanelLoadingBay
0  -30.893652 2.804008 38.719513  -0.188048 -0.490692 0.850799  0.012764 0.721853 0
0  -31.521345 1.660558 37.725067  -0.265991 -0.632590 0.727378  0.005466 0.704235 0
0  -30.026506 1.078781 37.976822  -0.157923 -0.696303 0.700159  0.022677 0.701044 0
ConsolePanelLoadingBay
0  -31.521345 1.660558 37.725067  -0.265991 -0.632590 0.727378  0.005466 0.704235 0
0  -30.893652 0.517107 36.730621  -0.188096 -0.774523 0.603932  0.012764 0.686618 0
0  -30.026506 1.078781 37.976822  -0.157923 -0.696303 0.700159  0.022677 0.701044 0
ConsolePanelLoadingBay
0  -30.893652 0.517107 36.730621  -0.188096 -0.774523 0.603932  0.012764 0.686618 0
0  -29.378263 0.043474 36.318707  0.000029 -0.833258 0.552884  0.030381 0.679320 0
0  -30.026506 1.078781 37.976822  -0.157923 -0.696303 0.700159  0.022677 0.701044 0
ConsolePanelLoadingBay
0  -29.378263 0.043474 36.318707  0.000029 -0.833258 0.552884  0.030381 0.679320 0
0  -28.715294 1.589464 38.215279  0.150874 -0.600665 0.785136  0.038086 0.707427 0
0  -30.026506 1.078781 37.976822  -0.157923 -0.696303 0.700159  0.022677 0.701044 0
ConsolePanelLoadingBay
0  -29.378263 0.043474 36.318707  0.000029 -0.833258 0.552884  0.030381 0.679320 0
0  -27.862875 0.517107 36.730621  0.188038 -0.774488 0.603996  0.047999 0.686618 0
0  -28.715294 1.589464 38.215279  0.150874 -0.600665 0.785136  0.038086 0.707427 0
ConsolePanelLoadingBay
0  -27.862875 0.517107 36.730621  0.188038 -0.774488 0.603996  0.047999 0.686618 0
0  -27.235180 1.660558 37.725067  0.265927 -0.632584 0.727406  0.055297 0.704235 0
0  -28.715294 1.589464 38.215279  0.150874 -0.600665 0.785136  0.038086 0.707427 0
ConsolePanelLoadingBay
0  -27.235180 1.660558 37.725067  0.265927 -0.632584 0.727406  0.055297 0.704235 0
0  -27.862875 2.804009 38.719513  0.188037 -0.490692 0.850802  0.047999 0.721853 0
0  -28.715294 1.589464 38.215279  0.150874 -0.600665 0.785136  0.038086 0.707427 0
ConsolePanelLoadingBay
0  -30.797903 -7.508352 29.770922  0.017107 -0.528294 0.848889  0.523088 0.356865 0
0  -31.198973 -7.409552 29.823383  -0.411888 0.166346 0.895923  0.517394 0.358838 0
0  -30.918760 -7.833352 29.571098  0.017106 -0.528297 0.848888  0.521949 0.350948 0
ConsolePanelLoadingBay
0  -31.198973 -7.409552 29.823383  -0.411956 0.166330 0.895894  0.517394 0.358838 0
0  -31.305128 -7.729322 29.578747  -0.145777 -0.599280 0.787155  0.516255 0.352920 0
0  -30.918760 -7.833352 29.571098  -0.145780 -0.599279 0.787155  0.521949 0.350948 0
ConsolePanelLoadingBay
0  -6.911884 0.124413 46.619682  0.000088 0.999814 -0.019278  0.525821 0.732944 0
0  -7.055824 -0.350259 48.073280  0.000033 0.477757 0.878492  0.623967 0.780440 0
0  -6.396839 -0.036358 47.902557  0.000051 0.826143 0.563460  0.517692 0.779648 0
ConsolePanelLoadingBay
0  -7.055824 -0.350259 48.073280  0.000033 0.477757 0.878492  0.623967 0.780440 0
0  -5.688650 -0.350347 48.103680  -0.019110 0.508359 0.860933  0.678137 0.786481 0
0  -6.396839 -0.036358 47.902557  0.000051 0.826143 0.563460  0.632349 0.788708 0
ConsolePanelLoadingBay
0  -31.014940 3.819005 39.630268  -0.046248 -0.608395 0.792286  0.520241 0.357851 0
0  -31.305128 3.546407 39.404003  -0.046248 -0.608395 0.792286  0.516255 0.352920 0
0  -30.881540 3.443985 39.350075  -0.046248 -0.608395 0.792286  0.521949 0.350948 0
ConsolePanelLoadingBay
0  0.664744 -6.028349 31.008825  -0.382696 -0.697119 -0.606275  0.536184 0.416055 0
0  3.522130 -6.388494 31.422934  0.382697 -0.697118 -0.606275  0.564954 0.416055 0
0  0.664744 -6.388494 31.422934  -0.382681 -0.697123 -0.606279  0.536184 0.416055 0
ConsolePanelLoadingBay
0  0.664744 -6.028349 31.008825  -0.382696 -0.697119 -0.606275  0.536184 0.416055 0
0  3.522130 -6.028349 31.008825  0.382684 -0.697122 -0.606279  0.564954 0.416055 0
0  3.522130 -6.388494 31.422934  0.382697 -0.697118 -0.606275  0.564954 0.416055 0
ConsolePanelLoadingBay
0  1.490600 -6.674088 32.039852  0.000000 -0.656231 0.754560  0.545997 0.425696 0
0  2.566053 -4.490772 33.938656  0.000000 -0.656231 0.754560  0.555289 0.441320 0
0  1.490600 -4.490772 33.938656  0.000000 -0.656231 0.754560  0.545997 0.441320 0
ConsolePanelLoadingBay
0  1.490600 -6.674088 32.039852  0.000000 -0.656231 0.754560  0.545997 0.425696 0
0  2.566053 -6.674088 32.039852  0.000000 -0.656231 0.754560  0.555289 0.425696 0
0  2.566053 -4.490772 33.938656  0.000000 -0.656231 0.754560  0.555289 0.441320 0
ConsolePanelLoadingBay
0  1.490600 -6.243391 31.544621  0.000000 -0.754560 -0.656232  0.540009 0.426073 0
0  2.566053 -6.674088 32.039852  0.000000 -0.754560 -0.656231  0.558596 0.426073 0
0  1.490600 -6.674088 32.039852  0.000000 -0.754559 -0.656232  0.540009 0.426073 0
ConsolePanelLoadingBay
0  1.490600 -6.243391 31.544621  0.000000 -0.754560 -0.656232  0.540009 0.426073 0
0  2.566053 -6.243391 31.544621  0.000000 -0.754560 -0.656231  0.558596 0.426073 0
0  2.566053 -6.674088 32.039852  0.000000 -0.754560 -0.656231  0.558596 0.426073 0
ConsolePanelLoadingBay
0  1.490600 -6.243391 31.544621  -1.000000 -0.000000 0.000000  0.544065 0.425429 0
0  1.490600 -4.490772 33.938656  -1.000000 -0.000000 0.000000  0.540157 0.442656 0
0  1.490600 -4.060075 33.443424  -1.000000 -0.000000 0.000000  0.544065 0.442656 0
ConsolePanelLoadingBay
0  1.490600 -6.243391 31.544621  -1.000000 0.000000 0.000000  0.544065 0.425429 0
0  1.490600 -6.674088 32.039852  -1.000000 0.000000 0.000000  0.540157 0.425429 0
0  1.490600 -4.490772 33.938656  -1.000000 0.000000 0.000000  0.540157 0.442656 0
ConsolePanelLoadingBay
0  2.566053 -6.243391 31.544621  1.000000 0.000000 0.000000  0.544065 0.425429 0
0  2.566053 -4.490772 33.938656  1.000000 0.000000 0.000000  0.540157 0.442656 0
0  2.566053 -6.674088 32.039852  1.000000 0.000000 0.000000  0.540157 0.425429 0
ConsolePanelLoadingBay
0  2.566053 -6.243391 31.544621  1.000000 0.000000 0.000000  0.544065 0.425429 0
0  2.566053 -4.060075 33.443424  1.000000 0.000000 0.000000  0.544065 0.442656 0
0  2.566053 -4.490772 33.938656  1.000000 0.000000 0.000000  0.540157 0.442656 0
ConsolePanelLoadingBay
0  1.878263 -3.596177 33.846870  0.000000 0.754562 0.656229  0.540009 0.444487 0
0  2.178390 -3.814888 34.098354  0.000000 0.754562 0.656229  0.558596 0.444487 0
0  2.178390 -3.596177 33.846870  0.000000 0.754562 0.656229  0.558596 0.444487 0
ConsolePanelLoadingBay
0  1.878263 -3.596177 33.846870  0.000000 0.754562 0.656229  0.540009 0.444487 0
0  1.878263 -3.814888 34.098354  0.000000 0.754563 0.656228  0.540009 0.444487 0
0  2.178390 -3.814888 34.098354  0.000000 0.754562 0.656229  0.558596 0.444487 0
ConsolePanelLoadingBay
0  2.566053 -4.060075 33.443424  0.000000 0.656231 -0.754560  0.558596 0.444487 0
0  1.878263 -3.596177 33.846870  0.000000 0.656231 -0.754560  0.540009 0.444487 0
0  2.178390 -3.596177 33.846870  0.000000 0.656231 -0.754560  0.558596 0.444487 0
ConsolePanelLoadingBay
0  2.566053 -4.060075 33.443424  0.000000 0.656231 -0.754560  0.558596 0.444487 0
0  1.490600 -4.060075 33.443424  0.000000 0.656231 -0.754560  0.540009 0.444487 0
0  1.878263 -3.596177 33.846870  0.000000 0.656231 -0.754560  0.540009 0.444487 0
ConsolePanelLoadingBay
0  1.490600 -4.060075 33.443424  -0.845877 0.402466 0.350019  0.544065 0.442656 0
0  1.878263 -3.814888 34.098354  -0.845876 0.402467 0.350019  0.542081 0.446316 0
0  1.878263 -3.596177 33.846870  -0.845875 0.402470 0.350020  0.544065 0.446316 0
ConsolePanelLoadingBay
0  1.490600 -4.060075 33.443424  -0.845877 0.402466 0.350019  0.544065 0.442656 0
0  1.490600 -4.490772 33.938656  -0.845878 0.402464 0.350019  0.540157 0.442656 0
0  1.878263 -3.814888 34.098354  -0.845876 0.402467 0.350019  0.542081 0.446316 0
ConsolePanelLoadingBay
0  1.490600 -4.490772 33.938656  0.000000 -0.229949 0.973203  0.545997 0.441320 0
0  2.178390 -3.814888 34.098354  0.000000 -0.229949 0.973203  0.555289 0.441320 0
0  1.878263 -3.814888 34.098354  0.000000 -0.229949 0.973203  0.545997 0.441320 0
ConsolePanelLoadingBay
0  1.490600 -4.490772 33.938656  0.000000 -0.229949 0.973203  0.545997 0.441320 0
0  2.566053 -4.490772 33.938656  0.000000 -0.229949 0.973203  0.555289 0.441320 0
0  2.178390 -3.814888 34.098354  0.000000 -0.229949 0.973203  0.555289 0.441320 0
ConsolePanelLoadingBay
0  2.566053 -4.490772 33.938656  0.845877 0.402465 0.350019  0.540157 0.442656 0
0  2.178390 -3.596177 33.846870  0.845879 0.402464 0.350017  0.544065 0.446316 0
0  2.178390 -3.814888 34.098354  0.845881 0.402461 0.350014  0.542081 0.446316 0
ConsolePanelLoadingBay
0  2.566053 -4.490772 33.938656  0.845877 0.402465 0.350019  0.540157 0.442656 0
0  2.566053 -4.060075 33.443424  0.845876 0.402467 0.350020  0.544065 0.442656 0
0  2.178390 -3.596177 33.846870  0.845879 0.402464 0.350017  0.544065 0.446316 0
ConsolePanelLoadingBay
0  0.664744 2.929648 38.783333  -0.382685 0.697122 0.606278  0.536184 0.451467 0
0  3.522130 2.569503 39.197441  0.382683 0.697122 0.606279  0.564954 0.451467 0
0  3.522130 2.929648 38.783333  0.382692 0.697120 0.606276  0.564954 0.451467 0
ConsolePanelLoadingBay
0  0.664744 2.929648 38.783333  -0.382685 0.697122 0.606278  0.536184 0.451467 0
0  0.664744 2.569503 39.197441  -0.382691 0.697120 0.606277  0.536184 0.451467 0
0  3.522130 2.569503 39.197441  0.382683 0.697122 0.606279  0.564954 0.451467 0
ConsolePanelLoadingBay
0  0.446639 0.221513 36.418350  -0.706307 -0.496924 -0.504179  0.536184 0.416055 0
0  3.522130 -0.246173 36.748684  0.382690 -0.697124 -0.606272  0.564954 0.416055 0
0  0.664744 -0.246173 36.748684  -0.382637 -0.697103 -0.606331  0.536184 0.416055 0
ConsolePanelLoadingBay
0  0.446639 0.221513 36.418350  -0.706307 -0.496924 -0.504179  0.536184 0.416055 0
0  3.522130 0.113972 36.334576  0.382673 -0.697125 -0.606282  0.564954 0.416055 0
0  3.522130 -0.246173 36.748684  0.382690 -0.697124 -0.606272  0.564954 0.416055 0
ConsolePanelLoadingBay
0  1.490600 -0.531766 37.365601  0.000000 -0.656232 0.754560  0.545544 0.425260 0
0  2.566053 1.651549 39.264404  0.000000 -0.656232 0.754560  0.555528 0.442047 0
0  1.490600 1.651549 39.264404  0.000000 -0.656232 0.754560  0.545544 0.442047 0
ConsolePanelLoadingBay
0  1.490600 -0.531766 37.365601  0.000000 -0.656232 0.754560  0.545544 0.425260 0
0  2.566053 -0.531766 37.365601  0.000000 -0.656232 0.754560  0.555528 0.425260 0
0  2.566053 1.651549 39.264404  0.000000 -0.656232 0.754560  0.555528 0.442047 0
ConsolePanelLoadingBay
0  1.490600 -0.101069 36.870369  0.000000 -0.754560 -0.656231  0.540218 0.425280 0
0  2.566053 -0.531766 37.365601  0.000000 -0.754560 -0.656231  0.560189 0.425280 0
0  1.490600 -0.531766 37.365601  0.000000 -0.754560 -0.656231  0.540218 0.425280 0
ConsolePanelLoadingBay
0  1.490600 -0.101069 36.870369  0.000000 -0.754560 -0.656231  0.540218 0.425280 0
0  2.566053 -0.101069 36.870369  0.000000 -0.754560 -0.656232  0.560189 0.425280 0
0  2.566053 -0.531766 37.365601  0.000000 -0.754560 -0.656231  0.560189 0.425280 0
ConsolePanelLoadingBay
0  1.490600 -0.101069 36.870369  -1.000000 -0.000000 0.000000  0.559529 0.425126 0
0  1.490600 1.651549 39.264404  -1.000000 -0.000000 0.000000  0.555454 0.443094 0
0  1.490600 2.082246 38.769173  -1.000000 -0.000000 0.000000  0.559529 0.443094 0
ConsolePanelLoadingBay
0  1.490600 -0.101069 36.870369  -1.000000 0.000000 0.000000  0.559529 0.425126 0
0  1.490600 -0.531766 37.365601  -1.000000 0.000000 0.000000  0.555454 0.425126 0
0  1.490600 1.651549 39.264404  -1.000000 0.000000 0.000000  0.555454 0.443094 0
ConsolePanelLoadingBay
0  2.566053 -0.101069 36.870369  1.000000 0.000000 0.000000  0.559529 0.425126 0
0  2.566053 1.651549 39.264404  1.000000 0.000000 0.000000  0.555454 0.443094 0
0  2.566053 -0.531766 37.365601  1.000000 0.000000 0.000000  0.555454 0.425126 0
ConsolePanelLoadingBay
0  2.566053 -0.101069 36.870369  1.000000 0.000000 0.000000  0.559529 0.425126 0
0  2.566053 2.082246 38.769173  1.000000 0.000000 0.000000  0.559529 0.443094 0
0  2.566053 1.651549 39.264404  1.000000 0.000000 0.000000  0.555454 0.443094 0
ConsolePanelLoadingBay
0  1.878263 2.546145 39.172623  0.000000 0.754557 0.656235  0.540218 0.445066 0
0  2.178390 2.327434 39.424103  0.000000 0.754557 0.656235  0.560189 0.445066 0
0  2.178390 2.546145 39.172623  0.000000 0.754557 0.656235  0.560189 0.445066 0
ConsolePanelLoadingBay
0  1.878263 2.546145 39.172623  0.000000 0.754557 0.656235  0.540218 0.445066 0
0  1.878263 2.327434 39.424103  0.000000 0.754557 0.656235  0.540218 0.445066 0
0  2.178390 2.327434 39.424103  0.000000 0.754557 0.656235  0.560189 0.445066 0
ConsolePanelLoadingBay
0  -3.759856 1.888653 38.436867  0.000000 0.966157 0.257955  0.880982 0.533925 0
0  -8.963360 1.674662 39.238358  0.000000 0.966157 0.257956  0.862958 0.647469 0
0  -3.759856 1.674662 39.238358  0.000000 0.966157 0.257955  0.862958 0.533925 0
ConsolePanelLoadingBay
0  -3.759856 1.888653 38.436867  0.000000 0.966157 0.257955  0.880982 0.533925 0
0  -8.963360 1.888653 38.436867  0.000000 0.966157 0.257956  0.880982 0.647469 0
0  -8.963360 1.674662 39.238358  0.000000 0.966157 0.257956  0.862958 0.647469 0
ConsolePanelLoadingBay
0  -9.490641 -4.071084 36.845669  -0.000036 -0.440437 0.897783  0.700520 0.277809 0
0  -3.232575 -8.128223 32.186554  0.000000 -0.754146 0.656707  0.837075 0.128161 0
0  -3.232575 -4.071084 36.845669  0.000002 -0.440481 0.897762  0.837075 0.277809 0
ConsolePanelLoadingBay
0  -9.490641 -4.071084 36.845669  -0.000036 -0.440437 0.897783  0.700520 0.277809 0
0  -9.490641 -8.128223 32.186554  0.000000 -0.754146 0.656707  0.700520 0.128161 0
0  -3.232575 -8.128223 32.186554  0.000000 -0.754146 0.656707  0.837075 0.128161 0
ConsolePanelLoadingBay
0  -9.490641 2.410442 38.576180  -0.000004 -0.257955 0.966157  0.700520 0.427874 0
0  -9.490641 -4.071084 36.845669  -0.000036 -0.440437 0.897783  0.700520 0.277809 0
0  -8.963360 -3.549295 36.984982  0.000003 -0.257955 0.966157  0.712005 0.289915 0
ConsolePanelLoadingBay
0  -9.490641 -4.071084 36.845669  -0.000036 -0.440437 0.897783  0.700520 0.277809 0
0  -3.759856 -3.549295 36.984982  0.000005 -0.257955 0.966157  0.825587 0.289915 0
0  -8.963360 -3.549295 36.984982  0.000003 -0.257955 0.966157  0.712005 0.289915 0
ConsolePanelLoadingBay
0  -9.490641 -4.071084 36.845669  -0.000036 -0.440437 0.897783  0.700520 0.277809 0
0  -3.232575 -4.071084 36.845669  0.000002 -0.440481 0.897762  0.837075 0.277809 0
0  -3.759856 -3.549295 36.984982  0.000005 -0.257955 0.966157  0.825587 0.289915 0
ConsolePanelLoadingBay
0  -3.232575 -4.071084 36.845669  0.000002 -0.440481 0.897762  0.837075 0.277809 0
0  -3.759856 1.888653 38.436867  -0.000005 -0.257955 0.966157  0.825587 0.415779 0
0  -3.759856 -3.549295 36.984982  0.000005 -0.257955 0.966157  0.825587 0.289915 0
ConsolePanelLoadingBay
0  -3.232575 -4.071084 36.845669  0.000002 -0.440481 0.897762  0.837075 0.277809 0
0  -3.232575 2.410442 38.576180  -0.000005 -0.257955 0.966157  0.837075 0.427874 0
0  -3.759856 1.888653 38.436867  -0.000005 -0.257955 0.966157  0.825587 0.415779 0
ConsolePanelLoadingBay
0  -3.232575 2.410442 38.576180  -0.000005 -0.257955 0.966157  0.837075 0.427874 0
0  -8.963360 1.888653 38.436867  -0.000005 -0.257955 0.966157  0.712005 0.415779 0
0  -3.759856 1.888653 38.436867  -0.000005 -0.257955 0.966157  0.825587 0.415779 0
ConsolePanelLoadingBay
0  -3.232575 2.410442 38.576180  -0.000005 -0.257955 0.966157  0.837075 0.427874 0
0  -9.490641 2.410442 38.576180  -0.000004 -0.257955 0.966157  0.700520 0.427874 0
0  -8.963360 1.888653 38.436867  -0.000005 -0.257955 0.966157  0.712005 0.415779 0
ConsolePanelLoadingBay
0  -9.490641 2.410442 38.576180  -0.000004 -0.257955 0.966157  0.700520 0.427874 0
0  -8.963360 -3.549295 36.984982  0.000003 -0.257955 0.966157  0.712005 0.289915 0
0  -8.963360 1.888653 38.436867  -0.000005 -0.257955 0.966157  0.712005 0.415779 0
ConsolePanelLoadingBay
0  -8.963360 -3.549295 36.984982  0.000000 -0.966156 -0.257957  0.863286 0.399977 0
0  -3.759856 -3.763286 37.786472  0.000000 -0.966157 -0.257955  0.881311 0.286433 0
0  -8.963360 -3.763287 37.786472  0.000000 -0.966156 -0.257957  0.881311 0.399977 0
ConsolePanelLoadingBay
0  -8.963360 -3.549295 36.984982  0.000000 -0.966156 -0.257957  0.863286 0.399977 0
0  -3.759856 -3.549295 36.984982  0.000000 -0.966157 -0.257955  0.863286 0.286433 0
0  -3.759856 -3.763286 37.786472  0.000000 -0.966157 -0.257955  0.881311 0.286433 0
ConsolePanelLoadingBay
0  -3.759856 -3.549295 36.984982  1.000000 0.000000 0.000000  0.881237 0.399951 0
0  -3.759856 1.674662 39.238358  1.000000 0.000000 0.000000  0.862958 0.533925 0
0  -3.759856 -3.763286 37.786472  1.000000 0.000000 0.000000  0.863213 0.399951 0
ConsolePanelLoadingBay
0  -3.759856 -3.549295 36.984982  1.000000 0.000000 0.000000  0.881237 0.399951 0
0  -3.759856 1.888653 38.436867  1.000000 0.000000 0.000000  0.880982 0.533925 0
0  -3.759856 1.674662 39.238358  1.000000 0.000000 0.000000  0.862958 0.533925 0
ConsolePanelLoadingBay
0  0.310555 -6.121239 31.655363  -0.000000 -0.656232 0.754559  0.532617 0.419416 0
0  0.664744 -3.572819 33.871696  -0.000004 -0.656232 0.754559  0.536184 0.451467 0
0  0.310555 -3.840075 33.639267  -0.000012 -0.656232 0.754559  0.532617 0.448106 0
ConsolePanelLoadingBay
0  0.310555 -6.121239 31.655363  -0.000000 -0.656232 0.754559  0.532617 0.419416 0
0  3.522130 -3.572819 33.871696  0.000004 -0.656232 0.754559  0.564954 0.451467 0
0  0.664744 -3.572819 33.871696  -0.000004 -0.656232 0.754559  0.536184 0.451467 0
ConsolePanelLoadingBay
0  0.310555 -6.121239 31.655363  -0.000000 -0.656232 0.754559  0.532617 0.419416 0
0  3.876318 -3.840075 33.639267  0.000004 -0.656232 0.754559  0.568521 0.448106 0
0  3.522130 -3.572819 33.871696  0.000004 -0.656232 0.754559  0.564954 0.451467 0
ConsolePanelLoadingBay
0  0.310555 -6.121239 31.655363  -0.000000 -0.656232 0.754559  0.532617 0.419416 0
0  3.876318 -6.121239 31.655363  0.000000 -0.656233 0.754559  0.568521 0.419416 0
0  3.876318 -3.840075 33.639267  0.000004 -0.656232 0.754559  0.568521 0.448106 0
ConsolePanelLoadingBay
0  0.310555 -6.121239 31.655363  -0.000000 -0.656232 0.754559  0.532617 0.419416 0
0  3.522130 -6.388494 31.422934  0.000000 -0.656235 0.754557  0.564954 0.416055 0
0  3.876318 -6.121239 31.655363  0.000000 -0.656233 0.754559  0.568521 0.419416 0
ConsolePanelLoadingBay
0  0.310555 -6.121239 31.655363  -0.000000 -0.656232 0.754559  0.532617 0.419416 0
0  0.664744 -6.388494 31.422934  0.000000 -0.656232 0.754559  0.536184 0.416055 0
0  3.522130 -6.388494 31.422934  0.000000 -0.656235 0.754557  0.564954 0.416055 0
ConsolePanelLoadingBay
0  9.779420 -9.594355 36.391666  1.000000 0.000000 -0.000000  0.908078 0.006875 0
0  9.779420 -4.448181 44.566231  0.923960 -0.287007 -0.252833  0.977124 0.225290 0
0  9.779421 -11.400393 38.441818  1.000000 0.000001 -0.000000  0.977124 0.006875 0
ConsolePanelLoadingBay
0  9.779420 -9.594355 36.391666  1.000000 0.000000 -0.000000  0.908078 0.006875 0
0  9.779420 -2.642141 42.516075  0.923961 -0.287006 -0.252832  0.908078 0.225290 0
0  9.779420 -4.448181 44.566231  0.923960 -0.287007 -0.252833  0.977124 0.225290 0
ConsolePanelLoadingBay
0  9.779420 -2.642141 42.516075  0.923961 -0.287006 -0.252832  0.908078 0.225290 0
0  11.338402 -3.277334 45.597664  0.382896 -0.693184 -0.610645  0.977124 0.273501 0
0  9.779420 -4.448181 44.566231  0.923960 -0.287007 -0.252833  0.977124 0.225290 0
ConsolePanelLoadingBay
0  9.779420 -2.642141 42.516075  0.923961 -0.287006 -0.252832  0.908078 0.225290 0
0  11.338402 -1.471295 43.547508  0.382896 -0.693184 -0.610644  0.908078 0.273501 0
0  11.338402 -3.277334 45.597664  0.382896 -0.693184 -0.610645  0.977124 0.273501 0
ConsolePanelLoadingBay
0  11.338402 -1.471295 43.547508  0.382896 -0.693184 -0.610644  0.908078 0.273501 0
0  20.988022 -3.277334 45.597664  -0.381131 -0.693731 -0.611128  0.977124 0.509001 0
0  11.338402 -3.277334 45.597664  0.382896 -0.693184 -0.610645  0.977124 0.273501 0
ConsolePanelLoadingBay
0  11.338402 -1.471295 43.547508  0.382896 -0.693184 -0.610644  0.908078 0.273501 0
0  20.988022 -1.471294 43.547508  -0.381130 -0.693731 -0.611128  0.908078 0.509001 0
0  20.988022 -3.277334 45.597664  -0.381131 -0.693731 -0.611128  0.977124 0.509001 0
ConsolePanelLoadingBay
0  20.988022 -1.471294 43.547508  -0.381130 -0.693731 -0.611128  0.908078 0.509001 0
0  22.558969 -4.448180 44.566231  -0.923228 -0.288331 -0.253999  0.977124 0.557274 0
0  20.988022 -3.277334 45.597664  -0.381131 -0.693731 -0.611128  0.977124 0.509001 0
ConsolePanelLoadingBay
0  20.988022 -1.471294 43.547508  -0.381130 -0.693731 -0.611128  0.908078 0.509001 0
0  22.558969 -2.642140 42.516075  -0.923228 -0.288331 -0.253999  0.908078 0.557274 0
0  22.558969 -4.448180 44.566231  -0.923228 -0.288331 -0.253999  0.977124 0.557274 0
ConsolePanelLoadingBay
0  22.558969 -2.642140 42.516075  -0.923228 -0.288331 -0.253999  0.908078 0.557274 0
0  22.558969 -11.400392 38.441818  -1.000000 0.000000 0.000000  0.977124 0.775134 0
0  22.558969 -4.448180 44.566231  -0.923228 -0.288331 -0.253999  0.977124 0.557274 0
ConsolePanelLoadingBay
0  22.558969 -2.642140 42.516075  -0.923228 -0.288331 -0.253999  0.908078 0.557274 0
0  22.558969 -9.594354 36.391666  -1.000000 0.000001 0.000000  0.908078 0.775134 0
0  22.558969 -11.400392 38.441818  -1.000000 0.000000 0.000000  0.977124 0.775134 0
ConsolePanelLoadingBay
0  31.273594 -0.454304 44.502296  -0.028164 -0.515936 0.856164  0.523088 0.356865 0
0  30.815252 -0.518648 44.448448  -0.028164 -0.515936 0.856164  0.516824 0.355879 0
0  31.152737 -0.779302 44.302475  -0.028164 -0.515936 0.856164  0.521949 0.350948 0
ConsolePanelLoadingBay
0  -7.897322 1.229013 39.966087  -0.260671 0.223566 0.939185  0.527589 0.523855 0
0  -8.206197 -1.492199 40.111191  -0.567637 -0.205730 0.797159  0.581070 0.547746 0
0  -7.311154 0.036334 40.496220  -0.284199 0.269715 0.920046  0.530399 0.547746 0
ConsolePanelLoadingBay
0  -7.897322 1.229013 39.966087  -0.260671 0.223566 0.939185  0.527589 0.523855 0
0  -9.397805 -1.287206 39.315712  -0.521328 -0.213560 0.826202  0.577089 0.523855 0
0  -8.206197 -1.492199 40.111191  -0.567637 -0.205730 0.797159  0.581070 0.547746 0
ConsolePanelLoadingBay
0  -9.397805 -1.287206 39.315712  -0.521328 -0.213560 0.826202  0.577089 0.523855 0
0  -7.312337 -3.017583 39.704651  -0.284054 -0.681492 0.674450  0.623967 0.547746 0
0  -8.206197 -1.492199 40.111191  -0.567637 -0.205730 0.797159  0.581070 0.547746 0
ConsolePanelLoadingBay
0  -9.397805 -1.287206 39.315712  -0.521328 -0.213560 0.826202  0.577089 0.523855 0
0  -7.897322 -3.803425 38.665337  -0.260666 -0.650684 0.713207  0.623967 0.523855 0
0  -7.312337 -3.017583 39.704651  -0.284054 -0.681492 0.674450  0.623967 0.547746 0
ConsolePanelLoadingBay
0  -7.897322 -3.803425 38.665337  -0.260666 -0.650684 0.713207  0.623967 0.523855 0
0  -5.487206 -3.021302 39.703903  0.282768 -0.681143 0.675342  0.678137 0.546315 0
0  -7.312337 -3.017583 39.704651  -0.284054 -0.681492 0.674450  0.623967 0.547746 0
ConsolePanelLoadingBay
0  -7.897322 -3.803425 38.665337  -0.260666 -0.650684 0.713207  0.623967 0.523855 0
0  -4.896356 -3.803425 38.665337  0.260666 -0.650662 0.713226  0.678137 0.523497 0
0  -5.487206 -3.021302 39.703903  0.282768 -0.681143 0.675342  0.678137 0.546315 0
ConsolePanelLoadingBay
0  -4.896356 -3.803425 38.665337  0.260666 -0.650662 0.713226  0.678137 0.523497 0
0  -4.562336 -1.486674 40.088512  0.565838 -0.206309 0.798288  0.702866 0.547746 0
0  -5.487206 -3.021302 39.703903  0.282768 -0.681143 0.675342  0.678137 0.546315 0
ConsolePanelLoadingBay
0  -4.896356 -3.803425 38.665337  0.260666 -0.650662 0.713226  0.678137 0.523497 0
0  -3.395873 -1.287206 39.315712  0.521329 -0.213546 0.826204  0.706847 0.523855 0
0  -4.562336 -1.486674 40.088512  0.565838 -0.206309 0.798288  0.702866 0.547746 0
ConsolePanelLoadingBay
0  -3.395873 -1.287206 39.315712  0.521329 -0.213546 0.826204  0.706847 0.523855 0
0  -5.488486 0.040073 40.496857  0.282823 0.268797 0.920739  0.753537 0.547746 0
0  -4.562336 -1.486674 40.088512  0.565838 -0.206309 0.798288  0.702866 0.547746 0
ConsolePanelLoadingBay
0  -3.395873 -1.287206 39.315712  0.521329 -0.213546 0.826204  0.706847 0.523855 0
0  -4.896356 1.229013 39.966087  0.260655 0.223561 0.939191  0.756347 0.523855 0
0  -5.488486 0.040073 40.496857  0.282823 0.268797 0.920739  0.753537 0.547746 0
ConsolePanelLoadingBay
0  -4.896356 1.229013 39.966087  0.260655 0.223561 0.939191  0.756347 0.523855 0
0  -7.311154 0.036334 40.496220  -0.284199 0.269715 0.920046  0.812571 0.547746 0
0  -5.488486 0.040073 40.496857  0.282823 0.268797 0.920739  0.753537 0.547746 0
ConsolePanelLoadingBay
0  -4.896356 1.229013 39.966087  0.260655 0.223561 0.939191  0.756347 0.523855 0
0  -7.897322 1.229013 39.966087  -0.260671 0.223566 0.939185  0.809762 0.523855 0
0  -7.311154 0.036334 40.496220  -0.284199 0.269715 0.920046  0.812571 0.547746 0
ConsolePanelLoadingBay
0  -7.311154 0.036334 40.496220  -0.449623 0.640857 0.622207  0.530399 0.547746 0
0  -7.739645 -1.749934 41.105942  -0.405178 -0.228814 0.885141  0.583825 0.581402 0
0  -7.068242 -0.624031 41.396957  -0.202560 0.110954 0.972964  0.532731 0.581402 0
ConsolePanelLoadingBay
0  -7.311154 0.036334 40.496220  -0.449623 0.640857 0.622207  0.530399 0.547746 0
0  -8.206197 -1.492199 40.111191  -0.908793 -0.093730 0.406584  0.581070 0.547746 0
0  -7.739645 -1.749934 41.105942  -0.405178 -0.228814 0.885141  0.583825 0.581402 0
ConsolePanelLoadingBay
0  -8.206197 -1.492199 40.111191  -0.908793 -0.093730 0.406584  0.581070 0.547746 0
0  -7.098953 -2.934259 40.845955  -0.469604 -0.865452 0.174541  0.623967 0.581402 0
0  -7.739645 -1.749934 41.105942  -0.405178 -0.228814 0.885141  0.583825 0.581402 0
ConsolePanelLoadingBay
0  -8.206197 -1.492199 40.111191  -0.908793 -0.093730 0.406584  0.581070 0.547746 0
0  -7.312337 -3.017583 39.704651  -0.469612 -0.865449 0.174535  0.623967 0.547746 0
0  -7.098953 -2.934259 40.845955  -0.469604 -0.865452 0.174541  0.623967 0.581402 0
ConsolePanelLoadingBay
0  -7.312337 -3.017583 39.704651  -0.469612 -0.865449 0.174535  0.623967 0.547746 0
0  -5.685718 -2.920532 40.861580  0.469512 -0.866084 0.171629  0.678137 0.577467 0
0  -7.098953 -2.934259 40.845955  -0.469604 -0.865452 0.174541  0.623967 0.581402 0
ConsolePanelLoadingBay
0  -7.312337 -3.017583 39.704651  -0.469612 -0.865449 0.174535  0.623967 0.547746 0
0  -5.487206 -3.021302 39.703903  0.469370 -0.866166 0.171605  0.678137 0.546315 0
0  -5.685718 -2.920532 40.861580  0.469512 -0.866084 0.171629  0.678137 0.577467 0
ConsolePanelLoadingBay
0  -5.487206 -3.021302 39.703903  0.469370 -0.866166 0.171605  0.678137 0.546315 0
0  -5.054033 -1.749934 41.105942  0.405376 -0.228768 0.885062  0.709768 0.580329 0
0  -5.685718 -2.920532 40.861580  0.469512 -0.866084 0.171629  0.678137 0.577467 0
ConsolePanelLoadingBay
0  -5.487206 -3.021302 39.703903  0.469370 -0.866166 0.171605  0.678137 0.546315 0
0  -4.562336 -1.486674 40.088512  0.912953 -0.093637 0.397177  0.702866 0.547746 0
0  -5.054033 -1.749934 41.105942  0.405376 -0.228768 0.885062  0.709768 0.580329 0
ConsolePanelLoadingBay
0  -4.562336 -1.486674 40.088512  0.912953 -0.093637 0.397177  0.702866 0.547746 0
0  -5.725436 -0.624031 41.396957  0.202590 0.111084 0.972943  0.751205 0.581402 0
0  -5.054033 -1.749934 41.105942  0.405376 -0.228768 0.885062  0.709768 0.580329 0
ConsolePanelLoadingBay
0  -4.562336 -1.486674 40.088512  0.912953 -0.093637 0.397177  0.702866 0.547746 0
0  -5.488486 0.040073 40.496857  0.445451 0.648295 0.617484  0.753537 0.547746 0
0  -5.725436 -0.624031 41.396957  0.202590 0.111084 0.972943  0.751205 0.581402 0
ConsolePanelLoadingBay
0  -5.488486 0.040073 40.496857  0.445451 0.648295 0.617484  0.753537 0.547746 0
0  -7.068242 -0.624031 41.396957  -0.202560 0.110954 0.972964  0.814904 0.581402 0
0  -5.725436 -0.624031 41.396957  0.202590 0.111084 0.972943  0.751205 0.581402 0
ConsolePanelLoadingBay
0  -5.488486 0.040073 40.496857  0.445451 0.648295 0.617484  0.753537 0.547746 0
0  -7.311154 0.036334 40.496220  -0.449623 0.640857 0.622207  0.812571 0.547746 0
0  -7.068242 -0.624031 41.396957  -0.202560 0.110954 0.972964  0.814904 0.581402 0
ConsolePanelLoadingBay
0  -5.054033 -1.749934 41.105942  0.405376 -0.228768 0.885062  0.709768 0.580329 0
0  -5.725436 -0.624031 41.396957  0.202590 0.111084 0.972943  0.751205 0.581402 0
0  -5.685718 -2.920532 40.861580  0.034078 -0.221817 0.974492  0.678137 0.577467 0
ConsolePanelLoadingBay
0  7.617671 -11.730035 34.677040  -0.029580 -0.601139 0.798597  0.523088 0.356865 0
0  7.165854 -11.780686 34.622177  -0.029580 -0.601139 0.798597  0.516824 0.355879 0
0  7.503455 -12.066748 34.419350  -0.029580 -0.601139 0.798597  0.521949 0.350948 0
ConsolePanelLoadingBay
0  -7.459138 0.699949 38.980164  -0.342092 0.756182 -0.557819  0.529138 0.498267 0
0  -9.397805 -1.287206 39.315712  -0.684191 0.182518 -0.706094  0.577089 0.523855 0
0  -7.897322 1.229013 39.966087  -0.342087 0.756185 -0.557818  0.527589 0.523855 0
ConsolePanelLoadingBay
0  -7.459138 0.699949 38.980164  -0.342092 0.756182 -0.557819  0.529138 0.498267 0
0  -8.521437 -1.081462 38.519714  -0.684191 0.182512 -0.706097  0.579383 0.498267 0
0  -9.397805 -1.287206 39.315712  -0.684191 0.182518 -0.706094  0.577089 0.523855 0
ConsolePanelLoadingBay
0  -8.521437 -1.081462 38.519714  -0.684191 0.182512 -0.706097  0.579383 0.498267 0
0  -7.897322 -3.803425 38.665337  -0.342105 -0.391161 -0.854375  0.623967 0.523855 0
0  -9.397805 -1.287206 39.315712  -0.684191 0.182518 -0.706094  0.577089 0.523855 0
ConsolePanelLoadingBay
0  -8.521437 -1.081462 38.519714  -0.684191 0.182512 -0.706097  0.579383 0.498267 0
0  -7.459138 -2.862873 38.059265  -0.342098 -0.391164 -0.854376  0.623967 0.498267 0
0  -7.897322 -3.803425 38.665337  -0.342105 -0.391161 -0.854375  0.623967 0.523855 0
ConsolePanelLoadingBay
0  -7.459138 -2.862873 38.059265  -0.342098 -0.391164 -0.854376  0.623967 0.498267 0
0  -4.896356 -3.803425 38.665337  0.342089 -0.391171 -0.854377  0.678137 0.523497 0
0  -7.897322 -3.803425 38.665337  -0.342105 -0.391161 -0.854375  0.623967 0.523855 0
ConsolePanelLoadingBay
0  -7.459138 -2.862873 38.059265  -0.342098 -0.391164 -0.854376  0.623967 0.498267 0
0  -5.334540 -2.862873 38.059265  0.342093 -0.391168 -0.854377  0.678137 0.498267 0
0  -4.896356 -3.803425 38.665337  0.342089 -0.391171 -0.854377  0.678137 0.523497 0
ConsolePanelLoadingBay
0  -5.334540 -2.862873 38.059265  0.342093 -0.391168 -0.854377  0.678137 0.498267 0
0  -3.395873 -1.287206 39.315712  0.684192 0.182497 -0.706099  0.706847 0.523855 0
0  -4.896356 -3.803425 38.665337  0.342089 -0.391171 -0.854377  0.678137 0.523497 0
ConsolePanelLoadingBay
0  -5.334540 -2.862873 38.059265  0.342093 -0.391168 -0.854377  0.678137 0.498267 0
0  -4.272241 -1.081462 38.519714  0.684191 0.182503 -0.706099  0.704553 0.498267 0
0  -3.395873 -1.287206 39.315712  0.684192 0.182497 -0.706099  0.706847 0.523855 0
ConsolePanelLoadingBay
0  -4.272241 -1.081462 38.519714  0.684191 0.182503 -0.706099  0.704553 0.498267 0
0  -4.896356 1.229013 39.966087  0.342103 0.756175 -0.557821  0.756347 0.523855 0
0  -3.395873 -1.287206 39.315712  0.684192 0.182497 -0.706099  0.706847 0.523855 0
ConsolePanelLoadingBay
0  -4.272241 -1.081462 38.519714  0.684191 0.182503 -0.706099  0.704553 0.498267 0
0  -5.334540 0.699949 38.980164  0.342096 0.756179 -0.557821  0.754798 0.498267 0
0  -4.896356 1.229013 39.966087  0.342103 0.756175 -0.557821  0.756347 0.523855 0
ConsolePanelLoadingBay
0  -5.334540 0.699949 38.980164  0.342096 0.756179 -0.557821  0.754798 0.498267 0
0  -7.897322 1.229013 39.966087  -0.342087 0.756185 -0.557818  0.809762 0.523855 0
0  -4.896356 1.229013 39.966087  0.342103 0.756175 -0.557821  0.756347 0.523855 0
ConsolePanelLoadingBay
0  -5.334540 0.699949 38.980164  0.342096 0.756179 -0.557821  0.754798 0.498267 0
0  -7.459138 0.699949 38.980164  -0.342092 0.756182 -0.557819  0.811311 0.498267 0
0  -7.897322 1.229013 39.966087  -0.342087 0.756185 -0.557818  0.809762 0.523855 0
ConsolePanelLoadingBay
0  -3.232575 -4.071084 36.845669  1.000000 0.000000 0.000000  0.837200 0.907484 0
0  -3.232575 2.669593 38.257248  1.000000 0.000000 0.000000  0.688083 0.829549 0
0  -3.232575 2.410442 38.576180  1.000000 0.000000 0.000000  0.688723 0.839005 0
ConsolePanelLoadingBay
0  -3.232575 -4.071084 36.845669  1.000000 0.000000 0.000000  0.837200 0.907484 0
0  -3.232575 -1.957830 34.281219  1.000000 0.000000 0.000000  0.831485 0.831000 0
0  -3.232575 2.669593 38.257248  1.000000 0.000000 0.000000  0.688083 0.829549 0
ConsolePanelLoadingBay
0  -3.232575 -1.957830 34.281219  1.000000 0.000000 0.000000  0.831485 0.831000 0
0  -3.232575 -4.071084 36.845669  1.000000 0.000000 0.000000  0.837200 0.907484 0
0  -3.232575 -8.128223 32.186554  1.000000 0.000000 0.000000  0.978938 0.888450 0
ConsolePanelLoadingBay
0  -3.232575 -1.957830 34.281219  1.000000 0.000000 0.000000  0.831485 0.831000 0
0  -3.232575 -8.128223 32.186554  1.000000 0.000000 0.000000  0.978938 0.888450 0
0  -3.232575 -6.611533 30.216600  1.000000 0.000000 0.000000  0.976602 0.831316 0
ConsolePanelLoadingBay
0  0.310555 0.021083 36.981113  -0.000000 -0.656231 0.754560  0.532617 0.419416 0
0  0.664744 2.569503 39.197441  -0.000005 -0.656231 0.754560  0.536184 0.451467 0
0  0.310555 2.302247 38.965012  -0.000018 -0.656231 0.754560  0.532617 0.448106 0
ConsolePanelLoadingBay
0  0.310555 0.021083 36.981113  -0.000000 -0.656231 0.754560  0.532617 0.419416 0
0  3.522130 2.569503 39.197441  0.000005 -0.656231 0.754560  0.564954 0.451467 0
0  0.664744 2.569503 39.197441  -0.000005 -0.656231 0.754560  0.536184 0.451467 0
ConsolePanelLoadingBay
0  0.310555 0.021083 36.981113  -0.000000 -0.656231 0.754560  0.532617 0.419416 0
0  3.876318 2.302247 38.965012  0.000005 -0.656231 0.754560  0.568521 0.448106 0
0  3.522130 2.569503 39.197441  0.000005 -0.656231 0.754560  0.564954 0.451467 0
ConsolePanelLoadingBay
0  0.310555 0.021083 36.981113  -0.000000 -0.656231 0.754560  0.532617 0.419416 0
0  3.876318 0.021083 36.981113  0.000000 -0.656231 0.754560  0.568521 0.419416 0
0  3.876318 2.302247 38.965012  0.000005 -0.656231 0.754560  0.568521 0.448106 0
ConsolePanelLoadingBay
0  0.310555 0.021083 36.981113  -0.000000 -0.656231 0.754560  0.532617 0.419416 0
0  3.522130 -0.246173 36.748684  0.000000 -0.656232 0.754559  0.564954 0.416055 0
0  3.876318 0.021083 36.981113  0.000000 -0.656231 0.754560  0.568521 0.419416 0
ConsolePanelLoadingBay
0  0.310555 0.021083 36.981113  -0.000000 -0.656231 0.754560  0.532617 0.419416 0
0  0.664744 -0.246173 36.748684  0.000000 -0.656232 0.754559  0.536184 0.416055 0
0  3.522130 -0.246173 36.748684  0.000000 -0.656232 0.754559  0.564954 0.416055 0
ConsolePanelLoadingBay
0  -9.490641 -1.957830 34.281219  -1.000000 -0.000000 0.000000  0.513263 0.829356 0
0  -9.490641 2.410442 38.576180  -1.000000 -0.000001 0.000000  0.370501 0.837361 0
0  -9.490641 2.669593 38.257248  -1.000000 -0.000002 0.000000  0.369861 0.827905 0
ConsolePanelLoadingBay
0  -9.490641 -1.957830 34.281219  -1.000000 -0.000000 0.000000  0.513263 0.829356 0
0  -9.490641 -4.071084 36.845669  -1.000000 0.000000 0.000000  0.518979 0.905840 0
0  -9.490641 2.410442 38.576180  -1.000000 -0.000001 0.000000  0.370501 0.837361 0
ConsolePanelLoadingBay
0  -9.490641 -1.957830 34.281219  -1.000000 -0.000000 0.000000  0.513263 0.829356 0
0  -9.490641 -8.128223 32.186554  -1.000000 -0.000000 0.000000  0.660716 0.886806 0
0  -9.490641 -4.071084 36.845669  -1.000000 0.000000 0.000000  0.518979 0.905840 0
ConsolePanelLoadingBay
0  -9.490641 -1.957830 34.281219  -1.000000 -0.000000 0.000000  0.513263 0.829356 0
0  -9.490641 -6.611534 30.216600  -1.000000 -0.000000 0.000000  0.658380 0.829672 0
0  -9.490641 -8.128223 32.186554  -1.000000 -0.000000 0.000000  0.660716 0.886806 0
ConsolePanelLoadingBay
0  0.664744 2.569503 39.197441  -0.382691 0.697120 0.606277  0.532869 0.447638 0
0  0.664744 2.929648 38.783333  -0.382685 0.697122 0.606278  0.534592 0.447638 0
0  0.310555 2.662392 38.550903  -0.923873 0.288768 0.251141  0.534592 0.445321 0
ConsolePanelLoadingBay
0  0.664744 2.569503 39.197441  -0.382691 0.697120 0.606277  0.532869 0.447638 0
0  0.310555 2.662392 38.550903  -0.923873 0.288768 0.251141  0.534592 0.445321 0
0  0.310555 2.302247 38.965012  -0.923877 0.288759 0.251137  0.532869 0.445321 0
ConsolePanelLoadingBay
0  0.446639 0.221513 36.418350  -0.706307 -0.496924 -0.504179  0.534592 0.424385 0
0  0.310555 2.302247 38.965012  -0.923877 0.288759 0.251137  0.532869 0.445321 0
0  0.310555 2.662392 38.550903  -0.923873 0.288768 0.251141  0.534592 0.445321 0
ConsolePanelLoadingBay
0  0.446639 0.221513 36.418350  -0.706307 -0.496924 -0.504179  0.534592 0.424385 0
0  0.310555 0.021083 36.981113  -0.923900 -0.288686 -0.251134  0.532869 0.425544 0
0  0.310555 2.302247 38.965012  -0.923877 0.288759 0.251137  0.532869 0.445321 0
ConsolePanelLoadingBay
0  0.310555 0.021083 36.981113  -0.923900 -0.288686 -0.251134  0.532869 0.425544 0
0  0.446639 0.221513 36.418350  -0.706307 -0.496924 -0.504179  0.534592 0.424385 0
0  0.664744 -0.246173 36.748684  -0.382637 -0.697103 -0.606331  0.532869 0.423227 0
ConsolePanelLoadingBay
0  -26.892857 -7.090187 30.123138  -0.000974 -0.659579 0.751635  0.061952 0.628989 0
0  -26.892857 2.938496 38.844963  -0.000978 -0.659581 0.751633  0.061933 0.783091 0
0  -31.562456 4.145752 39.894901  -0.000968 -0.659522 0.751685  0.001623 0.801636 0
ConsolePanelLoadingBay
0  -31.562456 4.145752 39.894901  -0.000968 -0.659522 0.751685  0.001623 0.801636 0
0  -26.892857 2.938496 38.844963  -0.000978 -0.659581 0.751633  0.061933 0.783091 0
0  -2.142043 2.938497 38.844963  0.000681 -0.656518 0.754310  0.381586 0.783123 0
ConsolePanelLoadingBay
0  -2.142043 2.938497 38.844963  0.000681 -0.656518 0.754310  0.381586 0.783123 0
0  6.685173 4.145754 39.894901  0.000382 -0.656645 0.754200  0.495586 0.801685 0
0  -31.562456 4.145752 39.894901  -0.000968 -0.659522 0.751685  0.001623 0.801636 0
ConsolePanelLoadingBay
0  -2.142043 2.938497 38.844963  0.000681 -0.656518 0.754310  0.381586 0.783123 0
0  6.693663 -8.039357 29.278767  -0.000966 -0.659559 0.751652  0.495718 0.614303 0
0  6.685173 4.145754 39.894901  0.000382 -0.656645 0.754200  0.495586 0.801685 0
ConsolePanelLoadingBay
0  -2.142043 2.938497 38.844963  0.000681 -0.656518 0.754310  0.381586 0.783123 0
0  -2.142043 -7.090186 30.123138  -0.000926 -0.659635 0.751586  0.381605 0.629021 0
0  6.693663 -8.039357 29.278767  -0.000966 -0.659559 0.751652  0.495718 0.614303 0
ConsolePanelLoadingBay
0  -26.892857 -7.090187 30.123138  -0.000974 -0.659579 0.751635  0.061952 0.628989 0
0  6.693663 -8.039357 29.278767  -0.000966 -0.659559 0.751652  0.495718 0.614303 0
0  -2.142043 -7.090186 30.123138  -0.000926 -0.659635 0.751586  0.381605 0.629021 0
ConsolePanelLoadingBay
0  -26.892857 -7.090187 30.123138  -0.000974 -0.659579 0.751635  0.061952 0.628989 0
0  -31.562456 -8.039358 29.278767  -0.001036 -0.659509 0.751696  0.001647 0.614254 0
0  6.693663 -8.039357 29.278767  -0.000966 -0.659559 0.751652  0.495718 0.614303 0
ConsolePanelLoadingBay
0  -26.892857 -7.090187 30.123138  -0.000974 -0.659579 0.751635  0.061952 0.628989 0
0  -31.562456 4.145752 39.894901  -0.000968 -0.659522 0.751685  0.001623 0.801636 0
0  -31.562456 -8.039358 29.278767  -0.001036 -0.659509 0.751696  0.001647 0.614254 0
ConsolePanelLoadingBay
0  3.876318 0.381228 36.567005  0.923874 -0.288767 -0.251137  0.534592 0.425544 0
0  3.522130 -0.246173 36.748684  0.382690 -0.697124 -0.606272  0.532869 0.423227 0
0  3.522130 0.113972 36.334576  0.382673 -0.697125 -0.606282  0.534592 0.423227 0
ConsolePanelLoadingBay
0  3.876318 0.381228 36.567005  0.923874 -0.288767 -0.251137  0.534592 0.425544 0
0  3.876318 0.021083 36.981113  0.923880 -0.288758 -0.251129  0.532869 0.425544 0
0  3.522130 -0.246173 36.748684  0.382690 -0.697124 -0.606272  0.532869 0.423227 0
ConsolePanelLoadingBay
0  3.876318 0.381228 36.567005  0.923874 -0.288767 -0.251137  0.534592 0.425544 0
0  3.876318 2.302247 38.965012  0.923873 0.288769 0.251139  0.532869 0.445321 0
0  3.876318 0.021083 36.981113  0.923880 -0.288758 -0.251129  0.532869 0.425544 0
ConsolePanelLoadingBay
0  3.876318 0.381228 36.567005  0.923874 -0.288767 -0.251137  0.534592 0.425544 0
0  3.876318 2.662392 38.550903  0.923880 0.288758 0.251128  0.534592 0.445321 0
0  3.876318 2.302247 38.965012  0.923873 0.288769 0.251139  0.532869 0.445321 0
ConsolePanelLoadingBay
0  3.522130 2.929648 38.783333  0.382692 0.697120 0.606276  0.534592 0.447638 0
0  3.876318 2.302247 38.965012  0.923873 0.288769 0.251139  0.532869 0.445321 0
0  3.876318 2.662392 38.550903  0.923880 0.288758 0.251128  0.534592 0.445321 0
ConsolePanelLoadingBay
0  3.522130 2.929648 38.783333  0.382692 0.697120 0.606276  0.534592 0.447638 0
0  3.522130 2.569503 39.197441  0.382683 0.697122 0.606279  0.532869 0.447638 0
0  3.876318 2.302247 38.965012  0.923873 0.288769 0.251139  0.532869 0.445321 0
ConsolePanelLoadingBay
0  3.876318 -5.761094 31.241253  0.923873 -0.288769 -0.251138  0.568520 0.422358 0
0  3.522130 -6.388494 31.422934  0.382697 -0.697118 -0.606275  0.566917 0.420201 0
0  3.522130 -6.028349 31.008825  0.382684 -0.697122 -0.606279  0.568520 0.420201 0
ConsolePanelLoadingBay
0  3.876318 -5.761094 31.241253  0.923873 -0.288769 -0.251138  0.568520 0.422358 0
0  3.876318 -6.121239 31.655363  0.923879 -0.288759 -0.251129  0.566917 0.422358 0
0  3.522130 -6.388494 31.422934  0.382697 -0.697118 -0.606275  0.566917 0.420201 0
ConsolePanelLoadingBay
0  3.876318 -5.761094 31.241253  0.923873 -0.288769 -0.251138  0.568520 0.422358 0
0  3.876318 -3.840075 33.639267  0.923874 0.288768 0.251139  0.566917 0.440765 0
0  3.876318 -6.121239 31.655363  0.923879 -0.288759 -0.251129  0.566917 0.422358 0
ConsolePanelLoadingBay
0  3.876318 -5.761094 31.241253  0.923873 -0.288769 -0.251138  0.568520 0.422358 0
0  3.876318 -3.479929 33.225159  0.923880 0.288757 0.251129  0.568520 0.440765 0
0  3.876318 -3.840075 33.639267  0.923874 0.288768 0.251139  0.566917 0.440765 0
ConsolePanelLoadingBay
0  3.522130 -3.212673 33.457588  0.382680 0.697123 0.606280  0.568520 0.442921 0
0  3.876318 -3.840075 33.639267  0.923874 0.288768 0.251139  0.566917 0.440765 0
0  3.876318 -3.479929 33.225159  0.923880 0.288757 0.251129  0.568520 0.440765 0
ConsolePanelLoadingBay
0  3.522130 -3.212673 33.457588  0.382680 0.697123 0.606280  0.568520 0.442921 0
0  3.522130 -3.572819 33.871696  0.382662 0.697138 0.606274  0.566917 0.442921 0
0  3.876318 -3.840075 33.639267  0.923874 0.288768 0.251139  0.566917 0.440765 0
ConsolePanelLoadingBay
0  6.685173 4.145754 39.894901  -0.000000 0.000000 1.000000  0.198895 0.606907 0
0  -31.562456 8.045530 39.894901  -0.000000 0.000000 1.000000  0.498013 0.560706 0
0  -31.562456 4.145752 39.894901  0.000000 0.000000 1.000000  0.498013 0.606907 0
ConsolePanelLoadingBay
0  6.685173 4.145754 39.894901  -0.000000 0.000000 1.000000  0.198895 0.606907 0
0  31.707117 8.045532 39.894901  -0.000000 0.000000 1.000000  0.003209 0.560706 0
0  -31.562456 8.045530 39.894901  -0.000000 0.000000 1.000000  0.498013 0.560706 0
ConsolePanelLoadingBay
0  6.685173 4.145754 39.894901  -0.000000 0.000000 1.000000  0.198895 0.606907 0
0  31.707117 4.145755 39.894901  0.000000 0.000000 1.000000  0.003209 0.606907 0
0  31.707117 8.045532 39.894901  -0.000000 0.000000 1.000000  0.003209 0.560706 0
ConsolePanelLoadingBay
0  -31.791149 7.909286 0.001322  -1.000000 0.000127 -0.000755  0.505119 0.003748 0
0  -31.815548 4.222676 39.711563  -1.000000 0.000193 -0.000596  0.534900 0.324501 0
0  -31.815548 7.909285 39.711563  -1.000000 0.000000 -0.000614  0.505120 0.324505 0
ConsolePanelLoadingBay
0  -31.791149 7.909286 0.001322  -1.000000 0.000127 -0.000755  0.505119 0.003748 0
0  -31.815548 -7.868246 29.163876  -1.000000 0.000388 -0.000627  0.631232 0.239292 0
0  -31.815548 4.222676 39.711563  -1.000000 0.000193 -0.000596  0.534900 0.324501 0
ConsolePanelLoadingBay
0  -31.791149 7.909286 0.001322  -1.000000 0.000127 -0.000755  0.505119 0.003748 0
0  -31.791149 -7.876826 0.001322  -1.000000 0.000000 -0.000837  0.631300 0.003734 0
0  -31.815548 -7.868246 29.163876  -1.000000 0.000388 -0.000627  0.631232 0.239292 0
ConsolePanelLoadingBay
0  31.951651 7.909287 39.711563  1.000000 -0.000000 0.000000  0.505120 0.324505 0
0  31.951651 -7.876823 0.001322  1.000000 -0.000000 0.000000  0.631300 0.003734 0
0  31.951651 7.909289 0.001322  1.000000 0.000000 0.000000  0.505119 0.003748 0
ConsolePanelLoadingBay
0  31.951651 7.909287 39.711563  1.000000 -0.000000 0.000000  0.505120 0.324505 0
0  31.951651 -7.868243 29.163876  1.000000 -0.000001 0.000000  0.631232 0.239292 0
0  31.951651 -7.876823 0.001322  1.000000 -0.000000 0.000000  0.631300 0.003734 0
ConsolePanelLoadingBay
0  31.951651 7.909287 39.711563  1.000000 -0.000000 0.000000  0.505120 0.324505 0
0  31.951651 4.222679 39.711563  1.000000 0.000000 0.000000  0.534900 0.324501 0
0  31.951651 -7.868243 29.163876  1.000000 -0.000001 0.000000  0.631232 0.239292 0
ConsolePanelLoadingBay
0  6.873425 -0.252215 44.656425  -0.382689 -0.607040 0.696456  0.007232 0.992497 0
0  31.518963 -12.153598 34.287483  -0.000000 -0.656897 0.753981  0.295072 0.808145 0
0  31.518963 -0.252214 44.656425  -0.000000 -0.656897 0.753981  0.295072 0.992497 0
ConsolePanelLoadingBay
0  6.873425 -0.252215 44.656425  -0.382689 -0.607040 0.696456  0.007232 0.992497 0
0  6.881718 -12.153599 34.287483  -0.270599 -0.811000 0.518705  0.007329 0.808145 0
0  31.518963 -12.153598 34.287483  -0.000000 -0.656897 0.753981  0.295072 0.808145 0
ConsolePanelLoadingBay
0  6.685173 0.013247 44.638161  -0.923891 -0.251727 0.288199  0.005034 0.994695 0
0  6.881718 -12.153599 34.287483  -0.270599 -0.811000 0.518705  0.007329 0.808145 0
0  6.873425 -0.252215 44.656425  -0.382689 -0.607040 0.696456  0.007232 0.992497 0
ConsolePanelLoadingBay
0  6.685173 0.013247 44.638161  -0.923891 -0.251727 0.288199  0.005034 0.994695 0
0  6.693663 -12.171866 34.022022  -0.733619 -0.628594 0.258210  0.005133 0.805947 0
0  6.881718 -12.153599 34.287483  -0.270599 -0.811000 0.518705  0.007329 0.808145 0
ConsolePanelLoadingBay
0  6.693663 -12.171866 34.022022  -0.733619 -0.628594 0.258210  0.005133 0.805947 0
0  31.518963 -12.153598 34.287483  0.408242 -0.844169 0.347443  0.295072 0.808145 0
0  6.881718 -12.153599 34.287483  -0.270599 -0.811000 0.518705  0.007329 0.808145 0
ConsolePanelLoadingBay
0  6.693663 -12.171866 34.022022  -0.733619 -0.628594 0.258210  0.005133 0.805947 0
0  31.707117 -12.171865 34.022022  0.408243 -0.844168 0.347444  0.297269 0.805947 0
0  31.518963 -12.153598 34.287483  0.408242 -0.844169 0.347443  0.295072 0.808145 0
ConsolePanelLoadingBay
0  31.707117 -12.171865 34.022022  0.408243 -0.844168 0.347444  0.297269 0.805947 0
0  31.518963 -0.252214 44.656425  0.707098 -0.464501 0.533153  0.295072 0.992497 0
0  31.518963 -12.153598 34.287483  0.408242 -0.844169 0.347443  0.295072 0.808145 0
ConsolePanelLoadingBay
0  31.707117 -12.171865 34.022022  0.408243 -0.844168 0.347444  0.297269 0.805947 0
0  31.707117 0.013248 44.638161  0.707098 -0.464501 0.533153  0.297269 0.994695 0
0  31.518963 -0.252214 44.656425  0.707098 -0.464501 0.533153  0.295072 0.992497 0
ConsolePanelLoadingBay
0  -31.562456 -8.044420 0.001322  0.000000 -1.000000 0.000173  0.002243 0.002623 0
0  6.693663 -8.039357 29.278767  0.000000 -1.000000 0.000173  0.300505 0.279089 0
0  -31.562456 -8.039358 29.278767  0.000000 -1.000000 0.000173  0.002243 0.279089 0
ConsolePanelLoadingBay
0  -31.562456 -8.044420 0.001322  0.000000 -1.000000 0.000173  0.002243 0.002623 0
0  31.707117 -8.039356 29.278767  0.000000 -1.000000 0.000173  0.496511 0.279089 0
0  6.693663 -8.039357 29.278767  0.000000 -1.000000 0.000173  0.300505 0.279089 0
ConsolePanelLoadingBay
0  -31.562456 -8.044420 0.001322  0.000000 -1.000000 0.000173  0.002243 0.002623 0
0  31.707117 -8.044418 0.001322  0.000000 -1.000000 0.000173  0.496511 0.002623 0
0  31.707117 -8.039356 29.278767  0.000000 -1.000000 0.000173  0.496511 0.279089 0
end
