version 1
nodes
0 "Implicit" -1
end
skeleton
time 0
0  0.000000 0.000000 0.000000  0.000000 -0.000000 0.000000
end
triangles
ConsolePanelLoadingBay
0  3.522130 0.113972 36.334572  0.369770 -0.701088 -0.609710  0.564954 0.416055 1 0 1.000000
0  0.664744 -0.246173 36.748680  -0.369770 -0.701059 -0.609744  0.536184 0.416055 1 0 1.000000
0  0.664744 0.113972 36.334572  -0.369770 -0.701091 -0.609707  0.536184 0.416055 1 0 1.000000
ConsolePanelLoadingBay
0  0.664744 0.113972 36.334572  -0.395518 -0.693051 -0.602700  0.534592 0.423227 1 0 1.000000
0  0.310555 0.021083 36.981110  -0.923897 -0.288731 -0.251094  0.532869 0.425544 1 0 1.000000
0  0.310555 0.381228 36.567001  -0.923878 -0.288759 -0.251130  0.534592 0.425544 1 0 1.000000
ConsolePanelLoadingBay
0  0.310555 0.021083 36.981110  -0.923897 -0.288731 -0.251094  0.532869 0.425544 1 0 1.000000
0  0.310555 2.662392 38.550903  -0.923873 0.288769 0.251139  0.534592 0.445321 1 0 1.000000
0  0.310555 0.381228 36.567001  -0.923878 -0.288759 -0.251130  0.534592 0.425544 1 0 1.000000
ConsolePanelLoadingBay
0  2.566053 -0.101069 36.870369  0.000000 -0.754560 -0.656231  0.560189 0.425280 1 0 1.000000
0  1.490600 -0.531766 37.365601  0.000000 -0.754560 -0.656231  0.540218 0.425280 1 0 1.000000
0  1.490600 -0.101069 36.870369  0.000000 -0.754560 -0.656231  0.540218 0.425280 1 0 1.000000
ConsolePanelLoadingBay
0  3.522130 2.569503 39.197441  0.395519 0.693043 0.602708  0.532869 0.447638 1 0 1.000000
0  3.876318 2.662392 38.550903  0.923873 0.288769 0.251139  0.534592 0.445321 1 0 1.000000
0  3.522130 2.929648 38.783333  0.395519 0.693020 0.602734  0.534592 0.447638 1 0 1.000000
ConsolePanelLoadingBay
0  3.876318 2.662392 38.550903  0.923873 0.288769 0.251139  0.534592 0.445321 1 0 1.000000
0  3.876318 0.021083 36.981110  0.923873 -0.288769 -0.251139  0.532869 0.425544 1 0 1.000000
0  3.876318 0.381228 36.567001  0.923879 -0.288759 -0.251130  0.534592 0.425544 1 0 1.000000
ConsolePanelLoadingBay
0  1.490600 1.651549 39.264404  -0.845881 0.402461 0.350015  0.555454 0.443094 1 0 1.000000
0  1.878263 2.546145 39.172619  -0.845879 0.402464 0.350017  0.559529 0.446912 1 0 1.000000
0  1.490600 2.082246 38.769173  -0.845882 0.402459 0.350014  0.559529 0.443094 1 0 1.000000
ConsolePanelLoadingBay
0  5.709466 -7.778601 29.502422  -0.411899 -0.910335 -0.040373  0.517394 0.350948 1 0 1.000000
0  5.685617 -7.705965 29.791555  -0.823772 -0.372027 0.427780  0.517009 0.354893 1 0 1.000000
0  5.568277 -7.594076 29.662901  -0.823774 -0.372018 0.427785  0.515116 0.354893 1 0 1.000000
ConsolePanelLoadingBay
0  6.133034 -7.594076 29.662901  0.823773 -0.372032 0.427774  0.524227 0.354893 1 0 1.000000
0  5.933175 -7.813811 29.697762  0.411885 -0.910341 -0.040382  0.521003 0.352587 1 0 1.000000
0  5.991845 -7.778601 29.502422  0.411878 -0.910344 -0.040383  0.521949 0.350948 1 0 1.000000
ConsolePanelLoadingBay
0  5.568277 -7.594076 29.662901  -0.823774 -0.372018 0.427785  0.515116 0.354893 1 0 1.000000
0  5.768137 -7.598116 29.885349  -0.411884 0.166276 0.895938  0.518340 0.357198 1 0 1.000000
0  5.709466 -7.409550 29.823381  -0.411877 0.166277 0.895940  0.517394 0.358838 1 0 1.000000
ConsolePanelLoadingBay
0  5.709466 -7.409550 29.823381  -0.411877 0.166277 0.895940  0.517394 0.358838 1 0 1.000000
0  5.933175 -7.598116 29.885349  0.411889 0.166275 0.895936  0.521003 0.357198 1 0 1.000000
0  5.991845 -7.409550 29.823381  0.411890 0.166276 0.895935  0.521949 0.358838 1 0 1.000000
ConsolePanelLoadingBay
0  5.933175 -7.598116 29.885349  0.411889 0.166275 0.895936  0.521003 0.357198 1 0 1.000000
0  6.133034 -7.594076 29.662901  0.823773 -0.372032 0.427774  0.524227 0.354893 1 0 1.000000
0  5.991845 -7.409550 29.823381  0.411890 0.166276 0.895935  0.521949 0.358838 1 0 1.000000
ConsolePanelLoadingBay
0  31.154903 -12.000283 34.408539  0.411876 -0.910344 -0.040392  0.521949 0.350948 1 0 1.000000
0  30.931196 -12.035495 34.603878  -0.411883 -0.910342 -0.040386  0.518340 0.352587 1 0 1.000000
0  30.872526 -12.000283 34.408539  -0.411902 -0.910333 -0.040385  0.517394 0.350948 1 0 1.000000
ConsolePanelLoadingBay
0  5.568277 3.681654 39.488159  -0.823769 -0.372034 0.427780  0.515116 0.354893 1 0 1.000000
0  5.768137 3.677612 39.710606  -0.411879 0.166284 0.895938  0.518340 0.357198 1 0 1.000000
0  5.709466 3.866180 39.648636  -0.411869 0.166286 0.895942  0.517394 0.358838 1 0 1.000000
ConsolePanelLoadingBay
0  5.933175 3.461918 39.523018  0.000000 -0.656237 0.754555  0.521003 0.352587 1 0 1.000000
0  5.933175 3.677612 39.710606  0.000000 -0.656233 0.754558  0.521003 0.357198 1 0 1.000000
0  5.685617 3.569765 39.616814  0.000000 -0.656234 0.754558  0.517009 0.354893 1 0 1.000000
ConsolePanelLoadingBay
0  0.664744 2.569503 39.197441  -0.369770 0.701091 0.609707  0.536184 0.451467 1 0 1.000000
0  3.522130 2.929648 38.783333  0.369770 0.701068 0.609734  0.564954 0.451467 1 0 1.000000
0  0.664744 2.929648 38.783333  -0.369770 0.701068 0.609733  0.536184 0.451467 1 0 1.000000
ConsolePanelLoadingBay
0  5.709466 3.866180 39.648636  -0.411869 0.166286 0.895942  0.517394 0.358838 1 0 1.000000
0  5.933175 3.677612 39.710606  0.411887 0.166283 0.895935  0.521003 0.357198 1 0 1.000000
0  5.991845 3.866180 39.648636  0.411897 0.166278 0.895931  0.521949 0.358838 1 0 1.000000
ConsolePanelLoadingBay
0  5.991845 3.866180 39.648636  0.411897 0.166278 0.895931  0.521949 0.358838 1 0 1.000000
0  6.015694 3.569765 39.616814  0.823770 -0.372034 0.427778  0.522334 0.354893 1 0 1.000000
0  6.133034 3.681654 39.488159  0.823770 -0.372044 0.427769  0.524227 0.354893 1 0 1.000000
ConsolePanelLoadingBay
0  6.133034 3.681654 39.488159  0.823770 -0.372044 0.427769  0.524227 0.354893 1 0 1.000000
0  5.933175 3.461918 39.523018  0.411881 -0.910342 -0.040384  0.521003 0.352587 1 0 1.000000
0  5.991845 3.497129 39.327679  0.411870 -0.910347 -0.040389  0.521949 0.350948 1 0 1.000000
ConsolePanelLoadingBay
0  1.490600 -4.060075 33.443420  0.000000 0.656235 -0.754557  0.540009 0.444487 1 0 1.000000
0  2.178390 -3.596177 33.846870  0.000000 0.656235 -0.754557  0.558596 0.444487 1 0 1.000000
0  2.566053 -4.060075 33.443420  0.000000 0.656235 -0.754557  0.558596 0.444487 1 0 1.000000
ConsolePanelLoadingBay
0  -6.065203 -2.266398 44.707260  0.000000 -0.965510 0.260366  0.678137 0.689288 1 0 1.000000
0  -7.055824 -1.794917 46.346657  -0.000004 -0.889555 0.456829  0.623967 0.739307 1 0 1.000000
0  -6.728476 -2.266398 44.707260  -0.000000 -0.965636 0.259900  0.623967 0.688458 1 0 1.000000
ConsolePanelLoadingBay
0  -30.775404 3.681654 39.488159  0.823772 -0.372041 0.427768  0.524227 0.354893 1 0 1.000000
0  -30.975264 3.461918 39.523018  0.411884 -0.910341 -0.040385  0.521003 0.352587 1 0 1.000000
0  -30.916594 3.497129 39.327679  0.411877 -0.910344 -0.040388  0.521949 0.350948 1 0 1.000000
ConsolePanelLoadingBay
0  -26.749788 -6.809865 30.034954  0.868352 -0.325455 0.374225  0.063799 0.630768 1 0 1.000000
0  -26.892857 2.938497 38.844963  0.868343 -0.325468 0.374233  0.061933 0.783091 1 0 1.000000
0  -26.892857 -7.090186 30.123137  0.868352 -0.325455 0.374225  0.061952 0.628989 1 0 1.000000
ConsolePanelLoadingBay
0  -31.340160 3.681654 39.488159  -0.823769 -0.372037 0.427777  0.515116 0.354893 1 0 1.000000
0  -31.140303 3.677612 39.710606  -0.411884 0.166278 0.895937  0.518340 0.357198 1 0 1.000000
0  -31.198973 3.866180 39.648636  -0.411871 0.166289 0.895941  0.517394 0.358838 1 0 1.000000
ConsolePanelLoadingBay
0  -30.916594 3.866180 39.648636  0.411896 0.166275 0.895932  0.521949 0.358838 1 0 1.000000
0  -30.892744 3.569765 39.616814  0.823768 -0.372038 0.427777  0.522334 0.354893 1 0 1.000000
0  -30.775404 3.681654 39.488159  0.823772 -0.372041 0.427768  0.524227 0.354893 1 0 1.000000
ConsolePanelLoadingBay
0  -31.140303 3.461918 39.523018  -0.411885 -0.910341 -0.040382  0.518340 0.352587 1 0 1.000000
0  -31.340160 3.681654 39.488159  -0.823769 -0.372037 0.427777  0.515116 0.354893 1 0 1.000000
0  -31.198973 3.497129 39.327679  -0.411886 -0.910340 -0.040384  0.517394 0.350948 1 0 1.000000
ConsolePanelLoadingBay
0  31.296093 -0.540029 44.394276  0.823766 -0.372043 0.427777  0.524227 0.354893 1 0 1.000000
0  31.096233 -0.759765 44.429138  0.411882 -0.910342 -0.040385  0.521003 0.352587 1 0 1.000000
0  31.154903 -0.724554 44.233795  0.411865 -0.910349 -0.040389  0.521949 0.350948 1 0 1.000000
ConsolePanelLoadingBay
0  31.096233 -12.035495 34.603878  -0.000003 -0.656237 0.754555  0.521003 0.352587 1 0 1.000000
0  31.096233 -11.819800 34.791466  -0.000003 -0.656233 0.754558  0.521003 0.357198 1 0 1.000000
0  30.848677 -11.927648 34.697674  0.000007 -0.656232 0.754559  0.517009 0.354893 1 0 1.000000
ConsolePanelLoadingBay
0  30.731337 -0.540029 44.394276  -0.823766 -0.372031 0.427787  0.515116 0.354893 1 0 1.000000
0  30.931196 -0.544070 44.616722  -0.411872 0.166269 0.895944  0.518340 0.357198 1 0 1.000000
0  30.872526 -0.355503 44.554756  -0.411853 0.166276 0.895952  0.517394 0.358838 1 0 1.000000
ConsolePanelLoadingBay
0  30.872526 -0.355503 44.554756  -0.411853 0.166276 0.895952  0.517394 0.358838 1 0 1.000000
0  31.096233 -0.544070 44.616722  0.411887 0.166270 0.895937  0.521003 0.357198 1 0 1.000000
0  31.154903 -0.355503 44.554756  0.411890 0.166268 0.895936  0.521949 0.358838 1 0 1.000000
ConsolePanelLoadingBay
0  31.154903 -0.355503 44.554756  0.411890 0.166268 0.895936  0.521949 0.358838 1 0 1.000000
0  31.178753 -0.651918 44.522930  0.823772 -0.372027 0.427779  0.522334 0.354893 1 0 1.000000
0  31.296093 -0.540029 44.394276  0.823766 -0.372043 0.427777  0.524227 0.354893 1 0 1.000000
ConsolePanelLoadingBay
0  31.096233 -0.759765 44.429138  0.000000 -0.656227 0.754563  0.521003 0.352587 1 0 1.000000
0  31.096233 -0.544070 44.616722  0.000000 -0.656226 0.754564  0.521003 0.357198 1 0 1.000000
0  30.848677 -0.651918 44.522930  0.000000 -0.656222 0.754568  0.517009 0.354893 1 0 1.000000
ConsolePanelLoadingBay
0  7.075413 -0.540029 44.394276  -0.823765 -0.372036 0.427786  0.515116 0.354893 1 0 1.000000
0  7.275272 -0.544070 44.616722  -0.411873 0.166269 0.895944  0.518340 0.357198 1 0 1.000000
0  7.216602 -0.355503 44.554756  -0.411854 0.166273 0.895952  0.517394 0.358838 1 0 1.000000
ConsolePanelLoadingBay
0  7.216602 -0.355503 44.554756  -0.411854 0.166273 0.895952  0.517394 0.358838 1 0 1.000000
0  7.440310 -0.544070 44.616722  0.411884 0.166268 0.895939  0.521003 0.357198 1 0 1.000000
0  7.498981 -0.355503 44.554756  0.411890 0.166263 0.895937  0.521949 0.358838 1 0 1.000000
ConsolePanelLoadingBay
0  7.498981 -0.355503 44.554756  0.411890 0.166263 0.895937  0.521949 0.358838 1 0 1.000000
0  7.522830 -0.651918 44.522930  0.823772 -0.372028 0.427778  0.522334 0.354893 1 0 1.000000
0  7.640170 -0.540029 44.394276  0.823765 -0.372045 0.427777  0.524227 0.354893 1 0 1.000000
ConsolePanelLoadingBay
0  -5.737854 -1.794917 46.346657  -0.000009 -0.876463 0.481469  0.678137 0.741942 1 0 1.000000
0  -7.055824 -0.350259 48.073277  0.000000 -0.766951 0.641706  0.623967 0.794214 1 0 1.000000
0  -7.055824 -1.794917 46.346657  0.000009 -0.876463 0.481469  0.623967 0.741833 1 0 1.000000
ConsolePanelLoadingBay
0  7.498981 -0.724554 44.233795  0.411866 -0.910349 -0.040387  0.521949 0.350948 1 0 1.000000
0  7.275272 -0.759765 44.429138  -0.411884 -0.910341 -0.040383  0.518340 0.352587 1 0 1.000000
0  7.216602 -0.724554 44.233795  -0.411875 -0.910345 -0.040382  0.517394 0.350948 1 0 1.000000
ConsolePanelLoadingBay
0  7.275272 -0.759765 44.429138  -0.411884 -0.910341 -0.040383  0.518340 0.352587 1 0 1.000000
0  7.075413 -0.540029 44.394276  -0.823765 -0.372036 0.427786  0.515116 0.354893 1 0 1.000000
0  7.216602 -0.724554 44.233795  -0.411875 -0.910345 -0.040382  0.517394 0.350948 1 0 1.000000
ConsolePanelLoadingBay
0  3.876318 -3.479929 33.225155  0.923874 0.288767 0.251138  0.568520 0.440765 1 0 1.000000
0  3.876318 -6.121239 31.655361  0.923874 -0.288767 -0.251137  0.566917 0.422358 1 0 1.000000
0  3.876318 -5.761094 31.241253  0.923880 -0.288757 -0.251129  0.568520 0.422358 1 0 1.000000
ConsolePanelLoadingBay
0  0.310555 -3.840075 33.639263  -0.923874 0.288767 0.251138  0.566917 0.440765 1 0 1.000000
0  0.310555 -5.761094 31.241253  -0.923874 -0.288768 -0.251138  0.568520 0.422358 1 0 1.000000
0  0.310555 -6.121239 31.655361  -0.923879 -0.288759 -0.251131  0.566917 0.422358 1 0 1.000000
ConsolePanelLoadingBay
0  2.566053 -4.060075 33.443420  1.000000 0.000000 0.000000  0.544065 0.442656 1 0 1.000000
0  2.566053 -6.674088 32.039852  1.000000 0.000000 0.000000  0.540157 0.425429 1 0 1.000000
0  2.566053 -6.243391 31.544621  1.000000 0.000000 0.000000  0.544065 0.425429 1 0 1.000000
ConsolePanelLoadingBay
0  3.522130 -3.572819 33.871693  0.395524 0.693040 0.602707  0.566917 0.442921 1 0 1.000000
0  3.876318 -3.479929 33.225155  0.923874 0.288767 0.251138  0.568520 0.440765 1 0 1.000000
0  3.522130 -3.212673 33.457584  0.395524 0.693017 0.602734  0.568520 0.442921 1 0 1.000000
ConsolePanelLoadingBay
0  0.310555 -5.761094 31.241253  -0.923874 -0.288768 -0.251138  0.568520 0.422358 1 0 1.000000
0  0.664744 -6.388494 31.422932  -0.395523 -0.692948 -0.602814  0.566917 0.420201 1 0 1.000000
0  0.310555 -6.121239 31.655361  -0.923879 -0.288759 -0.251131  0.566917 0.422358 1 0 1.000000
ConsolePanelLoadingBay
0  3.522130 -6.028349 31.008823  0.369770 -0.701087 -0.609711  0.564954 0.416055 1 0 1.000000
0  0.664744 -6.388494 31.422932  -0.369769 -0.701058 -0.609744  0.536184 0.416055 1 0 1.000000
0  0.664744 -6.028349 31.008823  -0.369770 -0.701090 -0.609707  0.536184 0.416055 1 0 1.000000
ConsolePanelLoadingBay
0  -30.109749 2.011813 38.435852  -0.707109 0.533553 0.464023  0.021355 0.713262 1 0 1.000000
0  -29.378263 1.693475 39.263607  -0.000013 0.754559 0.656232  0.030381 0.717000 1 0 1.000000
0  -29.378263 2.240438 38.634689  0.000011 0.754561 0.656230  0.030381 0.717000 1 0 1.000000
ConsolePanelLoadingBay
0  -28.646776 2.011813 38.435852  0.707119 0.533546 0.464017  0.039408 0.713262 1 0 1.000000
0  -28.343786 0.912900 38.584747  1.000000 0.000005 0.000006  0.043146 0.704235 1 0 1.000000
0  -28.343786 1.459864 37.955830  1.000000 -0.000011 -0.000009  0.043146 0.704235 1 0 1.000000
ConsolePanelLoadingBay
0  -27.862875 2.804010 38.719509  0.188045 -0.490714 0.850787  0.047999 0.721853 1 0 1.000000
0  -28.343786 1.459864 37.955830  0.265938 -0.632601 0.727388  0.043146 0.704235 1 0 1.000000
0  -27.235180 1.660559 37.725063  0.265936 -0.632604 0.727386  0.055297 0.704235 1 0 1.000000
ConsolePanelLoadingBay
0  -30.109749 0.907914 37.475807  -0.707115 -0.533548 -0.464020  0.021355 0.695209 1 0 1.000000
0  -30.412741 0.912900 38.584747  -1.000000 -0.000002 -0.000002  0.017617 0.704235 1 0 1.000000
0  -30.412741 1.459864 37.955830  -1.000000 0.000000 -0.000001  0.017617 0.704235 1 0 1.000000
ConsolePanelLoadingBay
0  -28.343786 1.459864 37.955830  1.000000 -0.000011 -0.000009  0.043146 0.704235 1 0 1.000000
0  -28.646776 0.360950 38.104725  0.707116 -0.533547 -0.464020  0.039408 0.695209 1 0 1.000000
0  -28.646776 0.907914 37.475807  0.707099 -0.533559 -0.464031  0.039408 0.695209 1 0 1.000000
ConsolePanelLoadingBay
0  -28.646776 0.907914 37.475807  0.707099 -0.533559 -0.464031  0.039408 0.695209 1 0 1.000000
0  -29.378263 0.132325 37.905891  0.000013 -0.754559 -0.656232  0.030381 0.691471 1 0 1.000000
0  -29.378263 0.679289 37.276974  -0.000011 -0.754559 -0.656232  0.030381 0.691471 1 0 1.000000
ConsolePanelLoadingBay
0  -30.412741 0.912900 38.584747  -1.000000 -0.000002 -0.000002  0.017617 0.704235 1 0 1.000000
0  -30.109749 2.011813 38.435852  -0.707109 0.533553 0.464023  0.021355 0.713262 1 0 1.000000
0  -30.412741 1.459864 37.955830  -1.000000 0.000000 -0.000001  0.017617 0.704235 1 0 1.000000
ConsolePanelLoadingBay
0  -31.521345 1.660559 37.725063  -0.265936 -0.632600 0.727389  0.005466 0.704235 1 0 1.000000
0  -30.109749 2.011813 38.435852  -0.188043 -0.490712 0.850788  0.021355 0.713262 1 0 1.000000
0  -30.893652 2.804010 38.719509  -0.188041 -0.490710 0.850790  0.012764 0.721853 1 0 1.000000
ConsolePanelLoadingBay
0  -29.378263 0.679289 37.276974  -0.000011 -0.754559 -0.656232  0.030381 0.691471 1 0 1.000000
0  -30.109749 0.360950 38.104725  -0.707096 -0.533563 -0.464031  0.021355 0.695209 1 0 1.000000
0  -30.109749 0.907914 37.475807  -0.707115 -0.533548 -0.464020  0.021355 0.695209 1 0 1.000000
ConsolePanelLoadingBay
0  -27.235180 1.660559 37.725063  0.265936 -0.632604 0.727386  0.055297 0.704235 1 0 1.000000
0  -28.646776 0.907914 37.475807  0.188046 -0.774493 0.603986  0.039408 0.695209 1 0 1.000000
0  -27.862875 0.517108 36.730618  0.188043 -0.774495 0.603985  0.047999 0.686618 1 0 1.000000
ConsolePanelLoadingBay
0  -30.893652 2.804010 38.719509  -0.188041 -0.490710 0.850790  0.012764 0.721853 1 0 1.000000
0  -29.378263 2.240438 38.634689  0.000005 -0.431937 0.901904  0.030381 0.717000 1 0 1.000000
0  -29.378263 3.277643 39.131424  0.000005 -0.431937 0.901904  0.030381 0.729151 1 0 1.000000
ConsolePanelLoadingBay
0  -29.378263 3.277643 39.131424  0.000005 -0.431937 0.901904  0.030381 0.729151 1 0 1.000000
0  -28.646776 2.011813 38.435852  0.188045 -0.490712 0.850788  0.039408 0.713262 1 0 1.000000
0  -27.862875 2.804010 38.719509  0.188045 -0.490714 0.850787  0.047999 0.721853 1 0 1.000000
ConsolePanelLoadingBay
0  -27.862875 0.517108 36.730618  0.188043 -0.774495 0.603985  0.047999 0.686618 1 0 1.000000
0  -29.378263 0.679289 37.276974  0.000001 -0.833266 0.552872  0.030381 0.691471 1 0 1.000000
0  -29.378263 0.043475 36.318703  -0.000003 -0.833266 0.552872  0.030381 0.679320 1 0 1.000000
ConsolePanelLoadingBay
0  -30.109749 0.907914 37.475807  -0.188047 -0.774492 0.603987  0.021355 0.695209 1 0 1.000000
0  -31.521345 1.660559 37.725063  -0.265936 -0.632600 0.727389  0.005466 0.704235 1 0 1.000000
0  -30.893652 0.517108 36.730618  -0.188047 -0.774492 0.603987  0.012764 0.686618 1 0 1.000000
ConsolePanelLoadingBay
0  -30.479006 -2.374172 34.606556  -1.000000 0.000010 0.000007  0.017617 0.704326 1 0 1.000000
0  -30.156605 -2.333831 35.746246  -0.707116 0.533547 0.464020  0.021355 0.713352 1 0 1.000000
0  -30.156605 -1.786867 35.117329  -0.707096 0.533563 0.464032  0.021355 0.713352 1 0 1.000000
ConsolePanelLoadingBay
0  -30.975264 3.461918 39.523018  0.000000 -0.656231 0.754561  0.521003 0.352587 1 0 1.000000
0  -30.975264 3.677612 39.710606  0.000000 -0.656229 0.754562  0.521003 0.357198 1 0 1.000000
0  -31.222820 3.569765 39.616814  0.000000 -0.656229 0.754562  0.517009 0.354893 1 0 1.000000
ConsolePanelLoadingBay
0  -30.916594 -7.778601 29.502422  0.411879 -0.910343 -0.040385  0.521949 0.350948 1 0 1.000000
0  -31.140303 -7.813811 29.697762  -0.411893 -0.910337 -0.040377  0.518340 0.352587 1 0 1.000000
0  -31.198973 -7.778601 29.502422  -0.411902 -0.910333 -0.040375  0.517394 0.350948 1 0 1.000000
ConsolePanelLoadingBay
0  -31.198973 -7.778601 29.502422  -0.411902 -0.910333 -0.040375  0.517394 0.350948 1 0 1.000000
0  -31.222820 -7.705965 29.791555  -0.823776 -0.372023 0.427777  0.517009 0.354893 1 0 1.000000
0  -31.340160 -7.594076 29.662901  -0.823774 -0.372020 0.427782  0.515116 0.354893 1 0 1.000000
ConsolePanelLoadingBay
0  -31.340160 -7.594076 29.662901  -0.823774 -0.372020 0.427782  0.515116 0.354893 1 0 1.000000
0  -31.140303 -7.598116 29.885349  -0.411888 0.166275 0.895935  0.518340 0.357198 1 0 1.000000
0  -31.198973 -7.409550 29.823381  -0.411878 0.166275 0.895940  0.517394 0.358838 1 0 1.000000
ConsolePanelLoadingBay
0  -31.198973 -7.409550 29.823381  -0.411878 0.166275 0.895940  0.517394 0.358838 1 0 1.000000
0  -30.975264 -7.598116 29.885349  0.411888 0.166279 0.895935  0.521003 0.357198 1 0 1.000000
0  -30.916594 -7.409550 29.823381  0.411890 0.166282 0.895934  0.521949 0.358838 1 0 1.000000
ConsolePanelLoadingBay
0  -30.975264 -7.598116 29.885349  0.411888 0.166279 0.895935  0.521003 0.357198 1 0 1.000000
0  -30.775404 -7.594076 29.662901  0.823774 -0.372030 0.427773  0.524227 0.354893 1 0 1.000000
0  -30.916594 -7.409550 29.823381  0.411890 0.166282 0.895934  0.521949 0.358838 1 0 1.000000
ConsolePanelLoadingBay
0  7.075413 -11.815759 34.569019  -0.823772 -0.372017 0.427789  0.515116 0.354893 1 0 1.000000
0  7.275272 -11.819800 34.791466  -0.411881 0.166269 0.895940  0.518340 0.357198 1 0 1.000000
0  7.216602 -11.631233 34.729500  -0.411880 0.166268 0.895941  0.517394 0.358838 1 0 1.000000
ConsolePanelLoadingBay
0  7.275272 -11.819800 34.791466  -0.411881 0.166269 0.895940  0.518340 0.357198 1 0 1.000000
0  7.498981 -11.631233 34.729500  0.411881 0.166270 0.895940  0.521949 0.358838 1 0 1.000000
0  7.216602 -11.631233 34.729500  -0.411880 0.166268 0.895941  0.517394 0.358838 1 0 1.000000
ConsolePanelLoadingBay
0  7.498981 -11.631233 34.729500  0.411881 0.166270 0.895940  0.521949 0.358838 1 0 1.000000
0  7.522830 -11.927648 34.697674  0.823771 -0.372032 0.427778  0.522334 0.354893 1 0 1.000000
0  7.640170 -11.815759 34.569019  0.823764 -0.372046 0.427779  0.524227 0.354893 1 0 1.000000
ConsolePanelLoadingBay
0  7.216602 -12.000283 34.408539  -0.411902 -0.910333 -0.040382  0.517394 0.350948 1 0 1.000000
0  7.192753 -11.927648 34.697674  -0.823771 -0.372023 0.427786  0.517009 0.354893 1 0 1.000000
0  7.075413 -11.815759 34.569019  -0.823772 -0.372017 0.427789  0.515116 0.354893 1 0 1.000000
ConsolePanelLoadingBay
0  7.440310 -12.035495 34.603878  -0.000003 -0.656237 0.754555  0.521003 0.352587 1 0 1.000000
0  7.440310 -11.819800 34.791466  -0.000003 -0.656230 0.754561  0.521003 0.357198 1 0 1.000000
0  7.192753 -11.927648 34.697674  0.000007 -0.656232 0.754559  0.517009 0.354893 1 0 1.000000
ConsolePanelLoadingBay
0  7.440310 -0.759765 44.429138  0.000000 -0.656226 0.754565  0.521003 0.352587 1 0 1.000000
0  7.440310 -0.544070 44.616722  0.000000 -0.656225 0.754565  0.521003 0.357198 1 0 1.000000
0  7.192753 -0.651918 44.522930  0.000000 -0.656223 0.754566  0.517009 0.354893 1 0 1.000000
ConsolePanelLoadingBay
0  -30.156605 -2.961478 34.095783  -0.707114 -0.533549 -0.464021  0.021355 0.695300 1 0 1.000000
0  -30.479006 -2.921136 35.235474  -1.000000 -0.000010 -0.000008  0.017617 0.704326 1 0 1.000000
0  -30.479006 -2.374172 34.606556  -1.000000 0.000010 0.000007  0.017617 0.704326 1 0 1.000000
ConsolePanelLoadingBay
0  -29.378263 -3.894145 32.879341  -0.000003 -0.824598 0.565719  0.030381 0.679607 1 0 1.000000
0  -30.156605 -2.961478 34.095783  -0.177459 -0.769134 0.613956  0.021355 0.695300 1 0 1.000000
0  -30.990721 -3.390172 33.317642  -0.177462 -0.769134 0.613954  0.012903 0.686847 1 0 1.000000
ConsolePanelLoadingBay
0  -29.378263 -0.452809 35.872231  0.000003 -0.445861 0.895102  0.030381 0.729045 1 0 1.000000
0  -28.599920 -1.786867 35.117329  0.177459 -0.501326 0.846865  0.039408 0.713352 1 0 1.000000
0  -27.765804 -0.956781 35.433933  0.177463 -0.501327 0.846863  0.047860 0.721805 1 0 1.000000
ConsolePanelLoadingBay
0  -29.378263 -1.543597 35.328896  0.000013 0.754560 0.656231  0.030381 0.717091 1 0 1.000000
0  -28.599920 -2.333831 35.746246  0.707099 0.533560 0.464031  0.039408 0.713352 1 0 1.000000
0  -28.599920 -1.786867 35.117329  0.707114 0.533548 0.464022  0.039408 0.713352 1 0 1.000000
ConsolePanelLoadingBay
0  -28.599920 -1.786867 35.117329  0.707114 0.533548 0.464022  0.039408 0.713352 1 0 1.000000
0  -28.277521 -2.921136 35.235474  1.000000 0.000009 0.000008  0.043146 0.704326 1 0 1.000000
0  -28.277521 -2.374172 34.606556  1.000000 -0.000007 -0.000006  0.043146 0.704326 1 0 1.000000
ConsolePanelLoadingBay
0  -27.765804 -3.390172 33.317642  0.177458 -0.769134 0.613955  0.047860 0.686847 1 0 1.000000
0  -29.378263 -3.204748 33.884212  0.000002 -0.824597 0.565720  0.030381 0.691561 1 0 1.000000
0  -29.378263 -3.894145 32.879341  -0.000003 -0.824598 0.565719  0.030381 0.679607 1 0 1.000000
ConsolePanelLoadingBay
0  -28.599920 -2.961478 34.095783  0.707099 -0.533560 -0.464031  0.039408 0.695300 1 0 1.000000
0  -29.378263 -3.751712 34.513134  0.000010 -0.754560 -0.656231  0.030381 0.691561 1 0 1.000000
0  -29.378263 -3.204748 33.884212  -0.000009 -0.754560 -0.656231  0.030381 0.691561 1 0 1.000000
ConsolePanelLoadingBay
0  31.296093 -11.815759 34.569019  0.823764 -0.372043 0.427781  0.524227 0.354893 1 0 1.000000
0  31.096233 -12.035495 34.603878  0.411884 -0.910341 -0.040386  0.521003 0.352587 1 0 1.000000
0  31.154903 -12.000283 34.408539  0.411876 -0.910344 -0.040392  0.521949 0.350948 1 0 1.000000
ConsolePanelLoadingBay
0  30.872526 -11.631233 34.729500  -0.411861 0.166276 0.895948  0.517394 0.358838 1 0 1.000000
0  31.096233 -11.819800 34.791466  0.411900 0.166271 0.895931  0.521003 0.357198 1 0 1.000000
0  31.154903 -11.631233 34.729500  0.411893 0.166267 0.895935  0.521949 0.358838 1 0 1.000000
ConsolePanelLoadingBay
0  31.154903 -11.631233 34.729500  0.411893 0.166267 0.895935  0.521949 0.358838 1 0 1.000000
0  31.178753 -11.927648 34.697674  0.823769 -0.372035 0.427779  0.522334 0.354893 1 0 1.000000
0  31.296093 -11.815759 34.569019  0.823764 -0.372043 0.427781  0.524227 0.354893 1 0 1.000000
ConsolePanelLoadingBay
0  6.693662 -12.171866 34.022018  -0.722334 -0.639865 0.262311  0.005133 0.805947 1 0 1.000000
0  6.873425 -0.252215 44.656425  -0.382736 -0.607027 0.696442  0.007232 0.992497 1 0 1.000000
0  6.685173 0.013247 44.638157  -0.918460 -0.260181 0.297887  0.005034 0.994695 1 0 1.000000
ConsolePanelLoadingBay
0  30.731337 -11.815759 34.569019  -0.823773 -0.372011 0.427791  0.515116 0.354893 1 0 1.000000
0  30.931196 -11.819800 34.791466  -0.411876 0.166271 0.895942  0.518340 0.357198 1 0 1.000000
0  30.872526 -11.631233 34.729500  -0.411861 0.166276 0.895948  0.517394 0.358838 1 0 1.000000
ConsolePanelLoadingBay
0  30.872526 -12.000283 34.408539  -0.411902 -0.910333 -0.040385  0.517394 0.350948 1 0 1.000000
0  30.848677 -11.927648 34.697674  -0.823772 -0.372024 0.427784  0.517009 0.354893 1 0 1.000000
0  30.731337 -11.815759 34.569019  -0.823773 -0.372011 0.427791  0.515116 0.354893 1 0 1.000000
ConsolePanelLoadingBay
0  -5.561946 -2.023052 42.162598  0.996485 0.024321 0.080163  0.724066 0.628105 1 0 1.000000
0  -6.065203 -2.266398 44.707260  0.894437 -0.445763 0.035742  0.678137 0.689288 1 0 1.000000
0  -5.979393 -2.963721 41.919464  0.903580 -0.404906 0.139979  0.678137 0.627032 1 0 1.000000
ConsolePanelLoadingBay
0  -7.068242 -0.897150 42.453613  -0.000012 -0.250241 0.968184  0.814904 0.615368 1 0 1.000000
0  -5.979393 -1.082383 42.405739  0.000010 -0.250239 0.968184  0.755440 0.626317 1 0 1.000000
0  -5.725436 -0.897150 42.453613  0.000012 -0.250243 0.968183  0.751205 0.615368 1 0 1.000000
ConsolePanelLoadingBay
0  -5.725436 -0.897150 42.453613  0.000012 -0.250243 0.968183  0.751205 0.615368 1 0 1.000000
0  -5.561946 -2.023052 42.162598  0.000002 -0.250247 0.968182  0.724066 0.628105 1 0 1.000000
0  -5.054033 -2.023052 42.162598  0.000002 -0.250248 0.968182  0.721928 0.614653 1 0 1.000000
ConsolePanelLoadingBay
0  -5.054033 -2.023052 42.162598  0.000002 -0.250248 0.968182  0.721928 0.614653 1 0 1.000000
0  -5.979393 -2.963721 41.919464  0.000005 -0.250263 0.968178  0.678137 0.627032 1 0 1.000000
0  -5.725436 -3.148954 41.871582  0.000009 -0.250260 0.968179  0.678137 0.614653 1 0 1.000000
ConsolePanelLoadingBay
0  -7.739645 -2.023052 42.162598  -0.000002 -0.250250 0.968181  0.583825 0.615368 1 0 1.000000
0  -6.814286 -1.082383 42.405739  -0.000006 -0.250238 0.968184  0.528496 0.626317 1 0 1.000000
0  -7.068242 -0.897150 42.453613  -0.000012 -0.250241 0.968184  0.532731 0.615368 1 0 1.000000
ConsolePanelLoadingBay
0  -5.725436 -3.148954 41.871582  0.000009 -0.250260 0.968179  0.678137 0.614653 1 0 1.000000
0  -6.814286 -2.963721 41.919464  -0.000010 -0.250262 0.968178  0.623967 0.626317 1 0 1.000000
0  -7.068242 -3.148954 41.871582  -0.000012 -0.250257 0.968179  0.623967 0.615368 1 0 1.000000
ConsolePanelLoadingBay
0  22.792019 -2.486566 42.653126  0.924502 0.286022 0.251966  0.908078 0.555995 1 0 1.000000
0  22.792019 -11.400393 38.441818  1.000000 0.000000 0.000000  0.977124 0.751876 1 0 1.000000
0  22.792019 -9.594355 36.391663  1.000000 0.000000 0.000000  0.908078 0.751876 1 0 1.000000
ConsolePanelLoadingBay
0  11.338402 -3.277335 45.597664  -0.000004 -0.661015 0.750373  0.688336 0.013708 1 0 1.000000
0  9.522439 -4.292606 44.703278  -0.000004 -0.661021 0.750368  0.657755 0.036494 1 0 1.000000
0  9.779420 -4.448181 44.566227  -0.000003 -0.661021 0.750367  0.662082 0.039985 1 0 1.000000
ConsolePanelLoadingBay
0  11.130994 -1.280654 43.715450  -0.382482 0.693312 0.610759  0.908078 0.273881 1 0 1.000000
0  21.195429 -3.086694 45.765602  0.384205 0.692775 0.610286  0.977124 0.508612 1 0 1.000000
0  21.195429 -1.280654 43.715450  0.384207 0.692774 0.610286  0.908078 0.508612 1 0 1.000000
ConsolePanelLoadingBay
0  22.558969 -2.642141 42.516075  -0.923228 -0.288331 -0.253999  0.908078 0.557274 1 0 1.000000
0  20.988022 -3.277335 45.597664  -0.381129 -0.693731 -0.611128  0.977124 0.509001 1 0 1.000000
0  20.988022 -1.471295 43.547508  -0.381131 -0.693731 -0.611127  0.908078 0.509001 1 0 1.000000
ConsolePanelLoadingBay
0  9.779420 -11.400393 38.441818  -0.000000 -0.661021 0.750367  0.662082 0.196010 1 0 1.000000
0  9.522439 -4.292606 44.703278  -0.000004 -0.661021 0.750368  0.657755 0.036494 1 0 1.000000
0  9.522439 -11.400393 38.441818  0.000000 -0.661022 0.750367  0.657755 0.196010 1 0 1.000000
ConsolePanelLoadingBay
0  -31.815548 7.909286 39.711563  -0.492251 0.870453 -0.000151  0.505120 0.324505 1 0 1.000000
0  -31.562456 8.045533 0.001321  -0.089432 0.158254 -0.983340  0.504019 0.003749 1 0 1.000000
0  -31.791149 7.909288 0.001321  -0.848217 0.494757 0.189061  0.505119 0.003748 1 0 1.000000
ConsolePanelLoadingBay
0  7.640170 -0.540029 44.394276  0.823765 -0.372045 0.427777  0.524227 0.354893 1 0 1.000000
0  7.440310 -0.759765 44.429138  0.411882 -0.910342 -0.040385  0.521003 0.352587 1 0 1.000000
0  7.498981 -0.724554 44.233795  0.411866 -0.910349 -0.040387  0.521949 0.350948 1 0 1.000000
ConsolePanelLoadingBay
0  31.707117 8.045531 39.894897  0.000000 1.000000 0.000000  0.002182 0.559631 1 0 1.000000
0  -31.562456 8.045533 0.001321  0.000000 1.000000 0.000000  0.496640 0.281838 1 0 1.000000
0  -31.562456 8.045531 39.894897  0.000000 1.000000 0.000000  0.496640 0.559631 1 0 1.000000
ConsolePanelLoadingBay
0  7.640170 -11.815759 34.569019  0.823764 -0.372046 0.427779  0.524227 0.354893 1 0 1.000000
0  7.440310 -12.035495 34.603878  0.411884 -0.910341 -0.040388  0.521003 0.352587 1 0 1.000000
0  7.498981 -12.000283 34.408539  0.411874 -0.910345 -0.040391  0.521949 0.350948 1 0 1.000000
ConsolePanelLoadingBay
0  31.951651 -7.868244 29.163874  1.000000 -0.000000 0.000000  0.631232 0.239292 1 0 1.000000
0  31.951651 7.909288 0.001321  0.845510 0.496813 0.195678  0.505119 0.003748 1 0 1.000000
0  31.951651 7.909286 39.711563  1.000000 -0.000000 0.000000  0.505120 0.324505 1 0 1.000000
ConsolePanelLoadingBay
0  30.931196 -0.759765 44.429138  -0.411886 -0.910340 -0.040383  0.518340 0.352587 1 0 1.000000
0  30.731337 -0.540029 44.394276  -0.823766 -0.372031 0.427787  0.515116 0.354893 1 0 1.000000
0  30.872526 -0.724554 44.233795  -0.411879 -0.910343 -0.040382  0.517394 0.350948 1 0 1.000000
ConsolePanelLoadingBay
0  6.685173 0.013247 44.638157  0.000000 0.068656 0.997640  0.005034 0.994695 1 0 1.000000
0  31.518963 -0.252215 44.656425  0.000000 0.068656 0.997640  0.295072 0.992497 1 0 1.000000
0  31.707117 0.013247 44.638157  0.000000 0.068656 0.997640  0.297269 0.994695 1 0 1.000000
ConsolePanelLoadingBay
0  31.707117 0.013247 44.638157  0.707106 -0.464501 0.533142  0.297269 0.994695 1 0 1.000000
0  31.518963 -12.153599 34.287483  0.408260 -0.844160 0.347445  0.295072 0.808145 1 0 1.000000
0  31.707117 -12.171866 34.022018  0.408257 -0.844162 0.347443  0.297269 0.805947 1 0 1.000000
ConsolePanelLoadingBay
0  7.498981 -12.000283 34.408539  0.411874 -0.910345 -0.040391  0.521949 0.350948 1 0 1.000000
0  7.275272 -12.035495 34.603878  -0.411890 -0.910338 -0.040383  0.518340 0.352587 1 0 1.000000
0  7.216602 -12.000283 34.408539  -0.411902 -0.910333 -0.040382  0.517394 0.350948 1 0 1.000000
ConsolePanelLoadingBay
0  31.707117 -12.171866 34.022018  0.408257 -0.844162 0.347443  0.297269 0.805947 1 0 1.000000
0  6.881717 -12.153599 34.287483  -0.270607 -0.811001 0.518700  0.007329 0.808145 1 0 1.000000
0  6.693662 -12.171866 34.022018  -0.722334 -0.639865 0.262311  0.005133 0.805947 1 0 1.000000
ConsolePanelLoadingBay
0  -30.916594 3.497129 39.327679  0.411877 -0.910344 -0.040388  0.521949 0.350948 1 0 1.000000
0  -31.140303 3.461918 39.523018  -0.411885 -0.910341 -0.040382  0.518340 0.352587 1 0 1.000000
0  -31.198973 3.497129 39.327679  -0.411886 -0.910340 -0.040384  0.517394 0.350948 1 0 1.000000
ConsolePanelLoadingBay
0  -30.775404 -7.594076 29.662901  0.823774 -0.372030 0.427773  0.524227 0.354893 1 0 1.000000
0  -30.975264 -7.813811 29.697762  0.411885 -0.910340 -0.040382  0.521003 0.352587 1 0 1.000000
0  -30.916594 -7.778601 29.502422  0.411879 -0.910343 -0.040385  0.521949 0.350948 1 0 1.000000
ConsolePanelLoadingBay
0  -6.680874 -0.373864 45.065742  0.000001 0.883241 -0.468919  0.808888 0.690001 1 0 1.000000
0  -5.881793 0.124413 46.619682  0.000001 0.999814 -0.019263  0.791735 0.732944 1 0 1.000000
0  -6.112804 -0.373864 45.065742  -0.000000 0.883235 -0.468930  0.793345 0.690001 1 0 1.000000
ConsolePanelLoadingBay
0  -6.139055 -0.943756 44.340263  0.895706 0.434909 -0.092545  0.790433 0.672580 1 0 1.000000
0  -6.112804 -0.373864 45.065742  0.932646 0.310126 -0.184375  0.793345 0.690001 1 0 1.000000
0  -5.733566 -1.522634 44.500885  0.999634 -0.008430 -0.025697  0.736042 0.681928 1 0 1.000000
ConsolePanelLoadingBay
0  -6.112804 -0.373864 45.065742  0.932646 0.310126 -0.184375  0.793345 0.690001 1 0 1.000000
0  -5.575403 -1.571496 46.067795  0.996905 -0.066478 -0.041977  0.742529 0.729712 1 0 1.000000
0  -5.733566 -1.522634 44.500885  0.999634 -0.008430 -0.025697  0.736042 0.681928 1 0 1.000000
ConsolePanelLoadingBay
0  -6.814286 -2.963721 41.919464  -0.903594 -0.404877 0.139974  0.623967 0.626317 1 0 1.000000
0  -7.060112 -1.522634 44.500885  -0.999742 0.003429 -0.022466  0.581515 0.681928 1 0 1.000000
0  -7.231732 -2.023052 42.162598  -0.996664 0.024065 0.077982  0.590629 0.626317 1 0 1.000000
ConsolePanelLoadingBay
0  -5.733566 -1.522634 44.500885  0.999634 -0.008430 -0.025697  0.736042 0.681928 1 0 1.000000
0  -5.575403 -1.571496 46.067795  0.996905 -0.066478 -0.041977  0.742529 0.729712 1 0 1.000000
0  -6.065203 -2.266398 44.707260  0.894437 -0.445763 0.035742  0.678137 0.689288 1 0 1.000000
ConsolePanelLoadingBay
0  -5.575403 -1.571496 46.067795  0.996905 -0.066478 -0.041977  0.742529 0.729712 1 0 1.000000
0  -5.737854 -1.794917 46.346657  0.907344 -0.407549 0.103102  0.678137 0.736088 1 0 1.000000
0  -6.065203 -2.266398 44.707260  0.894437 -0.445763 0.035742  0.678137 0.689288 1 0 1.000000
ConsolePanelLoadingBay
0  31.707117 -8.039357 29.278763  0.000000 -1.000000 0.000173  0.496511 0.279089 1 0 1.000000
0  6.693662 -8.039357 29.278763  0.000000 -1.000000 0.000173  0.300505 0.279089 1 0 1.000000
0  -31.562456 -8.044419 0.001321  0.000000 -1.000000 0.000173  0.002243 0.002623 1 0 1.000000
ConsolePanelLoadingBay
0  5.991845 3.497129 39.327679  0.411870 -0.910347 -0.040389  0.521949 0.350948 1 0 1.000000
0  5.768137 3.461918 39.523018  -0.411882 -0.910342 -0.040383  0.518340 0.352587 1 0 1.000000
0  5.709466 3.497129 39.327679  -0.411885 -0.910341 -0.040383  0.517394 0.350948 1 0 1.000000
ConsolePanelLoadingBay
0  -31.562456 -8.039357 29.278763  -0.001041 -0.659512 0.751693  0.001647 0.614254 1 0 1.000000
0  -2.142043 -7.090186 30.123137  -0.000763 -0.659898 0.751355  0.381605 0.629021 1 0 1.000000
0  -26.892857 -7.090186 30.123137  -0.000949 -0.659975 0.751287  0.061952 0.628989 1 0 1.000000
ConsolePanelLoadingBay
0  6.685173 4.145754 39.894897  0.000104 -0.656863 0.754010  0.495586 0.801685 1 0 1.000000
0  -26.892857 2.938497 38.844963  -0.000958 -0.659510 0.751695  0.061933 0.783091 1 0 1.000000
0  -2.142043 2.938497 38.844963  -0.000000 -0.656231 0.754560  0.381586 0.783123 1 0 1.000000
ConsolePanelLoadingBay
0  -2.142043 -7.090186 30.123137  -0.000763 -0.659898 0.751355  0.381605 0.629021 1 0 1.000000
0  6.685173 4.145754 39.894897  0.000104 -0.656863 0.754010  0.495586 0.801685 1 0 1.000000
0  -2.142043 2.938497 38.844963  -0.000000 -0.656231 0.754560  0.381586 0.783123 1 0 1.000000
ConsolePanelLoadingBay
0  5.991845 -7.778601 29.502422  0.411878 -0.910344 -0.040383  0.521949 0.350948 1 0 1.000000
0  5.768137 -7.813811 29.697762  -0.411881 -0.910342 -0.040378  0.518340 0.352587 1 0 1.000000
0  5.709466 -7.778601 29.502422  -0.411899 -0.910335 -0.040373  0.517394 0.350948 1 0 1.000000
ConsolePanelLoadingBay
0  1.490600 2.082246 38.769173  0.000000 0.656230 -0.754561  0.540218 0.445066 1 0 1.000000
0  2.178390 2.546145 39.172619  0.000000 0.656230 -0.754561  0.560189 0.445066 1 0 1.000000
0  2.566053 2.082246 38.769173  0.000000 0.656230 -0.754561  0.560189 0.445066 1 0 1.000000
ConsolePanelLoadingBay
0  1.878263 2.327434 39.424103  0.000000 0.754562 0.656229  0.540218 0.445066 1 0 1.000000
0  2.178390 2.546145 39.172619  0.000000 0.754562 0.656229  0.560189 0.445066 1 0 1.000000
0  1.878263 2.546145 39.172619  0.000000 0.754562 0.656229  0.540218 0.445066 1 0 1.000000
ConsolePanelLoadingBay
0  2.566053 1.651549 39.264404  0.000000 -0.229949 0.973203  0.555528 0.442047 1 0 1.000000
0  1.878263 2.327434 39.424103  0.000000 -0.229949 0.973203  0.545544 0.442047 1 0 1.000000
0  1.490600 1.651549 39.264404  0.000000 -0.229949 0.973203  0.545544 0.442047 1 0 1.000000
ConsolePanelLoadingBay
0  0.664744 -3.572819 33.871693  -0.369770 0.701089 0.609708  0.536184 0.451467 1 0 1.000000
0  3.522130 -3.212673 33.457584  0.369770 0.701067 0.609734  0.564954 0.451467 1 0 1.000000
0  0.664744 -3.212673 33.457584  -0.369770 0.701066 0.609735  0.536184 0.451467 1 0 1.000000
ConsolePanelLoadingBay
0  2.566053 2.082246 38.769173  0.845881 0.402461 0.350015  0.559529 0.443094 1 0 1.000000
0  2.178390 2.327434 39.424103  0.845882 0.402461 0.350014  0.557460 0.446912 1 0 1.000000
0  2.566053 1.651549 39.264404  0.845880 0.402461 0.350016  0.555454 0.443094 1 0 1.000000
ConsolePanelLoadingBay
0  1.490600 -0.531766 37.365601  -1.000000 -0.000000 0.000000  0.555454 0.425126 1 0 1.000000
0  1.490600 2.082246 38.769173  -1.000000 -0.000000 0.000000  0.559529 0.443094 1 0 1.000000
0  1.490600 -0.101069 36.870369  -1.000000 0.000000 0.000000  0.559529 0.425126 1 0 1.000000
ConsolePanelLoadingBay
0  2.566053 -0.531766 37.365601  0.000000 -0.656232 0.754560  0.555528 0.425260 1 0 1.000000
0  1.490600 1.651549 39.264404  0.000000 -0.656232 0.754560  0.545544 0.442047 1 0 1.000000
0  1.490600 -0.531766 37.365601  0.000000 -0.656232 0.754560  0.545544 0.425260 1 0 1.000000
ConsolePanelLoadingBay
0  2.566053 2.082246 38.769173  1.000000 0.000000 0.000000  0.559529 0.443094 1 0 1.000000
0  2.566053 -0.531766 37.365601  1.000000 0.000000 0.000000  0.555454 0.425126 1 0 1.000000
0  2.566053 -0.101069 36.870369  1.000000 0.000000 0.000000  0.559529 0.425126 1 0 1.000000
ConsolePanelLoadingBay
0  3.876318 2.302247 38.965012  -0.000000 -0.656232 0.754560  0.568521 0.448106 1 0 1.000000
0  0.664744 2.569503 39.197441  0.000003 -0.656232 0.754559  0.536184 0.451467 1 0 1.000000
0  0.310555 0.021083 36.981110  0.000000 -0.656232 0.754559  0.532617 0.419416 1 0 1.000000
ConsolePanelLoadingBay
0  3.876318 0.021083 36.981110  0.923873 -0.288769 -0.251139  0.532869 0.425544 1 0 1.000000
0  3.522130 0.113972 36.334572  0.395519 -0.693112 -0.602627  0.534592 0.423227 1 0 1.000000
0  3.876318 0.381228 36.567001  0.923879 -0.288759 -0.251130  0.534592 0.425544 1 0 1.000000
ConsolePanelLoadingBay
0  0.310555 2.662392 38.550903  -0.923873 0.288769 0.251139  0.534592 0.445321 1 0 1.000000
0  0.664744 2.569503 39.197441  -0.395518 0.693043 0.602708  0.532869 0.447638 1 0 1.000000
0  0.664744 2.929648 38.783333  -0.395518 0.693020 0.602735  0.534592 0.447638 1 0 1.000000
ConsolePanelLoadingBay
0  0.664744 -3.212673 33.457584  -0.395523 0.693018 0.602734  0.568520 0.442921 1 0 1.000000
0  0.310555 -3.840075 33.639263  -0.923874 0.288767 0.251138  0.566917 0.440765 1 0 1.000000
0  0.664744 -3.572819 33.871693  -0.395517 0.693042 0.602710  0.566917 0.442921 1 0 1.000000
ConsolePanelLoadingBay
0  1.490600 -6.674088 32.039852  -1.000000 -0.000000 0.000000  0.540157 0.425429 1 0 1.000000
0  1.490600 -4.060075 33.443420  -1.000000 -0.000000 0.000000  0.544065 0.442656 1 0 1.000000
0  1.490600 -6.243391 31.544621  -1.000000 0.000000 0.000000  0.544065 0.425429 1 0 1.000000
ConsolePanelLoadingBay
0  2.566053 -4.490772 33.938652  0.000000 -0.229949 0.973203  0.555289 0.441320 1 0 1.000000
0  1.878263 -3.814888 34.098351  0.000000 -0.229949 0.973203  0.545997 0.441320 1 0 1.000000
0  1.490600 -4.490772 33.938652  0.000000 -0.229949 0.973203  0.545997 0.441320 1 0 1.000000
ConsolePanelLoadingBay
0  5.933175 -7.813811 29.697762  -0.000002 -0.656235 0.754557  0.521003 0.352587 1 0 1.000000
0  5.933175 -7.598116 29.885349  -0.000002 -0.656233 0.754558  0.521003 0.357198 1 0 1.000000
0  5.685617 -7.705965 29.791555  0.000003 -0.656231 0.754560  0.517009 0.354893 1 0 1.000000
ConsolePanelLoadingBay
0  1.490600 -4.490772 33.938652  -0.845880 0.402462 0.350017  0.540157 0.442656 1 0 1.000000
0  1.878263 -3.596177 33.846870  -0.845879 0.402462 0.350018  0.544065 0.446316 1 0 1.000000
0  1.490600 -4.060075 33.443420  -0.845881 0.402462 0.350015  0.544065 0.442656 1 0 1.000000
ConsolePanelLoadingBay
0  2.566053 -6.674088 32.039852  0.000000 -0.656231 0.754560  0.555289 0.425696 1 0 1.000000
0  1.490600 -4.490772 33.938652  0.000000 -0.656231 0.754560  0.545997 0.441320 1 0 1.000000
0  1.490600 -6.674088 32.039852  0.000000 -0.656231 0.754560  0.545997 0.425696 1 0 1.000000
ConsolePanelLoadingBay
0  2.566053 -4.060075 33.443420  0.845880 0.402462 0.350017  0.544065 0.442656 1 0 1.000000
0  2.178390 -3.814888 34.098351  0.845880 0.402462 0.350018  0.542081 0.446316 1 0 1.000000
0  2.566053 -4.490772 33.938652  0.845880 0.402462 0.350016  0.540157 0.442656 1 0 1.000000
ConsolePanelLoadingBay
0  3.876318 -3.840075 33.639263  -0.000000 -0.656232 0.754559  0.568521 0.448106 1 0 1.000000
0  0.664744 -3.572819 33.871693  0.000000 -0.656232 0.754559  0.536184 0.451467 1 0 1.000000
0  0.310555 -6.121239 31.655361  -0.000000 -0.656232 0.754559  0.532617 0.419416 1 0 1.000000
ConsolePanelLoadingBay
0  2.566053 -6.243391 31.544621  0.000000 -0.754560 -0.656231  0.558596 0.426073 1 0 1.000000
0  1.490600 -6.674088 32.039852  0.000000 -0.754560 -0.656231  0.540009 0.426073 1 0 1.000000
0  1.490600 -6.243391 31.544621  0.000000 -0.754560 -0.656231  0.540009 0.426073 1 0 1.000000
ConsolePanelLoadingBay
0  3.876318 -6.121239 31.655361  0.923874 -0.288767 -0.251137  0.566917 0.422358 1 0 1.000000
0  3.522130 -6.028349 31.008823  0.395525 -0.693389 -0.602305  0.568520 0.420201 1 0 1.000000
0  3.876318 -5.761094 31.241253  0.923880 -0.288757 -0.251129  0.568520 0.422358 1 0 1.000000
ConsolePanelLoadingBay
0  1.878263 -3.814888 34.098351  0.000000 0.754557 0.656234  0.540009 0.444487 1 0 1.000000
0  2.178390 -3.596177 33.846870  0.000000 0.754557 0.656234  0.558596 0.444487 1 0 1.000000
0  1.878263 -3.596177 33.846870  0.000000 0.754556 0.656235  0.540009 0.444487 1 0 1.000000
ConsolePanelLoadingBay
0  -23.304317 -3.871063 32.574070  0.000000 -0.984797 -0.173707  0.108173 0.676190 1 0 1.000000
0  -24.432459 -3.925652 32.883549  0.000000 -0.984797 -0.173707  0.093541 0.677993 1 0 1.000000
0  -24.609793 -3.871063 32.574070  0.000000 -0.984797 -0.173707  0.091241 0.676190 1 0 1.000000
ConsolePanelLoadingBay
0  -24.432459 -3.925652 32.883549  -0.835229 -0.360863 0.414935  0.093541 0.677993 1 0 1.000000
0  -24.609793 -2.840122 33.470665  -0.835223 -0.360869 0.414941  0.091241 0.691410 1 0 1.000000
0  -24.609793 -3.871063 32.574070  -0.835230 -0.360862 0.414934  0.091241 0.676190 1 0 1.000000
ConsolePanelLoadingBay
0  -23.304317 -2.840122 33.470665  0.835229 -0.360860 0.414937  0.108173 0.691410 1 0 1.000000
0  -23.481651 -3.925652 32.883549  0.835229 -0.360860 0.414937  0.105873 0.677993 1 0 1.000000
0  -23.304317 -3.871063 32.574070  0.835229 -0.360860 0.414937  0.108173 0.676190 1 0 1.000000
ConsolePanelLoadingBay
0  -24.432459 -3.139037 33.567657  0.000000 0.308640 0.951179  0.093541 0.689607 1 0 1.000000
0  -23.304317 -2.840122 33.470665  0.000000 0.308641 0.951179  0.108173 0.691410 1 0 1.000000
0  -24.609793 -2.840122 33.470665  0.000000 0.308639 0.951179  0.091241 0.691410 1 0 1.000000
ConsolePanelLoadingBay
0  -20.221638 -3.925652 32.883549  0.000000 -0.656231 0.754560  0.148155 0.677993 1 0 1.000000
0  -21.172445 -3.139037 33.567657  0.000000 -0.656231 0.754560  0.135823 0.689607 1 0 1.000000
0  -21.172445 -3.925652 32.883549  0.000000 -0.656232 0.754559  0.135823 0.677993 1 0 1.000000
ConsolePanelLoadingBay
0  -21.674311 -3.871063 32.574070  0.000000 -0.984798 -0.173706  0.129314 0.676190 1 0 1.000000
0  -22.802452 -3.925652 32.883549  0.000000 -0.984798 -0.173706  0.114682 0.677993 1 0 1.000000
0  -22.979786 -3.871063 32.574070  0.000000 -0.984798 -0.173706  0.112382 0.676190 1 0 1.000000
ConsolePanelLoadingBay
0  -22.802452 -3.925652 32.883549  -0.835229 -0.360863 0.414935  0.114682 0.677993 1 0 1.000000
0  -22.979786 -2.840122 33.470665  -0.835224 -0.360868 0.414941  0.112382 0.691410 1 0 1.000000
0  -22.979786 -3.871063 32.574070  -0.835230 -0.360862 0.414934  0.112382 0.676190 1 0 1.000000
ConsolePanelLoadingBay
0  -21.674311 -2.840122 33.470665  0.835228 -0.360862 0.414937  0.129314 0.691410 1 0 1.000000
0  -21.851645 -3.925652 32.883549  0.835228 -0.360862 0.414937  0.127014 0.677993 1 0 1.000000
0  -21.674311 -3.871063 32.574070  0.835228 -0.360862 0.414937  0.129314 0.676190 1 0 1.000000
ConsolePanelLoadingBay
0  -22.802452 -3.139037 33.567657  0.000000 0.308640 0.951179  0.114682 0.689607 1 0 1.000000
0  -21.674311 -2.840122 33.470665  0.000000 0.308640 0.951179  0.129314 0.691410 1 0 1.000000
0  -22.979786 -2.840122 33.470665  0.000000 0.308640 0.951179  0.112382 0.691410 1 0 1.000000
ConsolePanelLoadingBay
0  -23.481651 -3.925652 32.883549  0.000000 -0.656231 0.754560  0.105873 0.677993 1 0 1.000000
0  -24.432459 -3.139037 33.567657  0.000000 -0.656231 0.754560  0.093541 0.689607 1 0 1.000000
0  -24.432459 -3.925652 32.883549  0.000000 -0.656231 0.754560  0.093541 0.677993 1 0 1.000000
ConsolePanelLoadingBay
0  -20.044304 -3.871063 32.574070  0.000000 -0.984797 -0.173707  0.150455 0.676190 1 0 1.000000
0  -21.172445 -3.925652 32.883549  0.000000 -0.984797 -0.173707  0.135823 0.677993 1 0 1.000000
0  -21.349779 -3.871063 32.574070  0.000000 -0.984797 -0.173707  0.133523 0.676190 1 0 1.000000
ConsolePanelLoadingBay
0  -21.172445 -3.925652 32.883549  -0.835229 -0.360863 0.414935  0.135823 0.677993 1 0 1.000000
0  -21.349779 -2.840122 33.470665  -0.835224 -0.360868 0.414941  0.133523 0.691410 1 0 1.000000
0  -21.349779 -3.871063 32.574070  -0.835230 -0.360862 0.414934  0.133523 0.676190 1 0 1.000000
ConsolePanelLoadingBay
0  -20.044304 -2.840122 33.470665  0.835227 -0.360866 0.414936  0.150455 0.691410 1 0 1.000000
0  -20.221638 -3.925652 32.883549  0.835227 -0.360866 0.414936  0.148155 0.677993 1 0 1.000000
0  -20.044304 -3.871063 32.574070  0.835227 -0.360866 0.414936  0.150455 0.676190 1 0 1.000000
ConsolePanelLoadingBay
0  -21.172445 -3.139037 33.567657  0.000000 0.308640 0.951179  0.135823 0.689607 1 0 1.000000
0  -20.044304 -2.840122 33.470665  0.000000 0.308641 0.951179  0.150455 0.691410 1 0 1.000000
0  -21.349779 -2.840122 33.470665  0.000000 0.308640 0.951179  0.133523 0.691410 1 0 1.000000
ConsolePanelLoadingBay
0  -18.591631 -3.925652 32.883549  0.000000 -0.656231 0.754560  0.169296 0.677993 1 0 1.000000
0  -19.542439 -3.139037 33.567657  0.000000 -0.656231 0.754560  0.156964 0.689607 1 0 1.000000
0  -19.542439 -3.925652 32.883549  0.000000 -0.656231 0.754560  0.156964 0.677993 1 0 1.000000
ConsolePanelLoadingBay
0  -18.414297 -3.871063 32.574070  0.000000 -0.984798 -0.173706  0.171596 0.676190 1 0 1.000000
0  -19.542439 -3.925652 32.883549  0.000000 -0.984798 -0.173706  0.156964 0.677993 1 0 1.000000
0  -19.719772 -3.871063 32.574070  0.000000 -0.984798 -0.173706  0.154664 0.676190 1 0 1.000000
ConsolePanelLoadingBay
0  -19.542439 -3.925652 32.883549  -0.835229 -0.360863 0.414935  0.156964 0.677993 1 0 1.000000
0  -19.719772 -2.840122 33.470665  -0.835224 -0.360867 0.414941  0.154664 0.691410 1 0 1.000000
0  -19.719772 -3.871063 32.574070  -0.835230 -0.360862 0.414934  0.154664 0.676190 1 0 1.000000
ConsolePanelLoadingBay
0  -18.414297 -2.840122 33.470665  0.835226 -0.360868 0.414936  0.171596 0.691410 1 0 1.000000
0  -18.591631 -3.925652 32.883549  0.835226 -0.360868 0.414936  0.169296 0.677993 1 0 1.000000
0  -18.414297 -3.871063 32.574070  0.835226 -0.360868 0.414936  0.171596 0.676190 1 0 1.000000
ConsolePanelLoadingBay
0  -19.542439 -3.139037 33.567657  0.000000 0.308641 0.951179  0.156964 0.689607 1 0 1.000000
0  -18.414297 -2.840122 33.470665  0.000000 0.308640 0.951179  0.171596 0.691410 1 0 1.000000
0  -19.719772 -2.840122 33.470665  0.000000 0.308641 0.951179  0.154664 0.691410 1 0 1.000000
ConsolePanelLoadingBay
0  -23.481651 -6.521006 30.626400  0.000000 -0.656232 0.754559  0.105873 0.638565 1 0 1.000000
0  -24.432459 -5.734392 31.310511  0.000000 -0.656232 0.754559  0.093541 0.650178 1 0 1.000000
0  -24.432459 -6.521006 30.626400  0.000000 -0.656231 0.754560  0.093541 0.638565 1 0 1.000000
ConsolePanelLoadingBay
0  -16.824047 -3.871063 32.574070  0.000000 -0.984797 -0.173707  0.192221 0.676190 1 0 1.000000
0  -17.952188 -3.925652 32.883549  0.000000 -0.984797 -0.173707  0.177590 0.677993 1 0 1.000000
0  -18.129522 -3.871063 32.574070  0.000000 -0.984797 -0.173707  0.175290 0.676190 1 0 1.000000
ConsolePanelLoadingBay
0  -17.952188 -3.925652 32.883549  -0.835229 -0.360863 0.414935  0.177590 0.677993 1 0 1.000000
0  -18.129522 -2.840122 33.470665  -0.835224 -0.360868 0.414941  0.175290 0.691410 1 0 1.000000
0  -18.129522 -3.871063 32.574070  -0.835230 -0.360862 0.414934  0.175290 0.676190 1 0 1.000000
ConsolePanelLoadingBay
0  -16.824047 -2.840122 33.470665  0.835227 -0.360866 0.414936  0.192221 0.691410 1 0 1.000000
0  -17.001381 -3.925652 32.883549  0.835227 -0.360866 0.414936  0.189921 0.677993 1 0 1.000000
0  -16.824047 -3.871063 32.574070  0.835227 -0.360866 0.414936  0.192221 0.676190 1 0 1.000000
ConsolePanelLoadingBay
0  -17.952188 -3.139037 33.567657  0.000000 0.308640 0.951179  0.177590 0.689607 1 0 1.000000
0  -16.824047 -2.840122 33.470665  0.000000 0.308641 0.951179  0.192221 0.691410 1 0 1.000000
0  -18.129522 -2.840122 33.470665  0.000000 0.308640 0.951179  0.175290 0.691410 1 0 1.000000
ConsolePanelLoadingBay
0  -17.001381 -6.521006 30.626400  0.000000 -0.656232 0.754559  0.189921 0.638565 1 0 1.000000
0  -17.952188 -5.734392 31.310511  0.000000 -0.656232 0.754559  0.177590 0.650178 1 0 1.000000
0  -17.952188 -6.521006 30.626400  0.000000 -0.656233 0.754558  0.177590 0.638565 1 0 1.000000
ConsolePanelLoadingBay
0  -15.293431 -3.871063 32.574070  0.000000 -0.984797 -0.173709  0.212073 0.676190 1 0 1.000000
0  -16.421572 -3.925652 32.883549  0.000000 -0.984797 -0.173709  0.197441 0.677993 1 0 1.000000
0  -16.598906 -3.871063 32.574070  0.000000 -0.984797 -0.173709  0.195141 0.676190 1 0 1.000000
ConsolePanelLoadingBay
0  -16.421572 -3.925652 32.883549  -0.835229 -0.360863 0.414935  0.197441 0.677993 1 0 1.000000
0  -16.598906 -2.840122 33.470665  -0.835224 -0.360868 0.414941  0.195141 0.691410 1 0 1.000000
0  -16.598906 -3.871063 32.574070  -0.835230 -0.360862 0.414934  0.195141 0.676190 1 0 1.000000
ConsolePanelLoadingBay
0  -15.293431 -2.840122 33.470665  0.835229 -0.360861 0.414935  0.212073 0.691410 1 0 1.000000
0  -15.470764 -3.925652 32.883549  0.835229 -0.360861 0.414935  0.209773 0.677993 1 0 1.000000
0  -15.293431 -3.871063 32.574070  0.835229 -0.360861 0.414935  0.212073 0.676190 1 0 1.000000
ConsolePanelLoadingBay
0  -16.421572 -3.139037 33.567657  0.000000 0.308640 0.951179  0.197441 0.689607 1 0 1.000000
0  -15.293431 -2.840122 33.470665  0.000000 0.308640 0.951179  0.212073 0.691410 1 0 1.000000
0  -16.598906 -2.840122 33.470665  0.000000 0.308640 0.951179  0.195141 0.691410 1 0 1.000000
ConsolePanelLoadingBay
0  -13.900392 -3.925652 32.883549  0.000000 -0.656231 0.754560  0.230141 0.677993 1 0 1.000000
0  -14.851200 -3.139037 33.567657  0.000000 -0.656231 0.754560  0.217809 0.689607 1 0 1.000000
0  -14.851200 -3.925652 32.883549  0.000000 -0.656231 0.754560  0.217809 0.677993 1 0 1.000000
ConsolePanelLoadingBay
0  -13.723059 -3.871063 32.574070  0.000000 -0.984797 -0.173707  0.232441 0.676190 1 0 1.000000
0  -14.851200 -3.925652 32.883549  0.000000 -0.984797 -0.173707  0.217809 0.677993 1 0 1.000000
0  -15.028533 -3.871063 32.574070  0.000000 -0.984797 -0.173707  0.215509 0.676190 1 0 1.000000
ConsolePanelLoadingBay
0  -14.851200 -3.925652 32.883549  -0.835230 -0.360860 0.414934  0.217809 0.677993 1 0 1.000000
0  -15.028533 -2.840122 33.470665  -0.835225 -0.360867 0.414939  0.215509 0.691410 1 0 1.000000
0  -15.028533 -3.871063 32.574070  -0.835232 -0.360859 0.414933  0.215509 0.676190 1 0 1.000000
ConsolePanelLoadingBay
0  -13.723059 -2.840122 33.470665  0.835228 -0.360866 0.414934  0.232441 0.691410 1 0 1.000000
0  -13.900392 -3.925652 32.883549  0.835228 -0.360866 0.414934  0.230141 0.677993 1 0 1.000000
0  -13.723059 -3.871063 32.574070  0.835228 -0.360866 0.414934  0.232441 0.676190 1 0 1.000000
ConsolePanelLoadingBay
0  -14.851200 -3.139037 33.567657  0.000000 0.308641 0.951179  0.217809 0.689607 1 0 1.000000
0  -13.723059 -2.840122 33.470665  0.000000 0.308640 0.951179  0.232441 0.691410 1 0 1.000000
0  -15.028533 -2.840122 33.470665  0.000000 0.308641 0.951179  0.215509 0.691410 1 0 1.000000
ConsolePanelLoadingBay
0  -15.470764 -6.521006 30.626400  0.000000 -0.656232 0.754559  0.209773 0.638565 1 0 1.000000
0  -16.421572 -5.734392 31.310511  0.000000 -0.656232 0.754559  0.197441 0.650178 1 0 1.000000
0  -16.421572 -6.521006 30.626400  0.000000 -0.656232 0.754559  0.197441 0.638565 1 0 1.000000
ConsolePanelLoadingBay
0  -12.152686 -2.840122 33.470665  0.835228 -0.360862 0.414937  0.252808 0.691410 1 0 1.000000
0  -12.330020 -3.925652 32.883549  0.835228 -0.360862 0.414937  0.250508 0.677993 1 0 1.000000
0  -12.152686 -3.871063 32.574070  0.835228 -0.360862 0.414937  0.252808 0.676190 1 0 1.000000
ConsolePanelLoadingBay
0  -13.280828 -4.444215 32.432564  0.000000 0.308650 0.951176  0.238176 0.669226 1 0 1.000000
0  -12.152686 -4.145299 32.335567  0.000000 0.308650 0.951176  0.252808 0.671030 1 0 1.000000
0  -13.458160 -4.145299 32.335567  0.000000 0.308650 0.951176  0.235877 0.671030 1 0 1.000000
ConsolePanelLoadingBay
0  -12.152686 -3.871063 32.574070  0.000000 -0.984797 -0.173707  0.252808 0.676190 1 0 1.000000
0  -13.280828 -3.925652 32.883549  0.000000 -0.984797 -0.173707  0.238176 0.677993 1 0 1.000000
0  -13.458160 -3.871063 32.574070  0.000000 -0.984797 -0.173707  0.235877 0.676190 1 0 1.000000
ConsolePanelLoadingBay
0  -13.280828 -3.139037 33.567657  0.000000 0.308641 0.951179  0.238176 0.689607 1 0 1.000000
0  -12.152686 -2.840122 33.470665  0.000000 0.308640 0.951179  0.252808 0.691410 1 0 1.000000
0  -13.458160 -2.840122 33.470665  0.000000 0.308641 0.951179  0.235877 0.691410 1 0 1.000000
ConsolePanelLoadingBay
0  -13.280828 -3.925652 32.883549  -0.835231 -0.360860 0.414932  0.238176 0.677993 1 0 1.000000
0  -13.458160 -2.840122 33.470665  -0.835226 -0.360867 0.414937  0.235877 0.691410 1 0 1.000000
0  -13.458160 -3.871063 32.574070  -0.835232 -0.360859 0.414931  0.235877 0.676190 1 0 1.000000
ConsolePanelLoadingBay
0  -12.152686 -4.145299 32.335567  0.835225 -0.360865 0.414940  0.252808 0.671030 1 0 1.000000
0  -12.330020 -5.230829 31.748451  0.835225 -0.360865 0.414940  0.250508 0.657613 1 0 1.000000
0  -12.152686 -5.176240 31.438972  0.835225 -0.360865 0.414940  0.252808 0.655809 1 0 1.000000
ConsolePanelLoadingBay
0  -13.280828 -5.734392 31.310511  0.000000 0.308644 0.951178  0.238176 0.650178 1 0 1.000000
0  -12.152686 -5.435475 31.213516  0.000000 0.308643 0.951178  0.252808 0.651982 1 0 1.000000
0  -13.458160 -5.435475 31.213516  0.000000 0.308645 0.951177  0.235877 0.651982 1 0 1.000000
ConsolePanelLoadingBay
0  -13.280828 -6.521006 30.626400  -0.835231 -0.360861 0.414933  0.238176 0.638565 1 0 1.000000
0  -13.458160 -5.435475 31.213516  -0.835235 -0.360857 0.414927  0.235877 0.651982 1 0 1.000000
0  -13.458160 -6.466416 30.316921  -0.835230 -0.360862 0.414934  0.235877 0.636761 1 0 1.000000
ConsolePanelLoadingBay
0  -12.152686 -5.176240 31.438972  0.000000 -0.984797 -0.173707  0.252808 0.655809 1 0 1.000000
0  -13.280828 -5.230829 31.748451  0.000000 -0.984797 -0.173707  0.238176 0.657613 1 0 1.000000
0  -13.458160 -5.176240 31.438972  0.000000 -0.984797 -0.173707  0.235877 0.655809 1 0 1.000000
ConsolePanelLoadingBay
0  -13.280828 -5.230829 31.748451  -0.835228 -0.360863 0.414936  0.238176 0.657613 1 0 1.000000
0  -13.458160 -4.145299 32.335567  -0.835232 -0.360860 0.414931  0.235877 0.671030 1 0 1.000000
0  -13.458160 -5.176240 31.438972  -0.835227 -0.360864 0.414937  0.235877 0.655809 1 0 1.000000
ConsolePanelLoadingBay
0  -13.723059 -4.145299 32.335567  0.835225 -0.360869 0.414938  0.232441 0.671030 1 0 1.000000
0  -13.900392 -5.230829 31.748451  0.835225 -0.360869 0.414938  0.230141 0.657613 1 0 1.000000
0  -13.723059 -5.176240 31.438972  0.835225 -0.360869 0.414938  0.232441 0.655809 1 0 1.000000
ConsolePanelLoadingBay
0  -15.470764 -5.230829 31.748451  0.000000 -0.656233 0.754558  0.209773 0.657613 1 0 1.000000
0  -16.421572 -4.444215 32.432564  0.000000 -0.656233 0.754558  0.197441 0.669226 1 0 1.000000
0  -16.421572 -5.230829 31.748451  0.000000 -0.656233 0.754558  0.197441 0.657613 1 0 1.000000
ConsolePanelLoadingBay
0  -14.851200 -4.444215 32.432564  0.000000 0.308650 0.951176  0.217809 0.669226 1 0 1.000000
0  -13.723059 -4.145299 32.335567  0.000000 0.308650 0.951176  0.232441 0.671030 1 0 1.000000
0  -15.028533 -4.145299 32.335567  0.000000 0.308650 0.951176  0.215509 0.671030 1 0 1.000000
ConsolePanelLoadingBay
0  -14.851200 -5.230829 31.748451  -0.835227 -0.360864 0.414938  0.217809 0.657613 1 0 1.000000
0  -15.028533 -4.145299 32.335567  -0.835229 -0.360865 0.414932  0.215509 0.671030 1 0 1.000000
0  -15.028533 -5.176240 31.438972  -0.835226 -0.360864 0.414939  0.215509 0.655809 1 0 1.000000
ConsolePanelLoadingBay
0  -15.293431 -4.145299 32.335567  0.835226 -0.360864 0.414938  0.212073 0.671030 1 0 1.000000
0  -15.470764 -5.230829 31.748451  0.835226 -0.360864 0.414938  0.209773 0.657613 1 0 1.000000
0  -15.293431 -5.176240 31.438972  0.835226 -0.360864 0.414938  0.212073 0.655809 1 0 1.000000
ConsolePanelLoadingBay
0  -16.421572 -5.230829 31.748451  -0.835225 -0.360867 0.414939  0.197441 0.657613 1 0 1.000000
0  -16.598906 -4.145299 32.335567  -0.835229 -0.360863 0.414934  0.195141 0.671030 1 0 1.000000
0  -16.598906 -5.176240 31.438972  -0.835224 -0.360867 0.414940  0.195141 0.655809 1 0 1.000000
ConsolePanelLoadingBay
0  -16.421572 -4.444215 32.432564  0.000000 0.308650 0.951176  0.197441 0.669226 1 0 1.000000
0  -15.293431 -4.145299 32.335567  0.000000 0.308650 0.951176  0.212073 0.671030 1 0 1.000000
0  -16.598906 -4.145299 32.335567  0.000000 0.308650 0.951176  0.195141 0.671030 1 0 1.000000
ConsolePanelLoadingBay
0  -15.293431 -5.176240 31.438972  0.000000 -0.984797 -0.173707  0.212073 0.655809 1 0 1.000000
0  -16.421572 -5.230829 31.748451  0.000000 -0.984797 -0.173707  0.197441 0.657613 1 0 1.000000
0  -16.598906 -5.176240 31.438972  0.000000 -0.984797 -0.173707  0.195141 0.655809 1 0 1.000000
ConsolePanelLoadingBay
0  -17.001381 -5.230829 31.748451  0.000000 -0.656233 0.754558  0.189921 0.657613 1 0 1.000000
0  -17.952188 -4.444215 32.432564  0.000000 -0.656233 0.754558  0.177590 0.669226 1 0 1.000000
0  -17.952188 -5.230829 31.748451  0.000000 -0.656234 0.754557  0.177590 0.657613 1 0 1.000000
ConsolePanelLoadingBay
0  -16.824047 -4.145299 32.335567  0.835224 -0.360869 0.414939  0.192221 0.671030 1 0 1.000000
0  -17.001381 -5.230829 31.748451  0.835224 -0.360869 0.414939  0.189921 0.657613 1 0 1.000000
0  -16.824047 -5.176240 31.438972  0.835224 -0.360869 0.414939  0.192221 0.655809 1 0 1.000000
ConsolePanelLoadingBay
0  -17.952188 -5.230829 31.748451  -0.835225 -0.360867 0.414939  0.177590 0.657613 1 0 1.000000
0  -18.129522 -4.145299 32.335567  -0.835229 -0.360863 0.414934  0.175290 0.671030 1 0 1.000000
0  -18.129522 -5.176240 31.438972  -0.835224 -0.360867 0.414940  0.175290 0.655809 1 0 1.000000
ConsolePanelLoadingBay
0  -17.952188 -4.444215 32.432564  0.000000 0.308650 0.951176  0.177590 0.669226 1 0 1.000000
0  -16.824047 -4.145299 32.335567  0.000000 0.308651 0.951175  0.192221 0.671030 1 0 1.000000
0  -18.129522 -4.145299 32.335567  0.000000 0.308650 0.951176  0.175290 0.671030 1 0 1.000000
ConsolePanelLoadingBay
0  -16.824047 -5.176240 31.438972  0.000000 -0.984797 -0.173707  0.192221 0.655809 1 0 1.000000
0  -17.952188 -5.230829 31.748451  0.000000 -0.984797 -0.173707  0.177590 0.657613 1 0 1.000000
0  -18.129522 -5.176240 31.438972  0.000000 -0.984797 -0.173707  0.175290 0.655809 1 0 1.000000
ConsolePanelLoadingBay
0  -18.591631 -5.230829 31.748451  0.000000 -0.656233 0.754558  0.169296 0.657613 1 0 1.000000
0  -19.542439 -4.444215 32.432564  0.000000 -0.656234 0.754558  0.156964 0.669226 1 0 1.000000
0  -19.542439 -5.230829 31.748451  0.000000 -0.656232 0.754559  0.156964 0.657613 1 0 1.000000
ConsolePanelLoadingBay
0  -18.414297 -5.176240 31.438972  0.000000 -0.984798 -0.173706  0.171596 0.655809 1 0 1.000000
0  -19.542439 -5.230829 31.748451  0.000000 -0.984798 -0.173706  0.156964 0.657613 1 0 1.000000
0  -19.719772 -5.176240 31.438972  0.000000 -0.984798 -0.173706  0.154664 0.655809 1 0 1.000000
ConsolePanelLoadingBay
0  -19.542439 -5.230829 31.748451  -0.835225 -0.360867 0.414939  0.156964 0.657613 1 0 1.000000
0  -19.719772 -4.145299 32.335567  -0.835229 -0.360864 0.414934  0.154664 0.671030 1 0 1.000000
0  -19.719772 -5.176240 31.438972  -0.835224 -0.360867 0.414940  0.154664 0.655809 1 0 1.000000
ConsolePanelLoadingBay
0  -18.414297 -4.145299 32.335567  0.835223 -0.360871 0.414939  0.171596 0.671030 1 0 1.000000
0  -18.591631 -5.230829 31.748451  0.835223 -0.360871 0.414939  0.169296 0.657613 1 0 1.000000
0  -18.414297 -5.176240 31.438972  0.835223 -0.360871 0.414939  0.171596 0.655809 1 0 1.000000
ConsolePanelLoadingBay
0  -19.542439 -4.444215 32.432564  0.000000 0.308651 0.951175  0.156964 0.669226 1 0 1.000000
0  -18.414297 -4.145299 32.335567  0.000000 0.308650 0.951176  0.171596 0.671030 1 0 1.000000
0  -19.719772 -4.145299 32.335567  0.000000 0.308651 0.951175  0.154664 0.671030 1 0 1.000000
ConsolePanelLoadingBay
0  -20.221638 -5.230829 31.748451  0.000000 -0.656234 0.754557  0.148155 0.657613 1 0 1.000000
0  -21.172445 -4.444215 32.432564  0.000000 -0.656234 0.754557  0.135823 0.669226 1 0 1.000000
0  -21.172445 -5.230829 31.748451  0.000000 -0.656234 0.754557  0.135823 0.657613 1 0 1.000000
ConsolePanelLoadingBay
0  -20.044304 -5.176240 31.438972  0.000000 -0.984797 -0.173707  0.150455 0.655809 1 0 1.000000
0  -21.172445 -5.230829 31.748451  0.000000 -0.984797 -0.173707  0.135823 0.657613 1 0 1.000000
0  -21.349779 -5.176240 31.438972  0.000000 -0.984797 -0.173707  0.133523 0.655809 1 0 1.000000
ConsolePanelLoadingBay
0  -21.172445 -5.230829 31.748451  -0.835225 -0.360867 0.414939  0.135823 0.657613 1 0 1.000000
0  -21.349779 -4.145299 32.335567  -0.835229 -0.360863 0.414934  0.133523 0.671030 1 0 1.000000
0  -21.349779 -5.176240 31.438972  -0.835224 -0.360867 0.414940  0.133523 0.655809 1 0 1.000000
ConsolePanelLoadingBay
0  -20.044304 -4.145299 32.335567  0.835224 -0.360869 0.414939  0.150455 0.671030 1 0 1.000000
0  -20.221638 -5.230829 31.748451  0.835224 -0.360869 0.414939  0.148155 0.657613 1 0 1.000000
0  -20.044304 -5.176240 31.438972  0.835224 -0.360869 0.414939  0.150455 0.655809 1 0 1.000000
ConsolePanelLoadingBay
0  -21.172445 -4.444215 32.432564  0.000000 0.308650 0.951176  0.135823 0.669226 1 0 1.000000
0  -20.044304 -4.145299 32.335567  0.000000 0.308651 0.951175  0.150455 0.671030 1 0 1.000000
0  -21.349779 -4.145299 32.335567  0.000000 0.308650 0.951176  0.133523 0.671030 1 0 1.000000
ConsolePanelLoadingBay
0  -21.851645 -5.230829 31.748451  0.000000 -0.656233 0.754558  0.127014 0.657613 1 0 1.000000
0  -22.802452 -4.444215 32.432564  0.000000 -0.656234 0.754558  0.114682 0.669226 1 0 1.000000
0  -22.802452 -5.230829 31.748451  0.000000 -0.656232 0.754559  0.114682 0.657613 1 0 1.000000
ConsolePanelLoadingBay
0  -21.674311 -5.176240 31.438972  0.000000 -0.984798 -0.173706  0.129314 0.655809 1 0 1.000000
0  -22.802452 -5.230829 31.748451  0.000000 -0.984798 -0.173706  0.114682 0.657613 1 0 1.000000
0  -22.979786 -5.176240 31.438972  0.000000 -0.984798 -0.173706  0.112382 0.655809 1 0 1.000000
ConsolePanelLoadingBay
0  -22.802452 -5.230829 31.748451  -0.835225 -0.360867 0.414939  0.114682 0.657613 1 0 1.000000
0  -22.979786 -4.145299 32.335567  -0.835228 -0.360866 0.414934  0.112382 0.671030 1 0 1.000000
0  -22.979786 -5.176240 31.438972  -0.835224 -0.360867 0.414940  0.112382 0.655809 1 0 1.000000
ConsolePanelLoadingBay
0  -21.674311 -4.145299 32.335567  0.835225 -0.360865 0.414940  0.129314 0.671030 1 0 1.000000
0  -21.851645 -5.230829 31.748451  0.835225 -0.360865 0.414940  0.127014 0.657613 1 0 1.000000
0  -21.674311 -5.176240 31.438972  0.835225 -0.360865 0.414940  0.129314 0.655809 1 0 1.000000
ConsolePanelLoadingBay
0  -22.802452 -4.444215 32.432564  0.000000 0.308651 0.951175  0.114682 0.669226 1 0 1.000000
0  -21.674311 -4.145299 32.335567  0.000000 0.308650 0.951176  0.129314 0.671030 1 0 1.000000
0  -22.979786 -4.145299 32.335567  0.000000 0.308651 0.951175  0.112382 0.671030 1 0 1.000000
ConsolePanelLoadingBay
0  -23.481651 -5.230829 31.748451  0.000000 -0.656233 0.754558  0.105873 0.657613 1 0 1.000000
0  -24.432459 -4.444215 32.432564  0.000000 -0.656233 0.754558  0.093541 0.669226 1 0 1.000000
0  -24.432459 -5.230829 31.748451  0.000000 -0.656233 0.754558  0.093541 0.657613 1 0 1.000000
ConsolePanelLoadingBay
0  -23.304317 -5.176240 31.438972  0.000000 -0.984797 -0.173707  0.108173 0.655809 1 0 1.000000
0  -24.432459 -5.230829 31.748451  0.000000 -0.984797 -0.173707  0.093541 0.657613 1 0 1.000000
0  -24.609793 -5.176240 31.438972  0.000000 -0.984797 -0.173707  0.091241 0.655809 1 0 1.000000
ConsolePanelLoadingBay
0  -24.432459 -5.230829 31.748451  -0.835225 -0.360867 0.414939  0.093541 0.657613 1 0 1.000000
0  -24.609793 -4.145299 32.335567  -0.835228 -0.360865 0.414934  0.091241 0.671030 1 0 1.000000
0  -24.609793 -5.176240 31.438972  -0.835224 -0.360867 0.414940  0.091241 0.655809 1 0 1.000000
ConsolePanelLoadingBay
0  -23.304317 -4.145299 32.335567  0.835226 -0.360863 0.414940  0.108173 0.671030 1 0 1.000000
0  -23.481651 -5.230829 31.748451  0.835226 -0.360863 0.414940  0.105873 0.657613 1 0 1.000000
0  -23.304317 -5.176240 31.438972  0.835226 -0.360863 0.414940  0.108173 0.655809 1 0 1.000000
ConsolePanelLoadingBay
0  -24.432459 -4.444215 32.432564  0.000000 0.308651 0.951175  0.093541 0.669226 1 0 1.000000
0  -23.304317 -4.145299 32.335567  0.000000 0.308650 0.951176  0.108173 0.671030 1 0 1.000000
0  -24.609793 -4.145299 32.335567  0.000000 0.308651 0.951175  0.091241 0.671030 1 0 1.000000
ConsolePanelLoadingBay
0  -21.851645 -3.925652 32.883549  0.000000 -0.656231 0.754560  0.127014 0.677993 1 0 1.000000
0  -22.802452 -3.139037 33.567657  0.000000 -0.656231 0.754560  0.114682 0.689607 1 0 1.000000
0  -22.802452 -3.925652 32.883549  0.000000 -0.656229 0.754561  0.114682 0.677993 1 0 1.000000
ConsolePanelLoadingBay
0  -23.304317 -6.466416 30.316921  0.000000 -0.984796 -0.173713  0.108173 0.636761 1 0 1.000000
0  -24.432459 -6.521006 30.626400  0.000000 -0.984796 -0.173713  0.093541 0.638565 1 0 1.000000
0  -24.609793 -6.466416 30.316921  0.000000 -0.984796 -0.173713  0.091241 0.636761 1 0 1.000000
ConsolePanelLoadingBay
0  -24.432459 -6.521006 30.626400  -0.835228 -0.360865 0.414936  0.093541 0.638565 1 0 1.000000
0  -24.609793 -5.435475 31.213516  -0.835231 -0.360864 0.414930  0.091241 0.651982 1 0 1.000000
0  -24.609793 -6.466416 30.316921  -0.835227 -0.360865 0.414937  0.091241 0.636761 1 0 1.000000
ConsolePanelLoadingBay
0  -23.304317 -5.435475 31.213516  0.835227 -0.360862 0.414939  0.108173 0.651982 1 0 1.000000
0  -23.481651 -6.521006 30.626400  0.835227 -0.360862 0.414939  0.105873 0.638565 1 0 1.000000
0  -23.304317 -6.466416 30.316921  0.835227 -0.360862 0.414939  0.108173 0.636761 1 0 1.000000
ConsolePanelLoadingBay
0  -24.432459 -5.734392 31.310511  0.000000 0.308643 0.951178  0.093541 0.650178 1 0 1.000000
0  -23.304317 -5.435475 31.213516  0.000000 0.308644 0.951177  0.108173 0.651982 1 0 1.000000
0  -24.609793 -5.435475 31.213516  0.000000 0.308643 0.951178  0.091241 0.651982 1 0 1.000000
ConsolePanelLoadingBay
0  -21.851645 -6.521006 30.626400  0.000000 -0.656233 0.754558  0.127014 0.638565 1 0 1.000000
0  -22.802452 -5.734392 31.310511  0.000000 -0.656233 0.754558  0.114682 0.650178 1 0 1.000000
0  -22.802452 -6.521006 30.626400  0.000000 -0.656232 0.754559  0.114682 0.638565 1 0 1.000000
ConsolePanelLoadingBay
0  -21.674311 -6.466416 30.316921  0.000000 -0.984796 -0.173713  0.129314 0.636761 1 0 1.000000
0  -22.802452 -6.521006 30.626400  0.000000 -0.984796 -0.173713  0.114682 0.638565 1 0 1.000000
0  -22.979786 -6.466416 30.316921  0.000000 -0.984796 -0.173713  0.112382 0.636761 1 0 1.000000
ConsolePanelLoadingBay
0  -22.802452 -6.521006 30.626400  -0.835228 -0.360864 0.414936  0.114682 0.638565 1 0 1.000000
0  -22.979786 -5.435475 31.213516  -0.835232 -0.360860 0.414931  0.112382 0.651982 1 0 1.000000
0  -22.979786 -6.466416 30.316921  -0.835227 -0.360865 0.414937  0.112382 0.636761 1 0 1.000000
ConsolePanelLoadingBay
0  -21.674311 -5.435475 31.213516  0.835227 -0.360864 0.414938  0.129314 0.651982 1 0 1.000000
0  -21.851645 -6.521006 30.626400  0.835227 -0.360864 0.414938  0.127014 0.638565 1 0 1.000000
0  -21.674311 -6.466416 30.316921  0.835227 -0.360864 0.414938  0.129314 0.636761 1 0 1.000000
ConsolePanelLoadingBay
0  -22.802452 -5.734392 31.310511  0.000000 0.308645 0.951177  0.114682 0.650178 1 0 1.000000
0  -21.674311 -5.435475 31.213516  0.000000 0.308643 0.951178  0.129314 0.651982 1 0 1.000000
0  -22.979786 -5.435475 31.213516  0.000000 0.308645 0.951177  0.112382 0.651982 1 0 1.000000
ConsolePanelLoadingBay
0  -20.221638 -6.521006 30.626400  0.000000 -0.656232 0.754559  0.148155 0.638565 1 0 1.000000
0  -21.172445 -5.734392 31.310511  0.000000 -0.656232 0.754559  0.135823 0.650178 1 0 1.000000
0  -21.172445 -6.521006 30.626400  0.000000 -0.656233 0.754558  0.135823 0.638565 1 0 1.000000
ConsolePanelLoadingBay
0  -20.044304 -6.466416 30.316921  0.000000 -0.984796 -0.173713  0.150455 0.636761 1 0 1.000000
0  -21.172445 -6.521006 30.626400  0.000000 -0.984796 -0.173713  0.135823 0.638565 1 0 1.000000
0  -21.349779 -6.466416 30.316921  0.000000 -0.984796 -0.173713  0.133523 0.636761 1 0 1.000000
ConsolePanelLoadingBay
0  -21.172445 -6.521006 30.626400  -0.835228 -0.360864 0.414936  0.135823 0.638565 1 0 1.000000
0  -21.349779 -5.435475 31.213516  -0.835232 -0.360861 0.414930  0.133523 0.651982 1 0 1.000000
0  -21.349779 -6.466416 30.316921  -0.835227 -0.360865 0.414937  0.133523 0.636761 1 0 1.000000
ConsolePanelLoadingBay
0  -20.044304 -5.435475 31.213516  0.835225 -0.360868 0.414938  0.150455 0.651982 1 0 1.000000
0  -20.221638 -6.521006 30.626400  0.835225 -0.360868 0.414938  0.148155 0.638565 1 0 1.000000
0  -20.044304 -6.466416 30.316921  0.835225 -0.360868 0.414938  0.150455 0.636761 1 0 1.000000
ConsolePanelLoadingBay
0  -21.172445 -5.734392 31.310511  0.000000 0.308644 0.951178  0.135823 0.650178 1 0 1.000000
0  -20.044304 -5.435475 31.213516  0.000000 0.308644 0.951178  0.150455 0.651982 1 0 1.000000
0  -21.349779 -5.435475 31.213516  0.000000 0.308644 0.951178  0.133523 0.651982 1 0 1.000000
ConsolePanelLoadingBay
0  -18.591631 -6.521006 30.626400  0.000000 -0.656232 0.754559  0.169296 0.638565 1 0 1.000000
0  -19.542439 -5.734392 31.310511  0.000000 -0.656232 0.754559  0.156964 0.650178 1 0 1.000000
0  -19.542439 -6.521006 30.626400  0.000000 -0.656231 0.754560  0.156964 0.638565 1 0 1.000000
ConsolePanelLoadingBay
0  -18.414297 -6.466416 30.316921  0.000000 -0.984796 -0.173713  0.171596 0.636761 1 0 1.000000
0  -19.542439 -6.521006 30.626400  0.000000 -0.984796 -0.173713  0.156964 0.638565 1 0 1.000000
0  -19.719772 -6.466416 30.316921  0.000000 -0.984796 -0.173713  0.154664 0.636761 1 0 1.000000
ConsolePanelLoadingBay
0  -19.542439 -6.521006 30.626400  -0.835228 -0.360864 0.414936  0.156964 0.638565 1 0 1.000000
0  -19.719772 -5.435475 31.213516  -0.835232 -0.360860 0.414931  0.154664 0.651982 1 0 1.000000
0  -19.719772 -6.466416 30.316921  -0.835227 -0.360865 0.414937  0.154664 0.636761 1 0 1.000000
ConsolePanelLoadingBay
0  -18.414297 -5.435475 31.213516  0.835225 -0.360869 0.414938  0.171596 0.651982 1 0 1.000000
0  -18.591631 -6.521006 30.626400  0.835225 -0.360869 0.414938  0.169296 0.638565 1 0 1.000000
0  -18.414297 -6.466416 30.316921  0.835225 -0.360869 0.414938  0.171596 0.636761 1 0 1.000000
ConsolePanelLoadingBay
0  -19.542439 -5.734392 31.310511  0.000000 0.308645 0.951177  0.156964 0.650178 1 0 1.000000
0  -18.414297 -5.435475 31.213516  0.000000 0.308643 0.951178  0.171596 0.651982 1 0 1.000000
0  -19.719772 -5.435475 31.213516  0.000000 0.308645 0.951177  0.154664 0.651982 1 0 1.000000
ConsolePanelLoadingBay
0  -17.001381 -3.925652 32.883549  0.000000 -0.656231 0.754560  0.189921 0.677993 1 0 1.000000
0  -17.952188 -3.139037 33.567657  0.000000 -0.656231 0.754560  0.177590 0.689607 1 0 1.000000
0  -17.952188 -3.925652 32.883549  0.000000 -0.656232 0.754559  0.177590 0.677993 1 0 1.000000
ConsolePanelLoadingBay
0  -16.824047 -6.466416 30.316921  0.000000 -0.984796 -0.173713  0.192221 0.636761 1 0 1.000000
0  -17.952188 -6.521006 30.626400  0.000000 -0.984796 -0.173713  0.177590 0.638565 1 0 1.000000
0  -18.129522 -6.466416 30.316921  0.000000 -0.984796 -0.173713  0.175290 0.636761 1 0 1.000000
ConsolePanelLoadingBay
0  -17.952188 -6.521006 30.626400  -0.835228 -0.360864 0.414936  0.177590 0.638565 1 0 1.000000
0  -18.129522 -5.435475 31.213516  -0.835232 -0.360860 0.414931  0.175290 0.651982 1 0 1.000000
0  -18.129522 -6.466416 30.316921  -0.835227 -0.360865 0.414937  0.175290 0.636761 1 0 1.000000
ConsolePanelLoadingBay
0  -16.824047 -5.435475 31.213516  0.835225 -0.360868 0.414938  0.192221 0.651982 1 0 1.000000
0  -17.001381 -6.521006 30.626400  0.835225 -0.360868 0.414938  0.189921 0.638565 1 0 1.000000
0  -16.824047 -6.466416 30.316921  0.835225 -0.360868 0.414938  0.192221 0.636761 1 0 1.000000
ConsolePanelLoadingBay
0  -17.952188 -5.734392 31.310511  0.000000 0.308644 0.951178  0.177590 0.650178 1 0 1.000000
0  -16.824047 -5.435475 31.213516  0.000000 0.308644 0.951178  0.192221 0.651982 1 0 1.000000
0  -18.129522 -5.435475 31.213516  0.000000 0.308644 0.951178  0.175290 0.651982 1 0 1.000000
ConsolePanelLoadingBay
0  -15.470764 -3.925652 32.883549  0.000000 -0.656231 0.754560  0.209773 0.677993 1 0 1.000000
0  -16.421572 -3.139037 33.567657  0.000000 -0.656231 0.754560  0.197441 0.689607 1 0 1.000000
0  -16.421572 -3.925652 32.883549  0.000000 -0.656231 0.754560  0.197441 0.677993 1 0 1.000000
ConsolePanelLoadingBay
0  -15.293431 -6.466416 30.316921  0.000000 -0.984797 -0.173711  0.212073 0.636761 1 0 1.000000
0  -16.421572 -6.521006 30.626400  0.000000 -0.984797 -0.173711  0.197441 0.638565 1 0 1.000000
0  -16.598906 -6.466416 30.316921  0.000000 -0.984797 -0.173711  0.195141 0.636761 1 0 1.000000
ConsolePanelLoadingBay
0  -16.421572 -6.521006 30.626400  -0.835228 -0.360864 0.414936  0.197441 0.638565 1 0 1.000000
0  -16.598906 -5.435475 31.213516  -0.835232 -0.360860 0.414931  0.195141 0.651982 1 0 1.000000
0  -16.598906 -6.466416 30.316921  -0.835227 -0.360865 0.414937  0.195141 0.636761 1 0 1.000000
ConsolePanelLoadingBay
0  -15.293431 -5.435475 31.213516  0.835228 -0.360862 0.414937  0.212073 0.651982 1 0 1.000000
0  -15.470764 -6.521006 30.626400  0.835228 -0.360862 0.414937  0.209773 0.638565 1 0 1.000000
0  -15.293431 -6.466416 30.316921  0.835228 -0.360862 0.414937  0.212073 0.636761 1 0 1.000000
ConsolePanelLoadingBay
0  -16.421572 -5.734392 31.310511  0.000000 0.308644 0.951178  0.197441 0.650178 1 0 1.000000
0  -15.293431 -5.435475 31.213516  0.000000 0.308644 0.951178  0.212073 0.651982 1 0 1.000000
0  -16.598906 -5.435475 31.213516  0.000000 0.308645 0.951177  0.195141 0.651982 1 0 1.000000
ConsolePanelLoadingBay
0  -13.900392 -6.521006 30.626400  0.000000 -0.656233 0.754559  0.230141 0.638565 1 0 1.000000
0  -14.851200 -5.734392 31.310511  0.000000 -0.656233 0.754559  0.217809 0.650178 1 0 1.000000
0  -14.851200 -6.521006 30.626400  0.000000 -0.656233 0.754559  0.217809 0.638565 1 0 1.000000
ConsolePanelLoadingBay
0  -13.723059 -6.466416 30.316921  0.000000 -0.984797 -0.173711  0.232441 0.636761 1 0 1.000000
0  -14.851200 -6.521006 30.626400  0.000000 -0.984797 -0.173711  0.217809 0.638565 1 0 1.000000
0  -15.028533 -6.466416 30.316921  0.000000 -0.984797 -0.173711  0.215509 0.636761 1 0 1.000000
ConsolePanelLoadingBay
0  -14.851200 -6.521006 30.626400  -0.835230 -0.360861 0.414935  0.217809 0.638565 1 0 1.000000
0  -15.028533 -5.435475 31.213516  -0.835233 -0.360858 0.414929  0.215509 0.651982 1 0 1.000000
0  -15.028533 -6.466416 30.316921  -0.835229 -0.360861 0.414936  0.215509 0.636761 1 0 1.000000
ConsolePanelLoadingBay
0  -13.723059 -5.435475 31.213516  0.835226 -0.360868 0.414936  0.232441 0.651982 1 0 1.000000
0  -13.900392 -6.521006 30.626400  0.835226 -0.360868 0.414936  0.230141 0.638565 1 0 1.000000
0  -13.723059 -6.466416 30.316921  0.835226 -0.360868 0.414936  0.232441 0.636761 1 0 1.000000
ConsolePanelLoadingBay
0  -14.851200 -5.734392 31.310511  0.000000 0.308645 0.951177  0.217809 0.650178 1 0 1.000000
0  -13.723059 -5.435475 31.213516  0.000000 0.308643 0.951178  0.232441 0.651982 1 0 1.000000
0  -15.028533 -5.435475 31.213516  0.000000 0.308645 0.951177  0.215509 0.651982 1 0 1.000000
ConsolePanelLoadingBay
0  -2.285111 2.986941 38.555119  0.000000 -0.656231 0.754560  0.379738 0.781337 1 0 1.000000
0  -26.749788 -6.809865 30.034954  0.000000 -0.656231 0.754560  0.063799 0.630768 1 0 1.000000
0  -2.285111 -6.809865 30.034954  0.000000 -0.656231 0.754560  0.379756 0.630799 1 0 1.000000
ConsolePanelLoadingBay
0  -13.900392 -5.230829 31.748451  0.000000 -0.656234 0.754558  0.230141 0.657613 1 0 1.000000
0  -14.851200 -4.444215 32.432564  0.000000 -0.656234 0.754558  0.217809 0.669226 1 0 1.000000
0  -14.851200 -5.230829 31.748451  0.000000 -0.656233 0.754558  0.217809 0.657613 1 0 1.000000
ConsolePanelLoadingBay
0  -12.330020 -6.521006 30.626400  0.000000 -0.656233 0.754559  0.250508 0.638565 1 0 1.000000
0  -13.280828 -5.734392 31.310511  0.000000 -0.656233 0.754559  0.238176 0.650178 1 0 1.000000
0  -13.280828 -6.521006 30.626400  0.000000 -0.656233 0.754559  0.238176 0.638565 1 0 1.000000
ConsolePanelLoadingBay
0  -12.330020 -5.230829 31.748451  0.000000 -0.656234 0.754558  0.250508 0.657613 1 0 1.000000
0  -13.280828 -4.444215 32.432564  0.000000 -0.656234 0.754558  0.238176 0.669226 1 0 1.000000
0  -13.280828 -5.230829 31.748451  0.000000 -0.656234 0.754557  0.238176 0.657613 1 0 1.000000
ConsolePanelLoadingBay
0  -12.152686 -6.466416 30.316921  0.000000 -0.984797 -0.173711  0.252808 0.636761 1 0 1.000000
0  -13.280828 -6.521006 30.626400  0.000000 -0.984797 -0.173711  0.238176 0.638565 1 0 1.000000
0  -13.458160 -6.466416 30.316921  0.000000 -0.984797 -0.173711  0.235877 0.636761 1 0 1.000000
ConsolePanelLoadingBay
0  -12.152686 -5.435475 31.213516  0.835227 -0.360864 0.414938  0.252808 0.651982 1 0 1.000000
0  -12.330020 -6.521006 30.626400  0.835227 -0.360864 0.414938  0.250508 0.638565 1 0 1.000000
0  -12.152686 -6.466416 30.316921  0.835227 -0.360864 0.414938  0.252808 0.636761 1 0 1.000000
ConsolePanelLoadingBay
0  31.707117 -8.039357 29.278763  0.621289 -0.514918 0.590643  0.632614 0.240220 1 0 1.000000
0  31.951651 4.222677 39.711563  0.621319 -0.514903 0.590624  0.534900 0.324501 1 0 1.000000
0  31.707117 4.145754 39.894897  0.621319 -0.514904 0.590624  0.535521 0.325981 1 0 1.000000
ConsolePanelLoadingBay
0  -31.815548 4.222677 39.711563  -0.586639 0.000000 0.809848  0.534900 0.324501 1 0 1.000000
0  -31.562456 8.045531 39.894897  -0.586636 0.000000 0.809851  0.504019 0.325985 1 0 1.000000
0  -31.815548 7.909286 39.711563  -0.586636 0.000000 0.809851  0.505120 0.324505 1 0 1.000000
ConsolePanelLoadingBay
0  31.707117 8.045533 0.001321  0.083852 0.149754 -0.985161  0.504019 0.003749 1 0 1.000000
0  31.951651 -7.876825 0.001321  0.871491 -0.459048 0.172565  0.631300 0.003734 1 0 1.000000
0  31.707117 -8.044419 0.001321  0.116186 -0.167796 -0.978951  0.632655 0.003735 1 0 1.000000
ConsolePanelLoadingBay
0  31.707117 8.045531 39.894897  0.486708 0.873565 0.000000  0.504019 0.325985 1 0 1.000000
0  31.951651 7.909288 0.001321  0.845510 0.496813 0.195678  0.505119 0.003748 1 0 1.000000
0  31.707117 8.045533 0.001321  0.083852 0.149754 -0.985161  0.504019 0.003749 1 0 1.000000
ConsolePanelLoadingBay
0  -31.791149 -7.876825 0.001321  -0.879776 -0.445670 0.165446  0.631300 0.003734 1 0 1.000000
0  -31.562456 -8.039357 29.278763  -0.575116 -0.818072 -0.000051  0.632614 0.240220 1 0 1.000000
0  -31.815548 -7.868244 29.163874  -0.575105 -0.818080 -0.000050  0.631232 0.239292 1 0 1.000000
ConsolePanelLoadingBay
0  -31.815548 -7.868244 29.163874  -0.608150 -0.521650 0.598361  0.631232 0.239292 1 0 1.000000
0  -31.562456 4.145754 39.894897  -0.608132 -0.521659 0.598371  0.535521 0.325981 1 0 1.000000
0  -31.815548 4.222677 39.711563  -0.608142 -0.521652 0.598366  0.534900 0.324501 1 0 1.000000
ConsolePanelLoadingBay
0  -30.156605 -3.508442 34.724701  0.000000 -0.656231 0.754560  0.021355 0.695300 1 0 1.000000
0  -28.599920 -3.508442 34.724701  0.000000 -0.656231 0.754560  0.039408 0.695300 1 0 1.000000
0  -28.599920 -2.333831 35.746246  0.000000 -0.656232 0.754559  0.039408 0.713352 1 0 1.000000
ConsolePanelLoadingBay
0  -31.562456 -8.044419 0.001321  -0.123592 -0.175961 -0.976608  0.632655 0.003735 1 0 1.000000
0  -31.791149 7.909288 0.001321  -0.848217 0.494757 0.189061  0.505119 0.003748 1 0 1.000000
0  -31.562456 8.045533 0.001321  -0.089432 0.158254 -0.983340  0.504019 0.003749 1 0 1.000000
ConsolePanelLoadingBay
0  6.693662 -8.039357 29.278763  -1.000000 -0.000396 -0.000345  0.430793 0.923533 1 0 1.000000
0  6.685173 0.013247 44.638157  -0.929123 -0.243282 0.278467  0.304538 0.995431 1 0 1.000000
0  6.685173 4.145754 39.894897  -1.000000 -0.000396 -0.000345  0.304494 0.923804 1 0 1.000000
ConsolePanelLoadingBay
0  31.707117 -8.044419 0.001321  0.116186 -0.167796 -0.978951  0.632655 0.003735 1 0 1.000000
0  31.951651 -7.868244 29.163874  0.569390 -0.822067 0.000192  0.631232 0.239292 1 0 1.000000
0  31.707117 -8.039357 29.278763  0.569393 -0.822065 0.000191  0.632614 0.240220 1 0 1.000000
ConsolePanelLoadingBay
0  31.707117 4.145754 39.894897  0.599858 0.000000 0.800107  0.535521 0.325981 1 0 1.000000
0  31.951651 7.909286 39.711563  0.599866 0.000000 0.800100  0.505120 0.324505 1 0 1.000000
0  31.707117 8.045531 39.894897  0.599867 0.000000 0.800100  0.504019 0.325985 1 0 1.000000
ConsolePanelLoadingBay
0  -31.562456 4.145754 39.894897  -0.000978 -0.659521 0.751686  0.001623 0.801636 1 0 1.000000
0  -26.892857 -7.090186 30.123137  -0.000949 -0.659975 0.751287  0.061952 0.628989 1 0 1.000000
0  -26.892857 2.938497 38.844963  -0.000958 -0.659510 0.751695  0.061933 0.783091 1 0 1.000000
ConsolePanelLoadingBay
0  -3.232575 -6.611533 30.216599  0.000000 -0.792363 -0.610049  0.837075 0.073572 1 0 1.000000
0  -9.490641 -8.128223 32.186554  0.000000 -0.792363 -0.610049  0.700520 0.128161 1 0 1.000000
0  -9.490641 -6.611533 30.216599  0.000000 -0.792363 -0.610049  0.700520 0.073572 1 0 1.000000
ConsolePanelLoadingBay
0  -26.749788 2.986941 38.555119  0.000000 -0.986318 -0.164854  0.063780 0.781306 1 0 1.000000
0  -2.142043 2.938497 38.844963  0.000000 -0.986318 -0.164852  0.381586 0.783123 1 0 1.000000
0  -26.892857 2.938497 38.844963  0.000000 -0.986318 -0.164854  0.061933 0.783091 1 0 1.000000
ConsolePanelLoadingBay
0  -3.232575 -8.128223 32.186554  0.000000 -0.754145 0.656707  0.837075 0.128161 1 0 1.000000
0  -9.490641 -4.071084 36.845665  -0.000002 -0.440489 0.897758  0.700520 0.277809 1 0 1.000000
0  -9.490641 -8.128223 32.186554  0.000000 -0.754145 0.656707  0.700520 0.128161 1 0 1.000000
ConsolePanelLoadingBay
0  -2.285111 -6.809865 30.034954  0.000000 0.300079 0.953914  0.379756 0.630799 1 0 1.000000
0  -26.892857 -7.090186 30.123137  0.000000 0.300079 0.953914  0.061952 0.628989 1 0 1.000000
0  -2.142043 -7.090186 30.123137  0.000000 0.300079 0.953914  0.381605 0.629021 1 0 1.000000
ConsolePanelLoadingBay
0  6.881717 -12.153599 34.287483  -0.270607 -0.811001 0.518700  0.007329 0.808145 1 0 1.000000
0  31.518963 -0.252215 44.656425  0.000000 -0.656897 0.753981  0.295072 0.992497 1 0 1.000000
0  6.873425 -0.252215 44.656425  -0.382736 -0.607027 0.696442  0.007232 0.992497 1 0 1.000000
ConsolePanelLoadingBay
0  9.779420 -2.642141 42.516075  0.923960 -0.287007 -0.252833  0.908078 0.225290 1 0 1.000000
0  9.779420 -11.400393 38.441818  1.000000 -0.000000 0.000000  0.977124 0.006875 1 0 1.000000
0  9.779420 -9.594355 36.391663  1.000000 -0.000000 0.000000  0.908078 0.006875 1 0 1.000000
ConsolePanelLoadingBay
0  21.195429 -1.280654 43.715450  0.384207 0.692774 0.610286  0.908078 0.508612 1 0 1.000000
0  22.792019 -4.292606 44.703278  0.924502 0.286023 0.251966  0.977124 0.555995 1 0 1.000000
0  22.792019 -2.486566 42.653126  0.924502 0.286022 0.251966  0.908078 0.555995 1 0 1.000000
ConsolePanelLoadingBay
0  21.195429 -3.086694 45.765602  0.000005 -0.661017 0.750371  0.854329 0.009430 1 0 1.000000
0  11.338402 -3.277335 45.597664  -0.000004 -0.661015 0.750373  0.688336 0.013708 1 0 1.000000
0  20.988022 -3.277335 45.597664  0.000003 -0.661017 0.750371  0.850836 0.013708 1 0 1.000000
ConsolePanelLoadingBay
0  22.792019 -4.292606 44.703278  0.000001 -0.661022 0.750367  0.881216 0.036494 1 0 1.000000
0  20.988022 -3.277335 45.597664  0.000003 -0.661017 0.750371  0.850836 0.013708 1 0 1.000000
0  22.558969 -4.448181 44.566227  0.000001 -0.661021 0.750367  0.877291 0.039985 1 0 1.000000
ConsolePanelLoadingBay
0  22.558969 -11.400393 38.441818  0.000000 -0.661021 0.750368  0.877291 0.196010 1 0 1.000000
0  22.792019 -4.292606 44.703278  0.000001 -0.661022 0.750367  0.881216 0.036494 1 0 1.000000
0  22.558969 -4.448181 44.566227  0.000001 -0.661021 0.750367  0.877291 0.039985 1 0 1.000000
ConsolePanelLoadingBay
0  20.988022 -1.471295 43.547508  -0.381131 -0.693731 -0.611127  0.908078 0.509001 1 0 1.000000
0  11.338402 -3.277335 45.597664  0.382897 -0.693183 -0.610645  0.977124 0.273501 1 0 1.000000
0  11.338402 -1.471295 43.547508  0.382896 -0.693183 -0.610645  0.908078 0.273501 1 0 1.000000
ConsolePanelLoadingBay
0  22.792019 -9.594355 36.391663  0.000000 -0.750371 -0.661017  0.908078 0.751876 1 0 1.000000
0  22.558969 -11.400393 38.441818  0.000000 -0.750371 -0.661017  0.977124 0.775134 1 0 1.000000
0  22.558969 -9.594355 36.391663  0.000000 -0.750371 -0.661017  0.908078 0.775134 1 0 1.000000
ConsolePanelLoadingBay
0  22.558969 -9.594355 36.391663  -1.000000 0.000000 0.000000  0.908078 0.775134 1 0 1.000000
0  22.558969 -4.448181 44.566227  -0.923217 -0.288351 -0.254016  0.977124 0.557274 1 0 1.000000
0  22.558969 -2.642141 42.516075  -0.923228 -0.288331 -0.253999  0.908078 0.557274 1 0 1.000000
ConsolePanelLoadingBay
0  11.338402 -1.471295 43.547508  0.382896 -0.693183 -0.610645  0.908078 0.273501 1 0 1.000000
0  9.779420 -4.448181 44.566227  0.923961 -0.287006 -0.252832  0.977124 0.225290 1 0 1.000000
0  9.779420 -2.642141 42.516075  0.923960 -0.287007 -0.252833  0.908078 0.225290 1 0 1.000000
ConsolePanelLoadingBay
0  9.522439 -2.486566 42.653126  -0.923789 0.287317 0.253106  0.908078 0.226310 1 0 1.000000
0  11.130994 -3.086694 45.765602  -0.382483 0.693311 0.610759  0.977124 0.273881 1 0 1.000000
0  11.130994 -1.280654 43.715450  -0.382482 0.693312 0.610759  0.908078 0.273881 1 0 1.000000
ConsolePanelLoadingBay
0  9.779420 -9.594355 36.391663  0.000000 -0.750369 -0.661019  0.908078 0.006875 1 0 1.000000
0  9.522439 -11.400393 38.441818  0.000000 -0.750369 -0.661019  0.977124 0.030429 1 0 1.000000
0  9.522439 -9.594355 36.391663  0.000000 -0.750369 -0.661019  0.908078 0.030429 1 0 1.000000
ConsolePanelLoadingBay
0  31.154903 -0.724554 44.233795  0.411865 -0.910349 -0.040389  0.521949 0.350948 1 0 1.000000
0  30.931196 -0.759765 44.429138  -0.411886 -0.910340 -0.040383  0.518340 0.352587 1 0 1.000000
0  30.872526 -0.724554 44.233795  -0.411879 -0.910343 -0.040382  0.517394 0.350948 1 0 1.000000
ConsolePanelLoadingBay
0  31.707117 -8.039357 29.278763  0.000000 -0.753980 -0.656897  0.650389 0.923533 1 0 1.000000
0  6.693662 -12.171866 34.022018  0.000000 -0.753980 -0.656897  0.430836 0.995160 1 0 1.000000
0  6.693662 -8.039357 29.278763  0.000000 -0.753980 -0.656897  0.430793 0.923533 1 0 1.000000
ConsolePanelLoadingBay
0  31.707117 4.145754 39.894897  1.000000 0.000000 0.000000  0.776654 0.923804 1 0 1.000000
0  31.707117 -12.171866 34.022018  1.000000 0.000000 0.000000  0.650346 0.995160 1 0 1.000000
0  31.707117 -8.039357 29.278763  1.000000 0.000000 0.000000  0.650389 0.923533 1 0 1.000000
ConsolePanelLoadingBay
0  6.685173 4.145754 39.894897  0.000000 0.753981 0.656897  0.996198 0.923804 1 0 1.000000
0  31.707117 0.013247 44.638157  0.000000 0.753981 0.656897  0.776610 0.995431 1 0 1.000000
0  31.707117 4.145754 39.894897  0.000000 0.753981 0.656896  0.776654 0.923804 1 0 1.000000
ConsolePanelLoadingBay
0  31.707117 8.045531 39.894897  0.000000 0.000000 1.000000  0.003209 0.560706 1 0 1.000000
0  -31.562456 4.145754 39.894897  0.000000 0.000000 1.000000  0.498013 0.606907 1 0 1.000000
0  6.685173 4.145754 39.894897  0.000000 0.000000 1.000000  0.198895 0.606907 1 0 1.000000
ConsolePanelLoadingBay
0  -4.896356 1.229013 39.966087  0.260663 0.223550 0.939191  0.756347 0.523855 1 0 1.000000
0  -4.652468 -1.479310 40.058933  0.521314 -0.213554 0.826212  0.702866 0.547746 1 0 1.000000
0  -3.395873 -1.287206 39.315712  0.521314 -0.213562 0.826210  0.706847 0.523855 1 0 1.000000
ConsolePanelLoadingBay
0  -5.334540 0.699949 38.980164  0.342092 0.756182 -0.557819  0.754798 0.498267 1 0 1.000000
0  -3.395873 -1.287206 39.315712  0.684192 0.182518 -0.706094  0.706847 0.523855 1 0 1.000000
0  -4.272241 -1.081462 38.519714  0.684191 0.182512 -0.706097  0.704553 0.498267 1 0 1.000000
ConsolePanelLoadingBay
0  -4.272241 -1.081462 38.519714  0.684191 0.182512 -0.706097  0.704553 0.498267 1 0 1.000000
0  -4.896356 -3.803425 38.665337  0.342105 -0.391161 -0.854375  0.678137 0.523497 1 0 1.000000
0  -5.334540 -2.862873 38.059265  0.342098 -0.391165 -0.854376  0.678137 0.498267 1 0 1.000000
ConsolePanelLoadingBay
0  -5.334540 -2.862873 38.059265  0.342098 -0.391165 -0.854376  0.678137 0.498267 1 0 1.000000
0  -7.897322 -3.803425 38.665337  -0.342089 -0.391171 -0.854377  0.623967 0.523855 1 0 1.000000
0  -7.459138 -2.862873 38.059265  -0.342093 -0.391168 -0.854377  0.623967 0.498267 1 0 1.000000
ConsolePanelLoadingBay
0  -8.141211 -1.479310 40.058933  -0.685365 0.182225 -0.705031  0.581070 0.547746 1 0 1.000000
0  -7.595273 0.376709 41.172966  -0.354732 0.750071 -0.558174  0.528517 0.566859 1 0 1.000000
0  -7.269025 -0.016707 40.436977  -0.354730 0.750067 -0.558181  0.530399 0.547746 1 0 1.000000
ConsolePanelLoadingBay
0  -7.897322 1.229013 39.966087  -0.248570 0.230279 0.940843  0.809762 0.523855 1 0 1.000000
0  -5.524653 -0.016707 40.436977  0.260655 0.223554 0.939193  0.753537 0.547746 1 0 1.000000
0  -4.896356 1.229013 39.966087  0.260663 0.223550 0.939191  0.756347 0.523855 1 0 1.000000
ConsolePanelLoadingBay
0  -7.595273 0.376709 41.172966  -0.190555 0.117796 0.974583  0.810690 0.566859 1 0 1.000000
0  -5.725436 -0.624031 41.396957  0.202643 0.111047 0.972936  0.751205 0.581402 1 0 1.000000
0  -5.198405 0.376709 41.172966  0.202647 0.111045 0.972935  0.755419 0.566859 1 0 1.000000
ConsolePanelLoadingBay
0  -5.198405 0.376709 41.172966  0.202647 0.111045 0.972935  0.755419 0.566859 1 0 1.000000
0  -5.054033 -1.749934 41.105942  0.405286 -0.228776 0.885102  0.709768 0.580329 1 0 1.000000
0  -3.999970 -1.632993 40.653511  0.405287 -0.228780 0.885100  0.705441 0.566859 1 0 1.000000
ConsolePanelLoadingBay
0  -5.524653 -0.016707 40.436977  0.342679 0.756894 -0.556492  0.753537 0.547746 1 0 1.000000
0  -3.999970 -1.632993 40.653511  0.685364 0.182240 -0.705028  0.705441 0.566859 1 0 1.000000
0  -4.652468 -1.479310 40.058933  0.685364 0.182239 -0.705029  0.702866 0.547746 1 0 1.000000
ConsolePanelLoadingBay
0  -4.652468 -1.479310 40.058933  0.685364 0.182239 -0.705029  0.702866 0.547746 1 0 1.000000
0  -5.198405 -3.642695 40.134056  0.342692 -0.392423 -0.853561  0.678137 0.566143 1 0 1.000000
0  -5.524653 -2.941912 39.680889  0.342691 -0.392424 -0.853561  0.678137 0.546315 1 0 1.000000
ConsolePanelLoadingBay
0  -4.896356 -3.803425 38.665337  0.260649 -0.650665 0.713230  0.678137 0.523497 1 0 1.000000
0  -7.269025 -2.941912 39.680889  -0.260656 -0.650661 0.713231  0.623967 0.547746 1 0 1.000000
0  -7.897322 -3.803425 38.665337  -0.260664 -0.650657 0.713232  0.623967 0.523855 1 0 1.000000
ConsolePanelLoadingBay
0  -7.269025 -2.941912 39.680889  -0.342679 -0.392431 -0.853563  0.623967 0.547746 1 0 1.000000
0  -8.793708 -1.632993 40.653511  -0.685365 0.182223 -0.705031  0.578495 0.566859 1 0 1.000000
0  -8.141211 -1.479310 40.058933  -0.685365 0.182225 -0.705031  0.581070 0.547746 1 0 1.000000
ConsolePanelLoadingBay
0  -3.759856 -3.763286 37.786469  0.000000 -0.257956 0.966157  0.825587 0.289915 1 0 1.000000
0  -8.963360 1.674662 39.238358  0.000000 -0.257956 0.966157  0.712005 0.415779 1 0 1.000000
0  -8.963360 -3.763286 37.786469  0.000000 -0.257956 0.966157  0.712005 0.289915 1 0 1.000000
ConsolePanelLoadingBay
0  -3.999970 -1.632993 40.653511  0.405287 -0.228780 0.885100  0.705441 0.566859 1 0 1.000000
0  -5.725436 -2.875836 40.814926  0.202644 -0.568598 0.797265  0.678137 0.577467 1 0 1.000000
0  -5.198405 -3.642695 40.134056  0.202641 -0.568600 0.797265  0.678137 0.566143 1 0 1.000000
ConsolePanelLoadingBay
0  -7.269025 -0.016707 40.436977  -0.330580 0.763576 -0.554679  0.812571 0.547746 1 0 1.000000
0  -5.198405 0.376709 41.172966  0.342677 0.756894 -0.556492  0.755419 0.566859 1 0 1.000000
0  -5.524653 -0.016707 40.436977  0.342679 0.756894 -0.556492  0.753537 0.547746 1 0 1.000000
ConsolePanelLoadingBay
0  -7.595273 -3.642695 40.134056  -0.202649 -0.568595 0.797266  0.623967 0.566859 1 0 1.000000
0  -7.739645 -1.749934 41.105942  -0.405289 -0.228774 0.885100  0.583825 0.581402 1 0 1.000000
0  -8.793708 -1.632993 40.653511  -0.405288 -0.228770 0.885102  0.578495 0.566859 1 0 1.000000
ConsolePanelLoadingBay
0  -8.793708 -1.632993 40.653511  -0.405288 -0.228770 0.885102  0.578495 0.566859 1 0 1.000000
0  -7.068242 -0.624031 41.396957  -0.214697 0.104287 0.971097  0.532731 0.581402 1 0 1.000000
0  -7.595273 0.376709 41.172966  -0.214698 0.104291 0.971096  0.528517 0.566859 1 0 1.000000
ConsolePanelLoadingBay
0  -7.739645 -1.749934 41.105942  -0.900715 0.108706 -0.420589  0.583825 0.581402 1 0 1.000000
0  -7.206238 -0.535824 42.010811  -0.499887 0.833128 0.236665  0.530975 0.599211 1 0 1.000000
0  -7.068242 -0.624031 41.396957  -0.450361 0.863931 -0.225384  0.532731 0.581402 1 0 1.000000
ConsolePanelLoadingBay
0  -9.490641 2.410442 38.576180  0.000005 -0.257955 0.966157  0.700520 0.427874 1 0 1.000000
0  -3.759856 1.888653 38.436867  0.000005 -0.257955 0.966157  0.825587 0.415779 1 0 1.000000
0  -3.232575 2.410442 38.576180  0.000004 -0.257955 0.966157  0.837075 0.427874 1 0 1.000000
ConsolePanelLoadingBay
0  -9.397805 -1.287206 39.315712  -0.521314 -0.213546 0.826214  0.577089 0.523855 1 0 1.000000
0  -7.269025 -0.016707 40.436977  -0.272686 0.216777 0.937363  0.530399 0.547746 1 0 1.000000
0  -7.897322 1.229013 39.966087  -0.272687 0.216782 0.937362  0.527589 0.523855 1 0 1.000000
ConsolePanelLoadingBay
0  -7.068242 -0.624031 41.396957  -0.450361 0.863931 -0.225384  0.814904 0.581402 1 0 1.000000
0  -5.587440 -0.535824 42.010811  0.499895 0.833177 0.236478  0.752961 0.599211 1 0 1.000000
0  -5.725436 -0.624031 41.396957  0.450355 0.863934 -0.225383  0.751205 0.581402 1 0 1.000000
ConsolePanelLoadingBay
0  -5.725436 -0.624031 41.396957  0.450355 0.863934 -0.225383  0.751205 0.581402 1 0 1.000000
0  -4.778040 -1.893138 41.659981  0.999801 -0.004990 0.019301  0.719311 0.596350 1 0 1.000000
0  -5.054033 -1.749934 41.105942  0.900716 0.108711 -0.420586  0.709768 0.580329 1 0 1.000000
ConsolePanelLoadingBay
0  -5.054033 -1.749934 41.105942  0.900716 0.108711 -0.420586  0.709768 0.580329 1 0 1.000000
0  -5.587440 -3.250452 41.309151  0.499895 -0.843412 -0.196878  0.678137 0.597065 1 0 1.000000
0  -5.725436 -2.875836 40.814926  0.450360 -0.646509 -0.615794  0.678137 0.577467 1 0 1.000000
ConsolePanelLoadingBay
0  -5.725436 -2.875836 40.814926  0.450360 -0.646509 -0.615794  0.678137 0.577467 1 0 1.000000
0  -7.206238 -3.250452 41.309151  -0.499895 -0.843412 -0.196878  0.623967 0.599211 1 0 1.000000
0  -7.068242 -2.875836 40.814926  -0.450355 -0.646512 -0.615794  0.623967 0.581402 1 0 1.000000
ConsolePanelLoadingBay
0  -7.068242 -2.875836 40.814926  -0.450355 -0.646512 -0.615794  0.623967 0.581402 1 0 1.000000
0  -8.015638 -1.893138 41.659981  -0.999789 -0.005134 0.019863  0.581792 0.599211 1 0 1.000000
0  -7.739645 -1.749934 41.105942  -0.900715 0.108706 -0.420589  0.583825 0.581402 1 0 1.000000
ConsolePanelLoadingBay
0  -8.015638 -1.893138 41.659981  -0.999789 -0.005134 0.019863  0.581792 0.599211 1 0 1.000000
0  -7.068242 -0.897150 42.453613  -0.441484 0.622873 0.645849  0.532731 0.615368 1 0 1.000000
0  -7.206238 -0.535824 42.010811  -0.499887 0.833128 0.236665  0.530975 0.599211 1 0 1.000000
ConsolePanelLoadingBay
0  -7.206238 -0.535824 42.010811  -0.499887 0.833128 0.236665  0.813148 0.599211 1 0 1.000000
0  -5.725436 -0.897150 42.453613  0.441486 0.622871 0.645849  0.751205 0.615368 1 0 1.000000
0  -5.587440 -0.535824 42.010811  0.499895 0.833177 0.236478  0.752961 0.599211 1 0 1.000000
ConsolePanelLoadingBay
0  -5.587440 -0.535824 42.010811  0.499895 0.833177 0.236478  0.752961 0.599211 1 0 1.000000
0  -5.054033 -2.023052 42.162598  0.882971 -0.117476 0.454490  0.721928 0.614653 1 0 1.000000
0  -4.778040 -1.893138 41.659981  0.999801 -0.004990 0.019301  0.719311 0.596350 1 0 1.000000
ConsolePanelLoadingBay
0  -4.778040 -1.893138 41.659981  0.999801 -0.004990 0.019301  0.719311 0.596350 1 0 1.000000
0  -5.725436 -3.148954 41.871582  0.441484 -0.857821 0.263127  0.678137 0.614653 1 0 1.000000
0  -5.587440 -3.250452 41.309151  0.499895 -0.843412 -0.196878  0.678137 0.597065 1 0 1.000000
ConsolePanelLoadingBay
0  -5.587440 -3.250452 41.309151  0.499895 -0.843412 -0.196878  0.678137 0.597065 1 0 1.000000
0  -7.068242 -3.148954 41.871582  -0.441487 -0.857819 0.263127  0.623967 0.615368 1 0 1.000000
0  -7.206238 -3.250452 41.309151  -0.499895 -0.843412 -0.196878  0.623967 0.599211 1 0 1.000000
ConsolePanelLoadingBay
0  -7.206238 -3.250452 41.309151  -0.499895 -0.843412 -0.196878  0.623967 0.599211 1 0 1.000000
0  -7.739645 -2.023052 42.162598  -0.882972 -0.117471 0.454490  0.583825 0.615368 1 0 1.000000
0  -8.015638 -1.893138 41.659981  -0.999789 -0.005134 0.019863  0.581792 0.599211 1 0 1.000000
ConsolePanelLoadingBay
0  -7.068242 -3.148954 41.871582  -0.000012 -0.250257 0.968179  0.623967 0.615368 1 0 1.000000
0  -7.231732 -2.023052 42.162598  -0.000002 -0.250251 0.968181  0.590629 0.626317 1 0 1.000000
0  -7.739645 -2.023052 42.162598  -0.000002 -0.250250 0.968181  0.583825 0.615368 1 0 1.000000
ConsolePanelLoadingBay
0  -9.490641 -4.071084 36.845665  -0.000002 -0.440489 0.897758  0.700520 0.277809 1 0 1.000000
0  -8.963360 1.888653 38.436867  0.000005 -0.257955 0.966157  0.712005 0.415779 1 0 1.000000
0  -9.490641 2.410442 38.576180  0.000005 -0.257955 0.966157  0.700520 0.427874 1 0 1.000000
ConsolePanelLoadingBay
0  -3.232575 2.410442 38.576180  0.000004 -0.257955 0.966157  0.837075 0.427874 1 0 1.000000
0  -3.759856 -3.549295 36.984978  -0.000003 -0.257955 0.966157  0.825587 0.289915 1 0 1.000000
0  -3.232575 -4.071084 36.845665  -0.000002 -0.440470 0.897768  0.837075 0.277809 1 0 1.000000
ConsolePanelLoadingBay
0  -8.963360 1.888653 38.436867  0.000000 0.966157 0.257955  0.880982 0.647469 1 0 1.000000
0  -3.759856 1.674662 39.238358  0.000000 0.966157 0.257956  0.862958 0.533925 1 0 1.000000
0  -3.759856 1.888653 38.436867  0.000000 0.966157 0.257956  0.880982 0.533925 1 0 1.000000
ConsolePanelLoadingBay
0  -9.490641 2.410442 38.576180  0.000000 0.776091 0.630621  0.700520 0.427874 1 0 1.000000
0  -3.232575 2.669593 38.257248  0.000000 0.776091 0.630621  0.837075 0.449188 1 0 1.000000
0  -9.490641 2.669593 38.257248  0.000000 0.776091 0.630621  0.700520 0.449188 1 0 1.000000
ConsolePanelLoadingBay
0  -3.759856 -3.549295 36.984978  0.000000 -0.966157 -0.257956  0.863286 0.286433 1 0 1.000000
0  -8.963360 -3.763286 37.786469  0.000000 -0.966157 -0.257955  0.881311 0.399977 1 0 1.000000
0  -8.963360 -3.549295 36.984978  0.000000 -0.966157 -0.257955  0.863286 0.399977 1 0 1.000000
ConsolePanelLoadingBay
0  -2.285111 2.986941 38.555119  -0.868348 -0.325462 0.374228  0.379738 0.781337 1 0 1.000000
0  -2.142043 -7.090186 30.123137  -0.868349 -0.325460 0.374227  0.381605 0.629021 1 0 1.000000
0  -2.142043 2.938497 38.844963  -0.868348 -0.325462 0.374228  0.381586 0.783123 1 0 1.000000
ConsolePanelLoadingBay
0  -5.198405 -3.642695 40.134056  0.202641 -0.568600 0.797265  0.678137 0.566143 1 0 1.000000
0  -7.068242 -2.875836 40.814926  -0.202646 -0.568597 0.797265  0.623967 0.581402 1 0 1.000000
0  -7.595273 -3.642695 40.134056  -0.202649 -0.568595 0.797266  0.623967 0.566859 1 0 1.000000
ConsolePanelLoadingBay
0  -3.759856 1.888653 38.436867  1.000000 0.000000 0.000000  0.880982 0.533925 1 0 1.000000
0  -3.759856 -3.763286 37.786469  1.000000 0.000000 0.000000  0.863213 0.399951 1 0 1.000000
0  -3.759856 -3.549295 36.984978  1.000000 0.000000 0.000000  0.881237 0.399951 1 0 1.000000
ConsolePanelLoadingBay
0  -3.759856 -3.549295 36.984978  -0.000003 -0.257955 0.966157  0.825587 0.289915 1 0 1.000000
0  -9.490641 -4.071084 36.845665  -0.000002 -0.440489 0.897758  0.700520 0.277809 1 0 1.000000
0  -3.232575 -4.071084 36.845665  -0.000002 -0.440470 0.897768  0.837075 0.277809 1 0 1.000000
ConsolePanelLoadingBay
0  -8.963360 -3.549295 36.984978  -1.000000 -0.000001 0.000000  0.881237 0.781443 1 0 1.000000
0  -8.963360 1.674662 39.238358  -1.000000 0.000000 0.000000  0.862958 0.647469 1 0 1.000000
0  -8.963360 1.888653 38.436867  -1.000000 0.000001 0.000000  0.880982 0.647469 1 0 1.000000
ConsolePanelLoadingBay
0  -8.521437 -1.081462 38.519714  -0.684191 0.182504 -0.706099  0.579383 0.498267 1 0 1.000000
0  -7.897322 1.229013 39.966087  -0.354135 0.749372 -0.559491  0.527589 0.523855 1 0 1.000000
0  -7.459138 0.699949 38.980164  -0.354136 0.749377 -0.559484  0.529138 0.498267 1 0 1.000000
ConsolePanelLoadingBay
0  -3.395873 -1.287206 39.315712  0.521314 -0.213562 0.826210  0.706847 0.523855 1 0 1.000000
0  -5.524653 -2.941912 39.680889  0.260657 -0.650661 0.713231  0.678137 0.546315 1 0 1.000000
0  -4.896356 -3.803425 38.665337  0.260649 -0.650665 0.713230  0.678137 0.523497 1 0 1.000000
ConsolePanelLoadingBay
0  -7.459138 0.699949 38.980164  -0.329991 0.762846 -0.556033  0.811311 0.498267 1 0 1.000000
0  -4.896356 1.229013 39.966087  0.342131 0.756166 -0.557817  0.756347 0.523855 1 0 1.000000
0  -5.334540 0.699949 38.980164  0.342092 0.756182 -0.557819  0.754798 0.498267 1 0 1.000000
ConsolePanelLoadingBay
0  -7.459138 -2.862873 38.059265  -0.342093 -0.391168 -0.854377  0.623967 0.498267 1 0 1.000000
0  -9.397805 -1.287206 39.315712  -0.684192 0.182497 -0.706099  0.577089 0.523855 1 0 1.000000
0  -8.521437 -1.081462 38.519714  -0.684191 0.182504 -0.706099  0.579383 0.498267 1 0 1.000000
ConsolePanelLoadingBay
0  -5.524653 -2.941912 39.680889  0.342691 -0.392424 -0.853561  0.678137 0.546315 1 0 1.000000
0  -7.595273 -3.642695 40.134056  -0.342677 -0.392432 -0.853563  0.623967 0.566859 1 0 1.000000
0  -7.269025 -2.941912 39.680889  -0.342679 -0.392431 -0.853563  0.623967 0.547746 1 0 1.000000
ConsolePanelLoadingBay
0  -7.897322 -3.803425 38.665337  -0.260664 -0.650657 0.713232  0.623967 0.523855 1 0 1.000000
0  -8.141211 -1.479310 40.058933  -0.521316 -0.213554 0.826211  0.581070 0.547746 1 0 1.000000
0  -9.397805 -1.287206 39.315712  -0.521314 -0.213546 0.826214  0.577089 0.523855 1 0 1.000000
ConsolePanelLoadingBay
0  -3.232575 -8.128223 32.186554  1.000000 0.000000 0.000000  0.978938 0.888450 1 0 1.000000
0  -3.232575 -1.957830 34.281216  1.000000 -0.000000 0.000000  0.831485 0.831000 1 0 1.000000
0  -3.232575 2.410442 38.576180  1.000000 -0.000000 0.000000  0.688723 0.839005 1 0 1.000000
ConsolePanelLoadingBay
0  -30.109749 0.360950 38.104725  0.000000 -0.656232 0.754559  0.021355 0.695209 1 0 1.000000
0  -28.646776 0.360950 38.104725  0.000000 -0.656231 0.754560  0.039408 0.695209 1 0 1.000000
0  -28.646776 1.464850 39.064774  0.000000 -0.656232 0.754559  0.039408 0.713262 1 0 1.000000
ConsolePanelLoadingBay
0  -31.658623 -2.173477 34.375786  -0.250966 -0.635230 0.730410  0.005663 0.704326 1 0 1.000000
0  -30.156605 -1.786867 35.117329  -0.177459 -0.501325 0.846866  0.021355 0.713352 1 0 1.000000
0  -30.990721 -0.956781 35.433933  -0.177457 -0.501324 0.846867  0.012903 0.721805 1 0 1.000000
ConsolePanelLoadingBay
0  -30.990721 -0.956781 35.433933  -0.177457 -0.501324 0.846867  0.012903 0.721805 1 0 1.000000
0  -29.378263 -1.543597 35.328896  -0.000002 -0.445860 0.895103  0.030381 0.717091 1 0 1.000000
0  -29.378263 -0.452809 35.872231  0.000003 -0.445861 0.895102  0.030381 0.729045 1 0 1.000000
ConsolePanelLoadingBay
0  -27.097902 -2.173477 34.375786  0.250966 -0.635231 0.730409  0.055100 0.704326 1 0 1.000000
0  -28.599920 -2.961478 34.095783  0.177459 -0.769134 0.613956  0.039408 0.695300 1 0 1.000000
0  -27.765804 -3.390172 33.317642  0.177458 -0.769134 0.613955  0.047860 0.686847 1 0 1.000000
ConsolePanelLoadingBay
0  -29.378263 2.240438 38.634689  0.000011 0.754561 0.656230  0.030381 0.717000 1 0 1.000000
0  -28.646776 1.464850 39.064774  0.707102 0.533557 0.464030  0.039408 0.713262 1 0 1.000000
0  -28.646776 2.011813 38.435852  0.707119 0.533546 0.464017  0.039408 0.713262 1 0 1.000000
ConsolePanelLoadingBay
0  -28.277521 -2.374172 34.606556  1.000000 -0.000007 -0.000006  0.043146 0.704326 1 0 1.000000
0  -28.599920 -3.508442 34.724701  0.707113 -0.533549 -0.464022  0.039408 0.695300 1 0 1.000000
0  -28.599920 -2.961478 34.095783  0.707099 -0.533560 -0.464031  0.039408 0.695300 1 0 1.000000
ConsolePanelLoadingBay
0  -27.765804 -0.956781 35.433933  0.177463 -0.501327 0.846863  0.047860 0.721805 1 0 1.000000
0  -28.277521 -2.374172 34.606556  0.250963 -0.635230 0.730411  0.043146 0.704326 1 0 1.000000
0  -27.097902 -2.173477 34.375786  0.250966 -0.635231 0.730409  0.055100 0.704326 1 0 1.000000
ConsolePanelLoadingBay
0  -30.156605 -2.961478 34.095783  -0.177459 -0.769134 0.613956  0.021355 0.695300 1 0 1.000000
0  -31.658623 -2.173477 34.375786  -0.250966 -0.635230 0.730410  0.005663 0.704326 1 0 1.000000
0  -30.990721 -3.390172 33.317642  -0.177462 -0.769134 0.613954  0.012903 0.686847 1 0 1.000000
ConsolePanelLoadingBay
0  -6.728476 -2.266398 44.707260  -0.894438 -0.445761 0.035749  0.623967 0.688458 1 0 1.000000
0  -7.055824 -1.794917 46.346657  -0.906709 -0.409159 0.102314  0.623967 0.739307 1 0 1.000000
0  -7.060112 -1.522634 44.500885  -0.999742 0.003429 -0.022466  0.581515 0.681928 1 0 1.000000
ConsolePanelLoadingBay
0  -7.055824 -1.794917 46.346657  -0.906709 -0.409159 0.102314  0.623967 0.739307 1 0 1.000000
0  -7.218276 -1.571496 46.067795  -0.996661 -0.066934 -0.046756  0.578596 0.729523 1 0 1.000000
0  -7.060112 -1.522634 44.500885  -0.999742 0.003429 -0.022466  0.581515 0.681928 1 0 1.000000
ConsolePanelLoadingBay
0  -7.231732 -2.023052 42.162598  -0.996664 0.024065 0.077982  0.590629 0.626317 1 0 1.000000
0  -6.654623 -0.943756 44.340263  -0.899257 0.429730 -0.081663  0.527123 0.672580 1 0 1.000000
0  -6.814286 -1.082383 42.405739  -0.879297 0.476263 -0.003020  0.528496 0.626317 1 0 1.000000
ConsolePanelLoadingBay
0  -6.814286 -1.082383 42.405739  0.000000 0.997442 -0.071476  0.810669 0.626317 1 0 1.000000
0  -6.139055 -0.943756 44.340263  0.000000 0.932831 -0.360314  0.790433 0.672580 1 0 1.000000
0  -5.979393 -1.082383 42.405739  0.000000 0.997442 -0.071476  0.755440 0.626317 1 0 1.000000
ConsolePanelLoadingBay
0  -7.060112 -1.522634 44.500885  -0.999742 0.003429 -0.022466  0.581515 0.681928 1 0 1.000000
0  -7.218276 -1.571496 46.067795  -0.996661 -0.066934 -0.046756  0.578596 0.729523 1 0 1.000000
0  -6.654623 -0.943756 44.340263  -0.899257 0.429730 -0.081663  0.527123 0.672580 1 0 1.000000
ConsolePanelLoadingBay
0  -7.218276 -1.571496 46.067795  -0.996661 -0.066934 -0.046756  0.578596 0.729523 1 0 1.000000
0  -6.680874 -0.373864 45.065742  -0.932675 0.310026 -0.184393  0.524211 0.690001 1 0 1.000000
0  -6.654623 -0.943756 44.340263  -0.899257 0.429730 -0.081663  0.527123 0.672580 1 0 1.000000
ConsolePanelLoadingBay
0  -5.575403 -1.571496 46.067795  0.996905 -0.066478 -0.041977  0.742529 0.729712 1 0 1.000000
0  -5.737854 -0.350259 48.073277  0.907193 -0.322668 0.269975  0.678137 0.786481 1 0 1.000000
0  -5.737854 -1.794917 46.346657  0.907344 -0.407549 0.103102  0.678137 0.736088 1 0 1.000000
ConsolePanelLoadingBay
0  -5.979393 -1.082383 42.405739  0.882023 0.471207 0.000238  0.755440 0.626317 1 0 1.000000
0  -5.733566 -1.522634 44.500885  0.999634 -0.008430 -0.025697  0.736042 0.681928 1 0 1.000000
0  -5.561946 -2.023052 42.162598  0.996485 0.024321 0.080163  0.724066 0.628105 1 0 1.000000
ConsolePanelLoadingBay
0  -31.562456 -8.044419 0.001321  0.000000 0.000000 -1.000000  0.000000 0.000000 1 0 1.000000
0  31.707117 8.045533 0.001321  0.000000 0.000000 -1.000000  0.000000 0.000000 1 0 1.000000
0  31.707117 -8.044419 0.001321  0.000000 0.000000 -1.000000  0.000000 0.000000 1 0 1.000000
ConsolePanelLoadingBay
0  -31.562456 -8.044419 0.001321  0.000000 0.000000 -1.000000  0.000000 0.000000 1 0 1.000000
0  -31.562456 8.045533 0.001321  0.000000 0.000000 -1.000000  0.000000 0.000000 1 0 1.000000
0  31.707117 8.045533 0.001321  0.000000 0.000000 -1.000000  0.000000 0.000000 1 0 1.000000
ConsolePanelLoadingBay
0  -7.218276 -1.571496 46.067795  -0.996661 -0.066934 -0.046756  0.578596 0.729523 1 0 1.000000
0  -6.911884 0.124413 46.619682  -0.948442 0.239069 -0.208094  0.525821 0.732944 1 0 1.000000
0  -6.680874 -0.373864 45.065742  -0.932675 0.310026 -0.184393  0.524211 0.690001 1 0 1.000000
ConsolePanelLoadingBay
0  -6.911884 0.124413 46.619682  0.000003 0.999898 -0.014279  0.810498 0.732944 1 0 1.000000
0  -6.396839 -0.036358 47.902557  0.000032 0.834722 0.550672  0.802368 0.779648 1 0 1.000000
0  -5.881793 0.124413 46.619682  0.000001 0.999814 -0.019263  0.791735 0.732944 1 0 1.000000
ConsolePanelLoadingBay
0  -5.881793 0.124413 46.619682  0.000001 0.999814 -0.019263  0.791735 0.732944 1 0 1.000000
0  -6.396839 -0.036358 47.902557  0.000032 0.834722 0.550672  0.802368 0.779648 1 0 1.000000
0  -5.575403 -0.036358 47.902557  0.000001 0.826080 0.563554  0.787783 0.772851 1 0 1.000000
ConsolePanelLoadingBay
0  -5.575403 -0.036358 47.902557  0.000001 0.826080 0.563554  0.787783 0.772851 1 0 1.000000
0  -6.396839 -0.036358 47.902557  0.000032 0.834722 0.550672  0.802368 0.779648 1 0 1.000000
0  -5.737854 -0.350259 48.073277  0.000000 0.477775 0.878483  0.678137 0.786481 1 0 1.000000
ConsolePanelLoadingBay
0  -7.055824 -0.350259 48.073277  0.000000 0.477773 0.878483  0.623967 0.780440 1 0 1.000000
0  -6.396839 -0.036358 47.902557  0.000032 0.834722 0.550672  0.517692 0.779648 1 0 1.000000
0  -7.218276 -0.036358 47.902557  0.000002 0.826079 0.563554  0.529773 0.772851 1 0 1.000000
ConsolePanelLoadingBay
0  -7.218276 -0.036358 47.902557  0.000002 0.826079 0.563554  0.529773 0.772851 1 0 1.000000
0  -6.396839 -0.036358 47.902557  0.000032 0.834722 0.550672  0.517692 0.779648 1 0 1.000000
0  -6.911884 0.124413 46.619682  0.000003 0.999898 -0.014279  0.525821 0.732944 1 0 1.000000
ConsolePanelLoadingBay
0  -5.737854 -0.350259 48.073277  0.000000 0.477774 0.878483  0.678137 0.786481 1 0 1.000000
0  -6.396839 -0.036358 47.902557  0.000029 0.826063 0.563578  0.632349 0.788708 1 0 1.000000
0  -7.055824 -0.350259 48.073277  0.000000 0.477774 0.878483  0.623967 0.780440 1 0 1.000000
ConsolePanelLoadingBay
0  -31.815548 -7.868244 29.163874  -1.000000 0.000617 -0.000523  0.631232 0.239292 1 0 1.000000
0  -31.815548 7.909286 39.711563  -1.000000 -0.000691 -0.000531  0.505120 0.324505 1 0 1.000000
0  -31.791149 7.909288 0.001321  -0.848217 0.494757 0.189061  0.505119 0.003748 1 0 1.000000
ConsolePanelLoadingBay
0  -30.156605 -1.786867 35.117329  -0.707096 0.533563 0.464032  0.021355 0.713352 1 0 1.000000
0  -29.378263 -2.090561 35.957817  -0.000012 0.754561 0.656230  0.030381 0.717091 1 0 1.000000
0  -29.378263 -1.543597 35.328896  0.000013 0.754560 0.656231  0.030381 0.717091 1 0 1.000000
ConsolePanelLoadingBay
0  -29.378263 -3.204748 33.884212  -0.000009 -0.754560 -0.656231  0.030381 0.691561 1 0 1.000000
0  -30.156605 -3.508442 34.724701  -0.707098 -0.533562 -0.464031  0.021355 0.695300 1 0 1.000000
0  -30.156605 -2.961478 34.095783  -0.707114 -0.533549 -0.464021  0.021355 0.695300 1 0 1.000000
ConsolePanelLoadingBay
0  -29.378263 0.043475 36.318703  -0.000003 -0.833266 0.552872  0.030381 0.679320 1 0 1.000000
0  -30.109749 0.907914 37.475807  -0.188047 -0.774492 0.603987  0.021355 0.695209 1 0 1.000000
0  -30.893652 0.517108 36.730618  -0.188047 -0.774492 0.603987  0.012764 0.686618 1 0 1.000000
ConsolePanelLoadingBay
0  9.522439 -9.594355 36.391663  -1.000000 0.000000 0.000000  0.908078 0.030429 1 0 1.000000
0  9.522439 -4.292606 44.703278  -0.923783 0.287328 0.253116  0.977124 0.226310 1 0 1.000000
0  9.522439 -2.486566 42.653126  -0.923789 0.287317 0.253106  0.908078 0.226310 1 0 1.000000
ConsolePanelLoadingBay
0  -7.055824 -0.350259 48.073277  -0.907191 -0.322672 0.269977  0.623967 0.780440 1 0 1.000000
0  -7.218276 -1.571496 46.067795  -0.996661 -0.066934 -0.046756  0.578596 0.729523 1 0 1.000000
0  -7.055824 -1.794917 46.346657  -0.906709 -0.409159 0.102314  0.623967 0.739307 1 0 1.000000
ConsolePanelLoadingBay
0  -12.330020 -3.925652 32.883549  0.000000 -0.656230 0.754561  0.250508 0.677993 1 0 1.000000
0  -13.280828 -3.139037 33.567657  0.000000 -0.656230 0.754561  0.238176 0.689607 1 0 1.000000
0  -13.280828 -3.925652 32.883549  0.000000 -0.656230 0.754561  0.238176 0.677993 1 0 1.000000
ConsolePanelLoadingBay
0  -13.723059 -5.176240 31.438972  0.000000 -0.984798 -0.173706  0.232441 0.655809 1 0 1.000000
0  -14.851200 -5.230829 31.748451  0.000000 -0.984798 -0.173706  0.217809 0.657613 1 0 1.000000
0  -15.028533 -5.176240 31.438972  0.000000 -0.984798 -0.173706  0.215509 0.655809 1 0 1.000000
ConsolePanelLoadingBay
0  -30.975264 -7.813811 29.697762  -0.000002 -0.656233 0.754558  0.521003 0.352587 1 0 1.000000
0  -30.975264 -7.598116 29.885349  -0.000002 -0.656231 0.754560  0.521003 0.357198 1 0 1.000000
0  -31.222820 -7.705965 29.791555  0.000003 -0.656228 0.754563  0.517009 0.354893 1 0 1.000000
ConsolePanelLoadingBay
0  -31.198973 3.866180 39.648636  -0.411871 0.166289 0.895941  0.517394 0.358838 1 0 1.000000
0  -30.975264 3.677612 39.710606  0.411886 0.166280 0.895936  0.521003 0.357198 1 0 1.000000
0  -30.916594 3.866180 39.648636  0.411896 0.166275 0.895932  0.521949 0.358838 1 0 1.000000
ConsolePanelLoadingBay
0  -9.490641 -8.128223 32.186554  -1.000000 -0.000000 0.000000  0.660716 0.886806 1 0 1.000000
0  -9.490641 2.410442 38.576180  -1.000000 0.000000 0.000000  0.370501 0.837361 1 0 1.000000
0  -9.490641 -1.957830 34.281216  -1.000000 -0.000000 0.000000  0.513263 0.829356 1 0 1.000000
ConsolePanelLoadingBay
0  -6.112804 -0.373864 45.065742  0.932646 0.310126 -0.184375  0.793345 0.690001 1 0 1.000000
0  -5.575403 -0.036358 47.902557  0.998428 -0.045040 0.033351  0.787783 0.772851 1 0 1.000000
0  -5.575403 -1.571496 46.067795  0.996905 -0.066478 -0.041977  0.742529 0.729712 1 0 1.000000
ConsolePanelLoadingBay
0  5.768137 3.461918 39.523018  -0.411882 -0.910342 -0.040383  0.518340 0.352587 1 0 1.000000
0  5.568277 3.681654 39.488159  -0.823769 -0.372034 0.427780  0.515116 0.354893 1 0 1.000000
0  5.709466 3.497129 39.327679  -0.411885 -0.910341 -0.040383  0.517394 0.350948 1 0 1.000000
ConsolePanelLoadingBay
0  -6.654623 -0.943756 44.340263  -0.000000 0.932811 -0.360366  0.811799 0.672580 1 0 1.000000
0  -6.112804 -0.373864 45.065742  -0.000000 0.883235 -0.468930  0.793345 0.690001 1 0 1.000000
0  -6.139055 -0.943756 44.340263  0.000000 0.932831 -0.360314  0.790433 0.672580 1 0 1.000000
ConsolePanelLoadingBay
0  3.522130 0.113972 36.334572  0.369770 -0.701100 -0.609697  0.564954 0.416055 1 0 1.000000
0  3.522130 -0.246173 36.748680  0.369770 -0.701068 -0.609733  0.564954 0.416055 1 0 1.000000
0  0.664744 -0.246173 36.748680  -0.369770 -0.701070 -0.609730  0.536184 0.416055 1 0 1.000000
ConsolePanelLoadingBay
0  0.664744 0.113972 36.334572  -0.395518 -0.693033 -0.602719  0.534592 0.423227 1 0 1.000000
0  0.664744 -0.246173 36.748680  -0.395518 -0.692740 -0.603056  0.532869 0.423227 1 0 1.000000
0  0.310555 0.021083 36.981110  -0.923845 -0.288800 -0.251206  0.532869 0.425544 1 0 1.000000
ConsolePanelLoadingBay
0  0.310555 0.021083 36.981110  -0.923897 -0.288731 -0.251094  0.532869 0.425544 1 0 1.000000
0  0.310555 2.302247 38.965012  -0.923878 0.288759 0.251130  0.532869 0.445321 1 0 1.000000
0  0.310555 2.662392 38.550903  -0.923873 0.288769 0.251139  0.534592 0.445321 1 0 1.000000
ConsolePanelLoadingBay
0  2.566053 -0.101069 36.870369  0.000000 -0.754560 -0.656231  0.560189 0.425280 1 0 1.000000
0  2.566053 -0.531766 37.365601  0.000000 -0.754560 -0.656231  0.560189 0.425280 1 0 1.000000
0  1.490600 -0.531766 37.365601  0.000000 -0.754560 -0.656231  0.540218 0.425280 1 0 1.000000
ConsolePanelLoadingBay
0  3.522130 2.569503 39.197441  0.395519 0.693043 0.602708  0.532869 0.447638 1 0 1.000000
0  3.876318 2.302247 38.965012  0.923879 0.288758 0.251130  0.532869 0.445321 1 0 1.000000
0  3.876318 2.662392 38.550903  0.923873 0.288769 0.251139  0.534592 0.445321 1 0 1.000000
ConsolePanelLoadingBay
0  3.876318 2.662392 38.550903  0.923873 0.288769 0.251139  0.534592 0.445321 1 0 1.000000
0  3.876318 2.302247 38.965012  0.923879 0.288758 0.251130  0.532869 0.445321 1 0 1.000000
0  3.876318 0.021083 36.981110  0.923873 -0.288769 -0.251139  0.532869 0.425544 1 0 1.000000
ConsolePanelLoadingBay
0  1.490600 1.651549 39.264404  -0.845881 0.402461 0.350015  0.555454 0.443094 1 0 1.000000
0  1.878263 2.327434 39.424103  -0.845876 0.402468 0.350019  0.557460 0.446912 1 0 1.000000
0  1.878263 2.546145 39.172619  -0.845879 0.402464 0.350017  0.559529 0.446912 1 0 1.000000
ConsolePanelLoadingBay
0  5.709466 -7.778601 29.502422  -0.411899 -0.910335 -0.040373  0.517394 0.350948 1 0 1.000000
0  5.768137 -7.813811 29.697762  -0.411881 -0.910342 -0.040378  0.518340 0.352587 1 0 1.000000
0  5.685617 -7.705965 29.791555  -0.823772 -0.372027 0.427780  0.517009 0.354893 1 0 1.000000
ConsolePanelLoadingBay
0  6.133034 -7.594076 29.662901  0.823773 -0.372032 0.427774  0.524227 0.354893 1 0 1.000000
0  6.015694 -7.705965 29.791555  0.823769 -0.372040 0.427773  0.522334 0.354893 1 0 1.000000
0  5.933175 -7.813811 29.697762  0.411885 -0.910341 -0.040382  0.521003 0.352587 1 0 1.000000
ConsolePanelLoadingBay
0  5.568277 -7.594076 29.662901  -0.823774 -0.372018 0.427785  0.515116 0.354893 1 0 1.000000
0  5.685617 -7.705965 29.791555  -0.823772 -0.372027 0.427780  0.517009 0.354893 1 0 1.000000
0  5.768137 -7.598116 29.885349  -0.411884 0.166276 0.895938  0.518340 0.357198 1 0 1.000000
ConsolePanelLoadingBay
0  5.709466 -7.409550 29.823381  -0.411877 0.166277 0.895940  0.517394 0.358838 1 0 1.000000
0  5.768137 -7.598116 29.885349  -0.411884 0.166276 0.895938  0.518340 0.357198 1 0 1.000000
0  5.933175 -7.598116 29.885349  0.411889 0.166275 0.895936  0.521003 0.357198 1 0 1.000000
ConsolePanelLoadingBay
0  5.933175 -7.598116 29.885349  0.411889 0.166275 0.895936  0.521003 0.357198 1 0 1.000000
0  6.015694 -7.705965 29.791555  0.823769 -0.372040 0.427773  0.522334 0.354893 1 0 1.000000
0  6.133034 -7.594076 29.662901  0.823773 -0.372032 0.427774  0.524227 0.354893 1 0 1.000000
ConsolePanelLoadingBay
0  31.154903 -12.000283 34.408539  0.411876 -0.910344 -0.040392  0.521949 0.350948 1 0 1.000000
0  31.096233 -12.035495 34.603878  0.411884 -0.910341 -0.040386  0.521003 0.352587 1 0 1.000000
0  30.931196 -12.035495 34.603878  -0.411883 -0.910342 -0.040386  0.518340 0.352587 1 0 1.000000
ConsolePanelLoadingBay
0  5.568277 3.681654 39.488159  -0.823769 -0.372034 0.427780  0.515116 0.354893 1 0 1.000000
0  5.685617 3.569765 39.616814  -0.823768 -0.372034 0.427781  0.517009 0.354893 1 0 1.000000
0  5.768137 3.677612 39.710606  -0.411879 0.166284 0.895938  0.518340 0.357198 1 0 1.000000
ConsolePanelLoadingBay
0  5.685617 3.569765 39.616814  0.000000 -0.656234 0.754558  0.517009 0.354893 1 0 1.000000
0  5.768137 3.461918 39.523018  0.000000 -0.656242 0.754551  0.518340 0.352587 1 0 1.000000
0  5.933175 3.461918 39.523018  0.000000 -0.656237 0.754555  0.521003 0.352587 1 0 1.000000
ConsolePanelLoadingBay
0  5.933175 3.461918 39.523018  0.000000 -0.656237 0.754555  0.521003 0.352587 1 0 1.000000
0  6.015694 3.569765 39.616814  0.000000 -0.656239 0.754553  0.522334 0.354893 1 0 1.000000
0  5.933175 3.677612 39.710606  0.000000 -0.656233 0.754558  0.521003 0.357198 1 0 1.000000
ConsolePanelLoadingBay
0  5.933175 3.677612 39.710606  0.000000 -0.656233 0.754558  0.521003 0.357198 1 0 1.000000
0  5.768137 3.677612 39.710606  0.000000 -0.656226 0.754565  0.518340 0.357198 1 0 1.000000
0  5.685617 3.569765 39.616814  0.000000 -0.656234 0.754558  0.517009 0.354893 1 0 1.000000
ConsolePanelLoadingBay
0  0.664744 2.569503 39.197441  -0.369770 0.701091 0.609707  0.536184 0.451467 1 0 1.000000
0  3.522130 2.569503 39.197441  0.369770 0.701091 0.609707  0.564954 0.451467 1 0 1.000000
0  3.522130 2.929648 38.783333  0.369770 0.701068 0.609734  0.564954 0.451467 1 0 1.000000
ConsolePanelLoadingBay
0  5.709466 3.866180 39.648636  -0.411869 0.166286 0.895942  0.517394 0.358838 1 0 1.000000
0  5.768137 3.677612 39.710606  -0.411879 0.166284 0.895938  0.518340 0.357198 1 0 1.000000
0  5.933175 3.677612 39.710606  0.411887 0.166283 0.895935  0.521003 0.357198 1 0 1.000000
ConsolePanelLoadingBay
0  5.991845 3.866180 39.648636  0.411897 0.166278 0.895931  0.521949 0.358838 1 0 1.000000
0  5.933175 3.677612 39.710606  0.411887 0.166283 0.895935  0.521003 0.357198 1 0 1.000000
0  6.015694 3.569765 39.616814  0.823770 -0.372034 0.427778  0.522334 0.354893 1 0 1.000000
ConsolePanelLoadingBay
0  6.133034 3.681654 39.488159  0.823770 -0.372044 0.427769  0.524227 0.354893 1 0 1.000000
0  6.015694 3.569765 39.616814  0.823770 -0.372034 0.427778  0.522334 0.354893 1 0 1.000000
0  5.933175 3.461918 39.523018  0.411881 -0.910342 -0.040384  0.521003 0.352587 1 0 1.000000
ConsolePanelLoadingBay
0  1.490600 -4.060075 33.443420  0.000000 0.656235 -0.754557  0.540009 0.444487 1 0 1.000000
0  1.878263 -3.596177 33.846870  0.000000 0.656235 -0.754557  0.540009 0.444487 1 0 1.000000
0  2.178390 -3.596177 33.846870  0.000000 0.656235 -0.754557  0.558596 0.444487 1 0 1.000000
ConsolePanelLoadingBay
0  -6.814286 -2.963721 41.919464  0.000000 -0.970112 0.242658  0.623967 0.626317 1 0 1.000000
0  -5.979393 -2.963721 41.919464  0.000000 -0.970112 0.242658  0.678137 0.627032 1 0 1.000000
0  -6.065203 -2.266398 44.707260  0.000000 -0.965510 0.260366  0.678137 0.689288 1 0 1.000000
ConsolePanelLoadingBay
0  -6.065203 -2.266398 44.707260  0.000000 -0.965510 0.260366  0.678137 0.689288 1 0 1.000000
0  -5.737854 -1.794917 46.346657  0.000003 -0.889555 0.456829  0.678137 0.736088 1 0 1.000000
0  -7.055824 -1.794917 46.346657  -0.000004 -0.889555 0.456829  0.623967 0.739307 1 0 1.000000
ConsolePanelLoadingBay
0  -6.728476 -2.266398 44.707260  -0.000000 -0.965636 0.259900  0.623967 0.688458 1 0 1.000000
0  -6.814286 -2.963721 41.919464  0.000000 -0.970112 0.242658  0.623967 0.626317 1 0 1.000000
0  -6.065203 -2.266398 44.707260  0.000000 -0.965510 0.260366  0.678137 0.689288 1 0 1.000000
ConsolePanelLoadingBay
0  -30.775404 3.681654 39.488159  0.823772 -0.372041 0.427768  0.524227 0.354893 1 0 1.000000
0  -30.892744 3.569765 39.616814  0.823768 -0.372038 0.427777  0.522334 0.354893 1 0 1.000000
0  -30.975264 3.461918 39.523018  0.411884 -0.910341 -0.040385  0.521003 0.352587 1 0 1.000000
ConsolePanelLoadingBay
0  -26.749788 -6.809865 30.034954  0.868352 -0.325455 0.374225  0.063799 0.630768 1 0 1.000000
0  -26.749788 2.986941 38.555119  0.868343 -0.325468 0.374233  0.063780 0.781306 1 0 1.000000
0  -26.892857 2.938497 38.844963  0.868343 -0.325468 0.374233  0.061933 0.783091 1 0 1.000000
ConsolePanelLoadingBay
0  -31.340160 3.681654 39.488159  -0.823769 -0.372037 0.427777  0.515116 0.354893 1 0 1.000000
0  -31.222820 3.569765 39.616814  -0.823763 -0.372048 0.427779  0.517009 0.354893 1 0 1.000000
0  -31.140303 3.677612 39.710606  -0.411884 0.166278 0.895937  0.518340 0.357198 1 0 1.000000
ConsolePanelLoadingBay
0  -30.916594 3.866180 39.648636  0.411896 0.166275 0.895932  0.521949 0.358838 1 0 1.000000
0  -30.975264 3.677612 39.710606  0.411886 0.166280 0.895936  0.521003 0.357198 1 0 1.000000
0  -30.892744 3.569765 39.616814  0.823768 -0.372038 0.427777  0.522334 0.354893 1 0 1.000000
ConsolePanelLoadingBay
0  -31.140303 3.461918 39.523018  -0.411885 -0.910341 -0.040382  0.518340 0.352587 1 0 1.000000
0  -31.222820 3.569765 39.616814  -0.823763 -0.372048 0.427779  0.517009 0.354893 1 0 1.000000
0  -31.340160 3.681654 39.488159  -0.823769 -0.372037 0.427777  0.515116 0.354893 1 0 1.000000
ConsolePanelLoadingBay
0  31.296093 -0.540029 44.394276  0.823766 -0.372043 0.427777  0.524227 0.354893 1 0 1.000000
0  31.178753 -0.651918 44.522930  0.823772 -0.372027 0.427779  0.522334 0.354893 1 0 1.000000
0  31.096233 -0.759765 44.429138  0.411882 -0.910342 -0.040385  0.521003 0.352587 1 0 1.000000
ConsolePanelLoadingBay
0  30.848677 -11.927648 34.697674  0.000007 -0.656232 0.754559  0.517009 0.354893 1 0 1.000000
0  30.931196 -12.035495 34.603878  0.000000 -0.656238 0.754554  0.518340 0.352587 1 0 1.000000
0  31.096233 -12.035495 34.603878  -0.000003 -0.656237 0.754555  0.521003 0.352587 1 0 1.000000
ConsolePanelLoadingBay
0  31.096233 -12.035495 34.603878  -0.000003 -0.656237 0.754555  0.521003 0.352587 1 0 1.000000
0  31.178753 -11.927648 34.697674  -0.000040 -0.656242 0.754550  0.522334 0.354893 1 0 1.000000
0  31.096233 -11.819800 34.791466  -0.000003 -0.656233 0.754558  0.521003 0.357198 1 0 1.000000
ConsolePanelLoadingBay
0  31.096233 -11.819800 34.791466  -0.000003 -0.656233 0.754558  0.521003 0.357198 1 0 1.000000
0  30.931196 -11.819800 34.791466  0.000000 -0.656224 0.754566  0.518340 0.357198 1 0 1.000000
0  30.848677 -11.927648 34.697674  0.000007 -0.656232 0.754559  0.517009 0.354893 1 0 1.000000
ConsolePanelLoadingBay
0  30.731337 -0.540029 44.394276  -0.823766 -0.372031 0.427787  0.515116 0.354893 1 0 1.000000
0  30.848677 -0.651918 44.522930  -0.823775 -0.372024 0.427776  0.517009 0.354893 1 0 1.000000
0  30.931196 -0.544070 44.616722  -0.411872 0.166269 0.895944  0.518340 0.357198 1 0 1.000000
ConsolePanelLoadingBay
0  30.872526 -0.355503 44.554756  -0.411853 0.166276 0.895952  0.517394 0.358838 1 0 1.000000
0  30.931196 -0.544070 44.616722  -0.411872 0.166269 0.895944  0.518340 0.357198 1 0 1.000000
0  31.096233 -0.544070 44.616722  0.411887 0.166270 0.895937  0.521003 0.357198 1 0 1.000000
ConsolePanelLoadingBay
0  31.154903 -0.355503 44.554756  0.411890 0.166268 0.895936  0.521949 0.358838 1 0 1.000000
0  31.096233 -0.544070 44.616722  0.411887 0.166270 0.895937  0.521003 0.357198 1 0 1.000000
0  31.178753 -0.651918 44.522930  0.823772 -0.372027 0.427779  0.522334 0.354893 1 0 1.000000
ConsolePanelLoadingBay
0  30.848677 -0.651918 44.522930  0.000000 -0.656222 0.754568  0.517009 0.354893 1 0 1.000000
0  30.931196 -0.759765 44.429138  0.000000 -0.656225 0.754565  0.518340 0.352587 1 0 1.000000
0  31.096233 -0.759765 44.429138  0.000000 -0.656227 0.754563  0.521003 0.352587 1 0 1.000000
ConsolePanelLoadingBay
0  31.096233 -0.759765 44.429138  0.000000 -0.656227 0.754563  0.521003 0.352587 1 0 1.000000
0  31.178753 -0.651918 44.522930  0.000000 -0.656241 0.754551  0.522334 0.354893 1 0 1.000000
0  31.096233 -0.544070 44.616722  0.000000 -0.656226 0.754564  0.521003 0.357198 1 0 1.000000
ConsolePanelLoadingBay
0  31.096233 -0.544070 44.616722  0.000000 -0.656226 0.754564  0.521003 0.357198 1 0 1.000000
0  30.931196 -0.544070 44.616722  0.000000 -0.656222 0.754568  0.518340 0.357198 1 0 1.000000
0  30.848677 -0.651918 44.522930  0.000000 -0.656222 0.754568  0.517009 0.354893 1 0 1.000000
ConsolePanelLoadingBay
0  7.075413 -0.540029 44.394276  -0.823765 -0.372036 0.427786  0.515116 0.354893 1 0 1.000000
0  7.192753 -0.651918 44.522930  -0.823777 -0.372023 0.427774  0.517009 0.354893 1 0 1.000000
0  7.275272 -0.544070 44.616722  -0.411873 0.166269 0.895944  0.518340 0.357198 1 0 1.000000
ConsolePanelLoadingBay
0  7.216602 -0.355503 44.554756  -0.411854 0.166273 0.895952  0.517394 0.358838 1 0 1.000000
0  7.275272 -0.544070 44.616722  -0.411873 0.166269 0.895944  0.518340 0.357198 1 0 1.000000
0  7.440310 -0.544070 44.616722  0.411884 0.166268 0.895939  0.521003 0.357198 1 0 1.000000
ConsolePanelLoadingBay
0  7.498981 -0.355503 44.554756  0.411890 0.166263 0.895937  0.521949 0.358838 1 0 1.000000
0  7.440310 -0.544070 44.616722  0.411884 0.166268 0.895939  0.521003 0.357198 1 0 1.000000
0  7.522830 -0.651918 44.522930  0.823772 -0.372028 0.427778  0.522334 0.354893 1 0 1.000000
ConsolePanelLoadingBay
0  -5.737854 -1.794917 46.346657  -0.000009 -0.876463 0.481469  0.678137 0.741942 1 0 1.000000
0  -5.737854 -0.350259 48.073277  0.000000 -0.766951 0.641706  0.678137 0.794056 1 0 1.000000
0  -7.055824 -0.350259 48.073277  0.000000 -0.766951 0.641706  0.623967 0.794214 1 0 1.000000
ConsolePanelLoadingBay
0  7.498981 -0.724554 44.233795  0.411866 -0.910349 -0.040387  0.521949 0.350948 1 0 1.000000
0  7.440310 -0.759765 44.429138  0.411882 -0.910342 -0.040385  0.521003 0.352587 1 0 1.000000
0  7.275272 -0.759765 44.429138  -0.411884 -0.910341 -0.040383  0.518340 0.352587 1 0 1.000000
ConsolePanelLoadingBay
0  7.275272 -0.759765 44.429138  -0.411884 -0.910341 -0.040383  0.518340 0.352587 1 0 1.000000
0  7.192753 -0.651918 44.522930  -0.823777 -0.372023 0.427774  0.517009 0.354893 1 0 1.000000
0  7.075413 -0.540029 44.394276  -0.823765 -0.372036 0.427786  0.515116 0.354893 1 0 1.000000
ConsolePanelLoadingBay
0  3.876318 -3.479929 33.225155  0.923874 0.288767 0.251138  0.568520 0.440765 1 0 1.000000
0  3.876318 -3.840075 33.639263  0.923880 0.288756 0.251129  0.566917 0.440765 1 0 1.000000
0  3.876318 -6.121239 31.655361  0.923874 -0.288767 -0.251137  0.566917 0.422358 1 0 1.000000
ConsolePanelLoadingBay
0  0.310555 -3.840075 33.639263  -0.923874 0.288767 0.251138  0.566917 0.440765 1 0 1.000000
0  0.310555 -3.479929 33.225155  -0.923880 0.288756 0.251128  0.568520 0.440765 1 0 1.000000
0  0.310555 -5.761094 31.241253  -0.923874 -0.288768 -0.251138  0.568520 0.422358 1 0 1.000000
ConsolePanelLoadingBay
0  2.566053 -4.060075 33.443420  1.000000 -0.000001 0.000000  0.544065 0.442656 1 0 1.000000
0  2.566053 -4.490772 33.938652  1.000000 -0.000001 0.000000  0.540157 0.442656 1 0 1.000000
0  2.566053 -6.674088 32.039852  1.000000 -0.000001 0.000000  0.540157 0.425429 1 0 1.000000
ConsolePanelLoadingBay
0  3.522130 -3.572819 33.871693  0.395524 0.693040 0.602707  0.566917 0.442921 1 0 1.000000
0  3.876318 -3.840075 33.639263  0.923880 0.288756 0.251129  0.566917 0.440765 1 0 1.000000
0  3.876318 -3.479929 33.225155  0.923874 0.288767 0.251138  0.568520 0.440765 1 0 1.000000
ConsolePanelLoadingBay
0  0.310555 -5.761094 31.241253  -0.923874 -0.288768 -0.251138  0.568520 0.422358 1 0 1.000000
0  0.664744 -6.028349 31.008823  -0.395529 -0.693040 -0.602705  0.568520 0.420201 1 0 1.000000
0  0.664744 -6.388494 31.422932  -0.395523 -0.692948 -0.602814  0.566917 0.420201 1 0 1.000000
ConsolePanelLoadingBay
0  3.522130 -6.028349 31.008823  0.369769 -0.701100 -0.609696  0.564954 0.416055 1 0 1.000000
0  3.522130 -6.388494 31.422932  0.369770 -0.701068 -0.609733  0.564954 0.416055 1 0 1.000000
0  0.664744 -6.388494 31.422932  -0.369770 -0.701071 -0.609730  0.536184 0.416055 1 0 1.000000
ConsolePanelLoadingBay
0  -30.109749 2.011813 38.435852  -0.707109 0.533553 0.464023  0.021355 0.713262 1 0 1.000000
0  -30.109749 1.464850 39.064774  -0.707108 0.533554 0.464024  0.021355 0.713262 1 0 1.000000
0  -29.378263 1.693475 39.263607  -0.000013 0.754559 0.656232  0.030381 0.717000 1 0 1.000000
ConsolePanelLoadingBay
0  -28.646776 2.011813 38.435852  0.707119 0.533546 0.464017  0.039408 0.713262 1 0 1.000000
0  -28.646776 1.464850 39.064774  0.707102 0.533557 0.464030  0.039408 0.713262 1 0 1.000000
0  -28.343786 0.912900 38.584747  1.000000 0.000005 0.000006  0.043146 0.704235 1 0 1.000000
ConsolePanelLoadingBay
0  -27.862875 2.804010 38.719509  0.188045 -0.490714 0.850787  0.047999 0.721853 1 0 1.000000
0  -28.646776 2.011813 38.435852  0.188045 -0.490712 0.850788  0.039408 0.713262 1 0 1.000000
0  -28.343786 1.459864 37.955830  0.265938 -0.632601 0.727388  0.043146 0.704235 1 0 1.000000
ConsolePanelLoadingBay
0  -30.109749 0.907914 37.475807  -0.707115 -0.533548 -0.464020  0.021355 0.695209 1 0 1.000000
0  -30.109749 0.360950 38.104725  -0.707096 -0.533563 -0.464031  0.021355 0.695209 1 0 1.000000
0  -30.412741 0.912900 38.584747  -1.000000 -0.000002 -0.000002  0.017617 0.704235 1 0 1.000000
ConsolePanelLoadingBay
0  -28.343786 1.459864 37.955830  1.000000 -0.000011 -0.000009  0.043146 0.704235 1 0 1.000000
0  -28.343786 0.912900 38.584747  1.000000 0.000005 0.000006  0.043146 0.704235 1 0 1.000000
0  -28.646776 0.360950 38.104725  0.707116 -0.533547 -0.464020  0.039408 0.695209 1 0 1.000000
ConsolePanelLoadingBay
0  -28.646776 0.907914 37.475807  0.707099 -0.533559 -0.464031  0.039408 0.695209 1 0 1.000000
0  -28.646776 0.360950 38.104725  0.707116 -0.533547 -0.464020  0.039408 0.695209 1 0 1.000000
0  -29.378263 0.132325 37.905891  0.000013 -0.754559 -0.656232  0.030381 0.691471 1 0 1.000000
ConsolePanelLoadingBay
0  -30.412741 0.912900 38.584747  -1.000000 -0.000002 -0.000002  0.017617 0.704235 1 0 1.000000
0  -30.109749 1.464850 39.064774  -0.707108 0.533554 0.464024  0.021355 0.713262 1 0 1.000000
0  -30.109749 2.011813 38.435852  -0.707109 0.533553 0.464023  0.021355 0.713262 1 0 1.000000
ConsolePanelLoadingBay
0  -31.521345 1.660559 37.725063  -0.265936 -0.632600 0.727389  0.005466 0.704235 1 0 1.000000
0  -30.412741 1.459864 37.955830  -0.265936 -0.632600 0.727390  0.017617 0.704235 1 0 1.000000
0  -30.109749 2.011813 38.435852  -0.188043 -0.490712 0.850788  0.021355 0.713262 1 0 1.000000
ConsolePanelLoadingBay
0  -29.378263 0.679289 37.276974  -0.000011 -0.754559 -0.656232  0.030381 0.691471 1 0 1.000000
0  -29.378263 0.132325 37.905891  0.000013 -0.754559 -0.656232  0.030381 0.691471 1 0 1.000000
0  -30.109749 0.360950 38.104725  -0.707096 -0.533563 -0.464031  0.021355 0.695209 1 0 1.000000
ConsolePanelLoadingBay
0  -27.235180 1.660559 37.725063  0.265936 -0.632604 0.727386  0.055297 0.704235 1 0 1.000000
0  -28.343786 1.459864 37.955830  0.265938 -0.632601 0.727388  0.043146 0.704235 1 0 1.000000
0  -28.646776 0.907914 37.475807  0.188046 -0.774493 0.603986  0.039408 0.695209 1 0 1.000000
ConsolePanelLoadingBay
0  -30.893652 2.804010 38.719509  -0.188041 -0.490710 0.850790  0.012764 0.721853 1 0 1.000000
0  -30.109749 2.011813 38.435852  -0.188043 -0.490712 0.850788  0.021355 0.713262 1 0 1.000000
0  -29.378263 2.240438 38.634689  0.000005 -0.431937 0.901904  0.030381 0.717000 1 0 1.000000
ConsolePanelLoadingBay
0  -29.378263 3.277643 39.131424  0.000005 -0.431937 0.901904  0.030381 0.729151 1 0 1.000000
0  -29.378263 2.240438 38.634689  0.000005 -0.431937 0.901904  0.030381 0.717000 1 0 1.000000
0  -28.646776 2.011813 38.435852  0.188045 -0.490712 0.850788  0.039408 0.713262 1 0 1.000000
ConsolePanelLoadingBay
0  -27.862875 0.517108 36.730618  0.188043 -0.774495 0.603985  0.047999 0.686618 1 0 1.000000
0  -28.646776 0.907914 37.475807  0.188046 -0.774493 0.603986  0.039408 0.695209 1 0 1.000000
0  -29.378263 0.679289 37.276974  0.000001 -0.833266 0.552872  0.030381 0.691471 1 0 1.000000
ConsolePanelLoadingBay
0  -30.109749 0.907914 37.475807  -0.188047 -0.774492 0.603987  0.021355 0.695209 1 0 1.000000
0  -30.412741 1.459864 37.955830  -0.265936 -0.632600 0.727390  0.017617 0.704235 1 0 1.000000
0  -31.521345 1.660559 37.725063  -0.265936 -0.632600 0.727389  0.005466 0.704235 1 0 1.000000
ConsolePanelLoadingBay
0  -30.479006 -2.374172 34.606556  -1.000000 0.000010 0.000007  0.017617 0.704326 1 0 1.000000
0  -30.479006 -2.921136 35.235474  -1.000000 -0.000010 -0.000008  0.017617 0.704326 1 0 1.000000
0  -30.156605 -2.333831 35.746246  -0.707116 0.533547 0.464020  0.021355 0.713352 1 0 1.000000
ConsolePanelLoadingBay
0  -31.222820 3.569765 39.616814  0.000000 -0.656229 0.754562  0.517009 0.354893 1 0 1.000000
0  -31.140303 3.461918 39.523018  0.000000 -0.656231 0.754560  0.518340 0.352587 1 0 1.000000
0  -30.975264 3.461918 39.523018  0.000000 -0.656231 0.754561  0.521003 0.352587 1 0 1.000000
ConsolePanelLoadingBay
0  -30.975264 3.461918 39.523018  0.000000 -0.656231 0.754561  0.521003 0.352587 1 0 1.000000
0  -30.892744 3.569765 39.616814  0.000000 -0.656231 0.754560  0.522334 0.354893 1 0 1.000000
0  -30.975264 3.677612 39.710606  0.000000 -0.656229 0.754562  0.521003 0.357198 1 0 1.000000
ConsolePanelLoadingBay
0  -30.975264 3.677612 39.710606  0.000000 -0.656229 0.754562  0.521003 0.357198 1 0 1.000000
0  -31.140303 3.677612 39.710606  0.000000 -0.656223 0.754567  0.518340 0.357198 1 0 1.000000
0  -31.222820 3.569765 39.616814  0.000000 -0.656229 0.754562  0.517009 0.354893 1 0 1.000000
ConsolePanelLoadingBay
0  -30.916594 -7.778601 29.502422  0.411879 -0.910343 -0.040385  0.521949 0.350948 1 0 1.000000
0  -30.975264 -7.813811 29.697762  0.411885 -0.910340 -0.040382  0.521003 0.352587 1 0 1.000000
0  -31.140303 -7.813811 29.697762  -0.411893 -0.910337 -0.040377  0.518340 0.352587 1 0 1.000000
ConsolePanelLoadingBay
0  -31.198973 -7.778601 29.502422  -0.411902 -0.910333 -0.040375  0.517394 0.350948 1 0 1.000000
0  -31.140303 -7.813811 29.697762  -0.411893 -0.910337 -0.040377  0.518340 0.352587 1 0 1.000000
0  -31.222820 -7.705965 29.791555  -0.823776 -0.372023 0.427777  0.517009 0.354893 1 0 1.000000
ConsolePanelLoadingBay
0  -31.340160 -7.594076 29.662901  -0.823774 -0.372020 0.427782  0.515116 0.354893 1 0 1.000000
0  -31.222820 -7.705965 29.791555  -0.823776 -0.372023 0.427777  0.517009 0.354893 1 0 1.000000
0  -31.140303 -7.598116 29.885349  -0.411888 0.166275 0.895935  0.518340 0.357198 1 0 1.000000
ConsolePanelLoadingBay
0  -31.198973 -7.409550 29.823381  -0.411878 0.166275 0.895940  0.517394 0.358838 1 0 1.000000
0  -31.140303 -7.598116 29.885349  -0.411888 0.166275 0.895935  0.518340 0.357198 1 0 1.000000
0  -30.975264 -7.598116 29.885349  0.411888 0.166279 0.895935  0.521003 0.357198 1 0 1.000000
ConsolePanelLoadingBay
0  -30.975264 -7.598116 29.885349  0.411888 0.166279 0.895935  0.521003 0.357198 1 0 1.000000
0  -30.892744 -7.705965 29.791555  0.823767 -0.372043 0.427774  0.522334 0.354893 1 0 1.000000
0  -30.775404 -7.594076 29.662901  0.823774 -0.372030 0.427773  0.524227 0.354893 1 0 1.000000
ConsolePanelLoadingBay
0  7.075413 -11.815759 34.569019  -0.823772 -0.372017 0.427789  0.515116 0.354893 1 0 1.000000
0  7.192753 -11.927648 34.697674  -0.823771 -0.372023 0.427786  0.517009 0.354893 1 0 1.000000
0  7.275272 -11.819800 34.791466  -0.411881 0.166269 0.895940  0.518340 0.357198 1 0 1.000000
ConsolePanelLoadingBay
0  7.275272 -11.819800 34.791466  -0.411881 0.166269 0.895940  0.518340 0.357198 1 0 1.000000
0  7.440310 -11.819800 34.791466  0.411895 0.166272 0.895933  0.521003 0.357198 1 0 1.000000
0  7.498981 -11.631233 34.729500  0.411881 0.166270 0.895940  0.521949 0.358838 1 0 1.000000
ConsolePanelLoadingBay
0  7.498981 -11.631233 34.729500  0.411881 0.166270 0.895940  0.521949 0.358838 1 0 1.000000
0  7.440310 -11.819800 34.791466  0.411895 0.166272 0.895933  0.521003 0.357198 1 0 1.000000
0  7.522830 -11.927648 34.697674  0.823771 -0.372032 0.427778  0.522334 0.354893 1 0 1.000000
ConsolePanelLoadingBay
0  7.216602 -12.000283 34.408539  -0.411902 -0.910333 -0.040382  0.517394 0.350948 1 0 1.000000
0  7.275272 -12.035495 34.603878  -0.411890 -0.910338 -0.040383  0.518340 0.352587 1 0 1.000000
0  7.192753 -11.927648 34.697674  -0.823771 -0.372023 0.427786  0.517009 0.354893 1 0 1.000000
ConsolePanelLoadingBay
0  7.192753 -11.927648 34.697674  0.000007 -0.656232 0.754559  0.517009 0.354893 1 0 1.000000
0  7.275272 -12.035495 34.603878  0.000000 -0.656244 0.754549  0.518340 0.352587 1 0 1.000000
0  7.440310 -12.035495 34.603878  -0.000003 -0.656237 0.754555  0.521003 0.352587 1 0 1.000000
ConsolePanelLoadingBay
0  7.440310 -12.035495 34.603878  -0.000003 -0.656237 0.754555  0.521003 0.352587 1 0 1.000000
0  7.522830 -11.927648 34.697674  -0.000040 -0.656234 0.754557  0.522334 0.354893 1 0 1.000000
0  7.440310 -11.819800 34.791466  -0.000003 -0.656230 0.754561  0.521003 0.357198 1 0 1.000000
ConsolePanelLoadingBay
0  7.440310 -11.819800 34.791466  -0.000003 -0.656230 0.754561  0.521003 0.357198 1 0 1.000000
0  7.275272 -11.819800 34.791466  0.000000 -0.656217 0.754572  0.518340 0.357198 1 0 1.000000
0  7.192753 -11.927648 34.697674  0.000007 -0.656232 0.754559  0.517009 0.354893 1 0 1.000000
ConsolePanelLoadingBay
0  7.192753 -0.651918 44.522930  0.000000 -0.656223 0.754566  0.517009 0.354893 1 0 1.000000
0  7.275272 -0.759765 44.429138  0.000000 -0.656222 0.754568  0.518340 0.352587 1 0 1.000000
0  7.440310 -0.759765 44.429138  0.000000 -0.656226 0.754565  0.521003 0.352587 1 0 1.000000
ConsolePanelLoadingBay
0  7.440310 -0.759765 44.429138  0.000000 -0.656226 0.754565  0.521003 0.352587 1 0 1.000000
0  7.522830 -0.651918 44.522930  0.000000 -0.656228 0.754563  0.522334 0.354893 1 0 1.000000
0  7.440310 -0.544070 44.616722  0.000000 -0.656225 0.754565  0.521003 0.357198 1 0 1.000000
ConsolePanelLoadingBay
0  7.440310 -0.544070 44.616722  0.000000 -0.656225 0.754565  0.521003 0.357198 1 0 1.000000
0  7.275272 -0.544070 44.616722  0.000000 -0.656219 0.754570  0.518340 0.357198 1 0 1.000000
0  7.192753 -0.651918 44.522930  0.000000 -0.656223 0.754566  0.517009 0.354893 1 0 1.000000
ConsolePanelLoadingBay
0  -30.156605 -2.961478 34.095783  -0.707114 -0.533549 -0.464021  0.021355 0.695300 1 0 1.000000
0  -30.156605 -3.508442 34.724701  -0.707098 -0.533562 -0.464031  0.021355 0.695300 1 0 1.000000
0  -30.479006 -2.921136 35.235474  -1.000000 -0.000010 -0.000008  0.017617 0.704326 1 0 1.000000
ConsolePanelLoadingBay
0  -29.378263 -3.894145 32.879341  -0.000003 -0.824598 0.565719  0.030381 0.679607 1 0 1.000000
0  -29.378263 -3.204748 33.884212  0.000002 -0.824597 0.565720  0.030381 0.691561 1 0 1.000000
0  -30.156605 -2.961478 34.095783  -0.177459 -0.769134 0.613956  0.021355 0.695300 1 0 1.000000
ConsolePanelLoadingBay
0  -29.378263 -0.452809 35.872231  0.000003 -0.445861 0.895102  0.030381 0.729045 1 0 1.000000
0  -29.378263 -1.543597 35.328896  -0.000002 -0.445860 0.895103  0.030381 0.717091 1 0 1.000000
0  -28.599920 -1.786867 35.117329  0.177459 -0.501326 0.846865  0.039408 0.713352 1 0 1.000000
ConsolePanelLoadingBay
0  -29.378263 -1.543597 35.328896  0.000013 0.754560 0.656231  0.030381 0.717091 1 0 1.000000
0  -29.378263 -2.090561 35.957817  -0.000012 0.754561 0.656230  0.030381 0.717091 1 0 1.000000
0  -28.599920 -2.333831 35.746246  0.707099 0.533560 0.464031  0.039408 0.713352 1 0 1.000000
ConsolePanelLoadingBay
0  -28.599920 -1.786867 35.117329  0.707114 0.533548 0.464022  0.039408 0.713352 1 0 1.000000
0  -28.599920 -2.333831 35.746246  0.707099 0.533560 0.464031  0.039408 0.713352 1 0 1.000000
0  -28.277521 -2.921136 35.235474  1.000000 0.000009 0.000008  0.043146 0.704326 1 0 1.000000
ConsolePanelLoadingBay
0  -27.765804 -3.390172 33.317642  0.177458 -0.769134 0.613955  0.047860 0.686847 1 0 1.000000
0  -28.599920 -2.961478 34.095783  0.177459 -0.769134 0.613956  0.039408 0.695300 1 0 1.000000
0  -29.378263 -3.204748 33.884212  0.000002 -0.824597 0.565720  0.030381 0.691561 1 0 1.000000
ConsolePanelLoadingBay
0  -28.599920 -2.961478 34.095783  0.707099 -0.533560 -0.464031  0.039408 0.695300 1 0 1.000000
0  -28.599920 -3.508442 34.724701  0.707113 -0.533549 -0.464022  0.039408 0.695300 1 0 1.000000
0  -29.378263 -3.751712 34.513134  0.000010 -0.754560 -0.656231  0.030381 0.691561 1 0 1.000000
ConsolePanelLoadingBay
0  31.296093 -11.815759 34.569019  0.823764 -0.372043 0.427781  0.524227 0.354893 1 0 1.000000
0  31.178753 -11.927648 34.697674  0.823769 -0.372035 0.427779  0.522334 0.354893 1 0 1.000000
0  31.096233 -12.035495 34.603878  0.411884 -0.910341 -0.040386  0.521003 0.352587 1 0 1.000000
ConsolePanelLoadingBay
0  30.872526 -11.631233 34.729500  -0.411861 0.166276 0.895948  0.517394 0.358838 1 0 1.000000
0  30.931196 -11.819800 34.791466  -0.411876 0.166271 0.895942  0.518340 0.357198 1 0 1.000000
0  31.096233 -11.819800 34.791466  0.411900 0.166271 0.895931  0.521003 0.357198 1 0 1.000000
ConsolePanelLoadingBay
0  31.154903 -11.631233 34.729500  0.411893 0.166267 0.895935  0.521949 0.358838 1 0 1.000000
0  31.096233 -11.819800 34.791466  0.411900 0.166271 0.895931  0.521003 0.357198 1 0 1.000000
0  31.178753 -11.927648 34.697674  0.823769 -0.372035 0.427779  0.522334 0.354893 1 0 1.000000
ConsolePanelLoadingBay
0  6.693662 -12.171866 34.022018  -0.722334 -0.639865 0.262311  0.005133 0.805947 1 0 1.000000
0  6.881717 -12.153599 34.287483  -0.270607 -0.811001 0.518700  0.007329 0.808145 1 0 1.000000
0  6.873425 -0.252215 44.656425  -0.382736 -0.607027 0.696442  0.007232 0.992497 1 0 1.000000
ConsolePanelLoadingBay
0  30.731337 -11.815759 34.569019  -0.823773 -0.372011 0.427791  0.515116 0.354893 1 0 1.000000
0  30.848677 -11.927648 34.697674  -0.823772 -0.372024 0.427784  0.517009 0.354893 1 0 1.000000
0  30.931196 -11.819800 34.791466  -0.411876 0.166271 0.895942  0.518340 0.357198 1 0 1.000000
ConsolePanelLoadingBay
0  30.872526 -12.000283 34.408539  -0.411902 -0.910333 -0.040385  0.517394 0.350948 1 0 1.000000
0  30.931196 -12.035495 34.603878  -0.411883 -0.910342 -0.040386  0.518340 0.352587 1 0 1.000000
0  30.848677 -11.927648 34.697674  -0.823772 -0.372024 0.427784  0.517009 0.354893 1 0 1.000000
ConsolePanelLoadingBay
0  -5.561946 -2.023052 42.162598  0.996485 0.024321 0.080163  0.724066 0.628105 1 0 1.000000
0  -5.733566 -1.522634 44.500885  0.999634 -0.008430 -0.025697  0.736042 0.681928 1 0 1.000000
0  -6.065203 -2.266398 44.707260  0.894437 -0.445763 0.035742  0.678137 0.689288 1 0 1.000000
ConsolePanelLoadingBay
0  -7.068242 -0.897150 42.453613  -0.000012 -0.250241 0.968184  0.814904 0.615368 1 0 1.000000
0  -6.814286 -1.082383 42.405739  -0.000006 -0.250238 0.968184  0.810669 0.626317 1 0 1.000000
0  -5.979393 -1.082383 42.405739  0.000010 -0.250239 0.968184  0.755440 0.626317 1 0 1.000000
ConsolePanelLoadingBay
0  -5.725436 -0.897150 42.453613  0.000012 -0.250243 0.968183  0.751205 0.615368 1 0 1.000000
0  -5.979393 -1.082383 42.405739  0.000010 -0.250239 0.968184  0.755440 0.626317 1 0 1.000000
0  -5.561946 -2.023052 42.162598  0.000002 -0.250247 0.968182  0.724066 0.628105 1 0 1.000000
ConsolePanelLoadingBay
0  -5.054033 -2.023052 42.162598  0.000002 -0.250248 0.968182  0.721928 0.614653 1 0 1.000000
0  -5.561946 -2.023052 42.162598  0.000002 -0.250247 0.968182  0.724066 0.628105 1 0 1.000000
0  -5.979393 -2.963721 41.919464  0.000005 -0.250263 0.968178  0.678137 0.627032 1 0 1.000000
ConsolePanelLoadingBay
0  -7.739645 -2.023052 42.162598  -0.000002 -0.250250 0.968181  0.583825 0.615368 1 0 1.000000
0  -7.231732 -2.023052 42.162598  -0.000002 -0.250251 0.968181  0.590629 0.626317 1 0 1.000000
0  -6.814286 -1.082383 42.405739  -0.000006 -0.250238 0.968184  0.528496 0.626317 1 0 1.000000
ConsolePanelLoadingBay
0  -5.725436 -3.148954 41.871582  0.000009 -0.250260 0.968179  0.678137 0.614653 1 0 1.000000
0  -5.979393 -2.963721 41.919464  0.000005 -0.250263 0.968178  0.678137 0.627032 1 0 1.000000
0  -6.814286 -2.963721 41.919464  -0.000010 -0.250262 0.968178  0.623967 0.626317 1 0 1.000000
ConsolePanelLoadingBay
0  22.792019 -2.486566 42.653126  0.924502 0.286022 0.251966  0.908078 0.555995 1 0 1.000000
0  22.792019 -4.292606 44.703278  0.924502 0.286023 0.251966  0.977124 0.555995 1 0 1.000000
0  22.792019 -11.400393 38.441818  1.000000 0.000000 0.000000  0.977124 0.751876 1 0 1.000000
ConsolePanelLoadingBay
0  11.338402 -3.277335 45.597664  -0.000004 -0.661015 0.750373  0.688336 0.013708 1 0 1.000000
0  11.130994 -3.086694 45.765602  -0.000006 -0.661015 0.750372  0.684843 0.009430 1 0 1.000000
0  9.522439 -4.292606 44.703278  -0.000004 -0.661021 0.750368  0.657755 0.036494 1 0 1.000000
ConsolePanelLoadingBay
0  11.130994 -1.280654 43.715450  -0.382482 0.693312 0.610759  0.908078 0.273881 1 0 1.000000
0  11.130994 -3.086694 45.765602  -0.382483 0.693311 0.610759  0.977124 0.273881 1 0 1.000000
0  21.195429 -3.086694 45.765602  0.384205 0.692775 0.610286  0.977124 0.508612 1 0 1.000000
ConsolePanelLoadingBay
0  22.558969 -2.642141 42.516075  -0.923228 -0.288331 -0.253999  0.908078 0.557274 1 0 1.000000
0  22.558969 -4.448181 44.566227  -0.923217 -0.288351 -0.254016  0.977124 0.557274 1 0 1.000000
0  20.988022 -3.277335 45.597664  -0.381129 -0.693731 -0.611128  0.977124 0.509001 1 0 1.000000
ConsolePanelLoadingBay
0  9.779420 -11.400393 38.441818  -0.000000 -0.661021 0.750367  0.662082 0.196010 1 0 1.000000
0  9.779420 -4.448181 44.566227  -0.000003 -0.661021 0.750367  0.662082 0.039985 1 0 1.000000
0  9.522439 -4.292606 44.703278  -0.000004 -0.661021 0.750368  0.657755 0.036494 1 0 1.000000
ConsolePanelLoadingBay
0  -31.815548 7.909286 39.711563  -0.492251 0.870453 -0.000151  0.505120 0.324505 1 0 1.000000
0  -31.562456 8.045531 39.894897  -0.492256 0.870451 -0.000149  0.504019 0.325985 1 0 1.000000
0  -31.562456 8.045533 0.001321  -0.089432 0.158254 -0.983340  0.504019 0.003749 1 0 1.000000
ConsolePanelLoadingBay
0  7.640170 -0.540029 44.394276  0.823765 -0.372045 0.427777  0.524227 0.354893 1 0 1.000000
0  7.522830 -0.651918 44.522930  0.823772 -0.372028 0.427778  0.522334 0.354893 1 0 1.000000
0  7.440310 -0.759765 44.429138  0.411882 -0.910342 -0.040385  0.521003 0.352587 1 0 1.000000
ConsolePanelLoadingBay
0  31.707117 8.045531 39.894897  0.000000 1.000000 0.000000  0.002182 0.559631 1 0 1.000000
0  31.707117 8.045533 0.001321  0.000000 1.000000 0.000000  0.002182 0.281838 1 0 1.000000
0  -31.562456 8.045533 0.001321  0.000000 1.000000 0.000000  0.496640 0.281838 1 0 1.000000
ConsolePanelLoadingBay
0  7.640170 -11.815759 34.569019  0.823764 -0.372046 0.427779  0.524227 0.354893 1 0 1.000000
0  7.522830 -11.927648 34.697674  0.823771 -0.372032 0.427778  0.522334 0.354893 1 0 1.000000
0  7.440310 -12.035495 34.603878  0.411884 -0.910341 -0.040388  0.521003 0.352587 1 0 1.000000
ConsolePanelLoadingBay
0  31.951651 7.909286 39.711563  1.000000 -0.000000 0.000000  0.505120 0.324505 1 0 1.000000
0  31.951651 4.222677 39.711563  1.000000 0.000000 0.000000  0.534900 0.324501 1 0 1.000000
0  31.951651 -7.868244 29.163874  1.000000 -0.000000 0.000000  0.631232 0.239292 1 0 1.000000
ConsolePanelLoadingBay
0  31.951651 -7.868244 29.163874  1.000000 -0.000000 0.000000  0.631232 0.239292 1 0 1.000000
0  31.951651 -7.876825 0.001321  0.871491 -0.459048 0.172565  0.631300 0.003734 1 0 1.000000
0  31.951651 7.909288 0.001321  0.845510 0.496813 0.195678  0.505119 0.003748 1 0 1.000000
ConsolePanelLoadingBay
0  30.931196 -0.759765 44.429138  -0.411886 -0.910340 -0.040383  0.518340 0.352587 1 0 1.000000
0  30.848677 -0.651918 44.522930  -0.823775 -0.372024 0.427776  0.517009 0.354893 1 0 1.000000
0  30.731337 -0.540029 44.394276  -0.823766 -0.372031 0.427787  0.515116 0.354893 1 0 1.000000
ConsolePanelLoadingBay
0  6.685173 0.013247 44.638157  0.000000 0.068656 0.997640  0.005034 0.994695 1 0 1.000000
0  6.873425 -0.252215 44.656425  0.000000 0.068656 0.997640  0.007232 0.992497 1 0 1.000000
0  31.518963 -0.252215 44.656425  0.000000 0.068656 0.997640  0.295072 0.992497 1 0 1.000000
ConsolePanelLoadingBay
0  31.707117 0.013247 44.638157  0.707106 -0.464501 0.533142  0.297269 0.994695 1 0 1.000000
0  31.518963 -0.252215 44.656425  0.707105 -0.464501 0.533143  0.295072 0.992497 1 0 1.000000
0  31.518963 -12.153599 34.287483  0.408260 -0.844160 0.347445  0.295072 0.808145 1 0 1.000000
ConsolePanelLoadingBay
0  7.498981 -12.000283 34.408539  0.411874 -0.910345 -0.040391  0.521949 0.350948 1 0 1.000000
0  7.440310 -12.035495 34.603878  0.411884 -0.910341 -0.040388  0.521003 0.352587 1 0 1.000000
0  7.275272 -12.035495 34.603878  -0.411890 -0.910338 -0.040383  0.518340 0.352587 1 0 1.000000
ConsolePanelLoadingBay
0  31.707117 -12.171866 34.022018  0.408257 -0.844162 0.347443  0.297269 0.805947 1 0 1.000000
0  31.518963 -12.153599 34.287483  0.408260 -0.844160 0.347445  0.295072 0.808145 1 0 1.000000
0  6.881717 -12.153599 34.287483  -0.270607 -0.811001 0.518700  0.007329 0.808145 1 0 1.000000
ConsolePanelLoadingBay
0  -30.916594 3.497129 39.327679  0.411877 -0.910344 -0.040388  0.521949 0.350948 1 0 1.000000
0  -30.975264 3.461918 39.523018  0.411884 -0.910341 -0.040385  0.521003 0.352587 1 0 1.000000
0  -31.140303 3.461918 39.523018  -0.411885 -0.910341 -0.040382  0.518340 0.352587 1 0 1.000000
ConsolePanelLoadingBay
0  -30.775404 -7.594076 29.662901  0.823774 -0.372030 0.427773  0.524227 0.354893 1 0 1.000000
0  -30.892744 -7.705965 29.791555  0.823767 -0.372043 0.427774  0.522334 0.354893 1 0 1.000000
0  -30.975264 -7.813811 29.697762  0.411885 -0.910340 -0.040382  0.521003 0.352587 1 0 1.000000
ConsolePanelLoadingBay
0  -6.680874 -0.373864 45.065742  0.000001 0.883241 -0.468919  0.808888 0.690001 1 0 1.000000
0  -6.911884 0.124413 46.619682  0.000003 0.999898 -0.014279  0.810498 0.732944 1 0 1.000000
0  -5.881793 0.124413 46.619682  0.000001 0.999814 -0.019263  0.791735 0.732944 1 0 1.000000
ConsolePanelLoadingBay
0  -6.814286 -2.963721 41.919464  -0.903594 -0.404877 0.139974  0.623967 0.626317 1 0 1.000000
0  -6.728476 -2.266398 44.707260  -0.894438 -0.445761 0.035749  0.623967 0.688458 1 0 1.000000
0  -7.060112 -1.522634 44.500885  -0.999742 0.003429 -0.022466  0.581515 0.681928 1 0 1.000000
ConsolePanelLoadingBay
0  -31.562456 -8.044419 0.001321  0.000000 -1.000000 0.000173  0.002243 0.002623 1 0 1.000000
0  31.707117 -8.044419 0.001321  0.000000 -1.000000 0.000173  0.496511 0.002623 1 0 1.000000
0  31.707117 -8.039357 29.278763  0.000000 -1.000000 0.000173  0.496511 0.279089 1 0 1.000000
ConsolePanelLoadingBay
0  6.693662 -8.039357 29.278763  0.000000 -1.000000 0.000173  0.300505 0.279089 1 0 1.000000
0  -31.562456 -8.039357 29.278763  0.000000 -1.000000 0.000173  0.002243 0.279089 1 0 1.000000
0  -31.562456 -8.044419 0.001321  0.000000 -1.000000 0.000173  0.002243 0.002623 1 0 1.000000
ConsolePanelLoadingBay
0  5.991845 3.497129 39.327679  0.411870 -0.910347 -0.040389  0.521949 0.350948 1 0 1.000000
0  5.933175 3.461918 39.523018  0.411881 -0.910342 -0.040384  0.521003 0.352587 1 0 1.000000
0  5.768137 3.461918 39.523018  -0.411882 -0.910342 -0.040383  0.518340 0.352587 1 0 1.000000
ConsolePanelLoadingBay
0  -31.562456 -8.039357 29.278763  -0.001041 -0.659512 0.751693  0.001647 0.614254 1 0 1.000000
0  6.693662 -8.039357 29.278763  -0.000838 -0.659423 0.751771  0.495718 0.614303 1 0 1.000000
0  -2.142043 -7.090186 30.123137  -0.000763 -0.659898 0.751355  0.381605 0.629021 1 0 1.000000
ConsolePanelLoadingBay
0  6.685173 4.145754 39.894897  0.000104 -0.656863 0.754010  0.495586 0.801685 1 0 1.000000
0  -31.562456 4.145754 39.894897  -0.000978 -0.659521 0.751686  0.001623 0.801636 1 0 1.000000
0  -26.892857 2.938497 38.844963  -0.000958 -0.659510 0.751695  0.061933 0.783091 1 0 1.000000
ConsolePanelLoadingBay
0  -2.142043 -7.090186 30.123137  -0.000763 -0.659898 0.751355  0.381605 0.629021 1 0 1.000000
0  6.693662 -8.039357 29.278763  -0.000838 -0.659423 0.751771  0.495718 0.614303 1 0 1.000000
0  6.685173 4.145754 39.894897  0.000104 -0.656863 0.754010  0.495586 0.801685 1 0 1.000000
ConsolePanelLoadingBay
0  5.991845 -7.778601 29.502422  0.411878 -0.910344 -0.040383  0.521949 0.350948 1 0 1.000000
0  5.933175 -7.813811 29.697762  0.411885 -0.910341 -0.040382  0.521003 0.352587 1 0 1.000000
0  5.768137 -7.813811 29.697762  -0.411881 -0.910342 -0.040378  0.518340 0.352587 1 0 1.000000
ConsolePanelLoadingBay
0  1.490600 2.082246 38.769173  0.000000 0.656230 -0.754561  0.540218 0.445066 1 0 1.000000
0  1.878263 2.546145 39.172619  0.000000 0.656230 -0.754561  0.540218 0.445066 1 0 1.000000
0  2.178390 2.546145 39.172619  0.000000 0.656230 -0.754561  0.560189 0.445066 1 0 1.000000
ConsolePanelLoadingBay
0  1.878263 2.327434 39.424103  0.000000 0.754562 0.656229  0.540218 0.445066 1 0 1.000000
0  2.178390 2.327434 39.424103  0.000000 0.754562 0.656229  0.560189 0.445066 1 0 1.000000
0  2.178390 2.546145 39.172619  0.000000 0.754562 0.656229  0.560189 0.445066 1 0 1.000000
ConsolePanelLoadingBay
0  2.566053 1.651549 39.264404  0.000000 -0.229949 0.973203  0.555528 0.442047 1 0 1.000000
0  2.178390 2.327434 39.424103  0.000000 -0.229949 0.973203  0.555528 0.442047 1 0 1.000000
0  1.878263 2.327434 39.424103  0.000000 -0.229949 0.973203  0.545544 0.442047 1 0 1.000000
ConsolePanelLoadingBay
0  0.664744 -3.572819 33.871693  -0.369770 0.701089 0.609708  0.536184 0.451467 1 0 1.000000
0  3.522130 -3.572819 33.871693  0.369770 0.701090 0.609708  0.564954 0.451467 1 0 1.000000
0  3.522130 -3.212673 33.457584  0.369770 0.701067 0.609734  0.564954 0.451467 1 0 1.000000
ConsolePanelLoadingBay
0  2.566053 2.082246 38.769173  0.845881 0.402461 0.350015  0.559529 0.443094 1 0 1.000000
0  2.178390 2.546145 39.172619  0.845883 0.402460 0.350012  0.559529 0.446912 1 0 1.000000
0  2.178390 2.327434 39.424103  0.845882 0.402461 0.350014  0.557460 0.446912 1 0 1.000000
ConsolePanelLoadingBay
0  1.490600 -0.531766 37.365601  -1.000000 -0.000000 0.000000  0.555454 0.425126 1 0 1.000000
0  1.490600 1.651549 39.264404  -1.000000 -0.000000 0.000000  0.555454 0.443094 1 0 1.000000
0  1.490600 2.082246 38.769173  -1.000000 -0.000000 0.000000  0.559529 0.443094 1 0 1.000000
ConsolePanelLoadingBay
0  2.566053 -0.531766 37.365601  0.000000 -0.656232 0.754560  0.555528 0.425260 1 0 1.000000
0  2.566053 1.651549 39.264404  0.000000 -0.656232 0.754560  0.555528 0.442047 1 0 1.000000
0  1.490600 1.651549 39.264404  0.000000 -0.656232 0.754560  0.545544 0.442047 1 0 1.000000
ConsolePanelLoadingBay
0  2.566053 2.082246 38.769173  1.000000 0.000000 0.000000  0.559529 0.443094 1 0 1.000000
0  2.566053 1.651549 39.264404  1.000000 0.000000 0.000000  0.555454 0.443094 1 0 1.000000
0  2.566053 -0.531766 37.365601  1.000000 0.000000 0.000000  0.555454 0.425126 1 0 1.000000
ConsolePanelLoadingBay
0  0.310555 0.021083 36.981110  0.000000 -0.656232 0.754559  0.532617 0.419416 1 0 1.000000
0  0.664744 -0.246173 36.748680  0.000000 -0.656232 0.754559  0.536184 0.416055 1 0 1.000000
0  3.522130 -0.246173 36.748680  0.000000 -0.656232 0.754559  0.564954 0.416055 1 0 1.000000
ConsolePanelLoadingBay
0  3.522130 -0.246173 36.748680  0.000000 -0.656232 0.754559  0.564954 0.416055 1 0 1.000000
0  3.876318 0.021083 36.981110  0.000000 -0.656232 0.754559  0.568521 0.419416 1 0 1.000000
0  3.876318 2.302247 38.965012  -0.000000 -0.656232 0.754560  0.568521 0.448106 1 0 1.000000
ConsolePanelLoadingBay
0  3.876318 2.302247 38.965012  -0.000000 -0.656232 0.754560  0.568521 0.448106 1 0 1.000000
0  3.522130 2.569503 39.197441  0.000000 -0.656231 0.754560  0.564954 0.451467 1 0 1.000000
0  0.664744 2.569503 39.197441  0.000003 -0.656232 0.754559  0.536184 0.451467 1 0 1.000000
ConsolePanelLoadingBay
0  0.664744 2.569503 39.197441  0.000003 -0.656232 0.754559  0.536184 0.451467 1 0 1.000000
0  0.310555 2.302247 38.965012  0.000014 -0.656232 0.754559  0.532617 0.448106 1 0 1.000000
0  0.310555 0.021083 36.981110  0.000000 -0.656232 0.754559  0.532617 0.419416 1 0 1.000000
ConsolePanelLoadingBay
0  0.310555 0.021083 36.981110  0.000000 -0.656232 0.754559  0.532617 0.419416 1 0 1.000000
0  3.522130 -0.246173 36.748680  0.000000 -0.656232 0.754559  0.564954 0.416055 1 0 1.000000
0  3.876318 2.302247 38.965012  -0.000000 -0.656232 0.754560  0.568521 0.448106 1 0 1.000000
ConsolePanelLoadingBay
0  3.876318 0.021083 36.981110  0.923873 -0.288769 -0.251139  0.532869 0.425544 1 0 1.000000
0  3.522130 -0.246173 36.748680  0.395519 -0.693020 -0.602734  0.532869 0.423227 1 0 1.000000
0  3.522130 0.113972 36.334572  0.395519 -0.693112 -0.602627  0.534592 0.423227 1 0 1.000000
ConsolePanelLoadingBay
0  0.310555 2.662392 38.550903  -0.923873 0.288769 0.251139  0.534592 0.445321 1 0 1.000000
0  0.310555 2.302247 38.965012  -0.923878 0.288759 0.251130  0.532869 0.445321 1 0 1.000000
0  0.664744 2.569503 39.197441  -0.395518 0.693043 0.602708  0.532869 0.447638 1 0 1.000000
ConsolePanelLoadingBay
0  0.664744 -3.212673 33.457584  -0.395523 0.693018 0.602734  0.568520 0.442921 1 0 1.000000
0  0.310555 -3.479929 33.225155  -0.923880 0.288756 0.251128  0.568520 0.440765 1 0 1.000000
0  0.310555 -3.840075 33.639263  -0.923874 0.288767 0.251138  0.566917 0.440765 1 0 1.000000
ConsolePanelLoadingBay
0  1.490600 -6.674088 32.039852  -1.000000 -0.000000 0.000000  0.540157 0.425429 1 0 1.000000
0  1.490600 -4.490772 33.938652  -1.000000 -0.000000 0.000000  0.540157 0.442656 1 0 1.000000
0  1.490600 -4.060075 33.443420  -1.000000 -0.000000 0.000000  0.544065 0.442656 1 0 1.000000
ConsolePanelLoadingBay
0  2.566053 -4.490772 33.938652  0.000000 -0.229949 0.973203  0.555289 0.441320 1 0 1.000000
0  2.178390 -3.814888 34.098351  0.000000 -0.229949 0.973203  0.555289 0.441320 1 0 1.000000
0  1.878263 -3.814888 34.098351  0.000000 -0.229949 0.973203  0.545997 0.441320 1 0 1.000000
ConsolePanelLoadingBay
0  5.685617 -7.705965 29.791555  0.000003 -0.656231 0.754560  0.517009 0.354893 1 0 1.000000
0  5.768137 -7.813811 29.697762  0.000000 -0.656230 0.754561  0.518340 0.352587 1 0 1.000000
0  5.933175 -7.813811 29.697762  -0.000002 -0.656235 0.754557  0.521003 0.352587 1 0 1.000000
ConsolePanelLoadingBay
0  5.933175 -7.813811 29.697762  -0.000002 -0.656235 0.754557  0.521003 0.352587 1 0 1.000000
0  6.015694 -7.705965 29.791555  -0.000020 -0.656239 0.754553  0.522334 0.354893 1 0 1.000000
0  5.933175 -7.598116 29.885349  -0.000002 -0.656233 0.754558  0.521003 0.357198 1 0 1.000000
ConsolePanelLoadingBay
0  5.933175 -7.598116 29.885349  -0.000002 -0.656233 0.754558  0.521003 0.357198 1 0 1.000000
0  5.768137 -7.598116 29.885349  0.000000 -0.656223 0.754567  0.518340 0.357198 1 0 1.000000
0  5.685617 -7.705965 29.791555  0.000003 -0.656231 0.754560  0.517009 0.354893 1 0 1.000000
ConsolePanelLoadingBay
0  1.490600 -4.490772 33.938652  -0.845880 0.402462 0.350017  0.540157 0.442656 1 0 1.000000
0  1.878263 -3.814888 34.098351  -0.845879 0.402462 0.350020  0.542081 0.446316 1 0 1.000000
0  1.878263 -3.596177 33.846870  -0.845879 0.402462 0.350018  0.544065 0.446316 1 0 1.000000
ConsolePanelLoadingBay
0  2.566053 -6.674088 32.039852  0.000000 -0.656231 0.754560  0.555289 0.425696 1 0 1.000000
0  2.566053 -4.490772 33.938652  0.000000 -0.656231 0.754560  0.555289 0.441320 1 0 1.000000
0  1.490600 -4.490772 33.938652  0.000000 -0.656231 0.754560  0.545997 0.441320 1 0 1.000000
ConsolePanelLoadingBay
0  2.566053 -4.060075 33.443420  0.845880 0.402462 0.350017  0.544065 0.442656 1 0 1.000000
0  2.178390 -3.596177 33.846870  0.845879 0.402462 0.350019  0.544065 0.446316 1 0 1.000000
0  2.178390 -3.814888 34.098351  0.845880 0.402462 0.350018  0.542081 0.446316 1 0 1.000000
ConsolePanelLoadingBay
0  0.310555 -6.121239 31.655361  -0.000000 -0.656232 0.754559  0.532617 0.419416 1 0 1.000000
0  0.664744 -6.388494 31.422932  0.000000 -0.656232 0.754559  0.536184 0.416055 1 0 1.000000
0  3.522130 -6.388494 31.422932  -0.000001 -0.656232 0.754559  0.564954 0.416055 1 0 1.000000
ConsolePanelLoadingBay
0  3.522130 -6.388494 31.422932  -0.000001 -0.656232 0.754559  0.564954 0.416055 1 0 1.000000
0  3.876318 -6.121239 31.655361  0.000000 -0.656232 0.754559  0.568521 0.419416 1 0 1.000000
0  3.876318 -3.840075 33.639263  -0.000000 -0.656232 0.754559  0.568521 0.448106 1 0 1.000000
ConsolePanelLoadingBay
0  3.876318 -3.840075 33.639263  -0.000000 -0.656232 0.754559  0.568521 0.448106 1 0 1.000000
0  3.522130 -3.572819 33.871693  0.000000 -0.656232 0.754559  0.564954 0.451467 1 0 1.000000
0  0.664744 -3.572819 33.871693  0.000000 -0.656232 0.754559  0.536184 0.451467 1 0 1.000000
ConsolePanelLoadingBay
0  0.664744 -3.572819 33.871693  0.000000 -0.656232 0.754559  0.536184 0.451467 1 0 1.000000
0  0.310555 -3.840075 33.639263  0.000000 -0.656232 0.754559  0.532617 0.448106 1 0 1.000000
0  0.310555 -6.121239 31.655361  -0.000000 -0.656232 0.754559  0.532617 0.419416 1 0 1.000000
ConsolePanelLoadingBay
0  0.310555 -6.121239 31.655361  -0.000000 -0.656232 0.754559  0.532617 0.419416 1 0 1.000000
0  3.522130 -6.388494 31.422932  -0.000001 -0.656232 0.754559  0.564954 0.416055 1 0 1.000000
0  3.876318 -3.840075 33.639263  -0.000000 -0.656232 0.754559  0.568521 0.448106 1 0 1.000000
ConsolePanelLoadingBay
0  2.566053 -6.243391 31.544621  0.000000 -0.754559 -0.656232  0.558596 0.426073 1 0 1.000000
0  2.566053 -6.674088 32.039852  0.000000 -0.754559 -0.656232  0.558596 0.426073 1 0 1.000000
0  1.490600 -6.674088 32.039852  0.000000 -0.754559 -0.656232  0.540009 0.426073 1 0 1.000000
ConsolePanelLoadingBay
0  3.876318 -6.121239 31.655361  0.923874 -0.288767 -0.251137  0.566917 0.422358 1 0 1.000000
0  3.522130 -6.388494 31.422932  0.395524 -0.693018 -0.602733  0.566917 0.420201 1 0 1.000000
0  3.522130 -6.028349 31.008823  0.395525 -0.693389 -0.602305  0.568520 0.420201 1 0 1.000000
ConsolePanelLoadingBay
0  1.878263 -3.814888 34.098351  0.000000 0.754557 0.656234  0.540009 0.444487 1 0 1.000000
0  2.178390 -3.814888 34.098351  0.000000 0.754558 0.656233  0.558596 0.444487 1 0 1.000000
0  2.178390 -3.596177 33.846870  0.000000 0.754557 0.656234  0.558596 0.444487 1 0 1.000000
ConsolePanelLoadingBay
0  -23.304317 -3.871063 32.574070  0.000000 -0.984797 -0.173710  0.108173 0.676190 1 0 1.000000
0  -23.481651 -3.925652 32.883549  0.000000 -0.984797 -0.173710  0.105873 0.677993 1 0 1.000000
0  -24.432459 -3.925652 32.883549  0.000000 -0.984797 -0.173710  0.093541 0.677993 1 0 1.000000
ConsolePanelLoadingBay
0  -24.432459 -3.925652 32.883549  -0.835229 -0.360863 0.414935  0.093541 0.677993 1 0 1.000000
0  -24.432459 -3.139037 33.567657  -0.835221 -0.360871 0.414943  0.093541 0.689607 1 0 1.000000
0  -24.609793 -2.840122 33.470665  -0.835223 -0.360869 0.414941  0.091241 0.691410 1 0 1.000000
ConsolePanelLoadingBay
0  -23.304317 -2.840122 33.470665  0.835222 -0.360869 0.414943  0.108173 0.691410 1 0 1.000000
0  -23.481651 -3.139037 33.567657  0.835222 -0.360869 0.414943  0.105873 0.689607 1 0 1.000000
0  -23.481651 -3.925652 32.883549  0.835222 -0.360869 0.414943  0.105873 0.677993 1 0 1.000000
ConsolePanelLoadingBay
0  -24.432459 -3.139037 33.567657  0.000000 0.308640 0.951179  0.093541 0.689607 1 0 1.000000
0  -23.481651 -3.139037 33.567657  0.000000 0.308642 0.951178  0.105873 0.689607 1 0 1.000000
0  -23.304317 -2.840122 33.470665  0.000000 0.308641 0.951179  0.108173 0.691410 1 0 1.000000
ConsolePanelLoadingBay
0  -20.221638 -3.925652 32.883549  0.000000 -0.656231 0.754560  0.148155 0.677993 1 0 1.000000
0  -20.221638 -3.139037 33.567657  0.000000 -0.656230 0.754561  0.148155 0.689607 1 0 1.000000
0  -21.172445 -3.139037 33.567657  0.000000 -0.656231 0.754560  0.135823 0.689607 1 0 1.000000
ConsolePanelLoadingBay
0  -21.674311 -3.871063 32.574070  0.000000 -0.984797 -0.173711  0.129314 0.676190 1 0 1.000000
0  -21.851645 -3.925652 32.883549  0.000000 -0.984797 -0.173711  0.127014 0.677993 1 0 1.000000
0  -22.802452 -3.925652 32.883549  0.000000 -0.984797 -0.173711  0.114682 0.677993 1 0 1.000000
ConsolePanelLoadingBay
0  -22.802452 -3.925652 32.883549  -0.835229 -0.360863 0.414935  0.114682 0.677993 1 0 1.000000
0  -22.802452 -3.139037 33.567657  -0.835222 -0.360870 0.414943  0.114682 0.689607 1 0 1.000000
0  -22.979786 -2.840122 33.470665  -0.835224 -0.360868 0.414941  0.112382 0.691410 1 0 1.000000
ConsolePanelLoadingBay
0  -21.674311 -2.840122 33.470665  0.835220 -0.360874 0.414942  0.129314 0.691410 1 0 1.000000
0  -21.851645 -3.139037 33.567657  0.835220 -0.360874 0.414942  0.127014 0.689607 1 0 1.000000
0  -21.851645 -3.925652 32.883549  0.835220 -0.360874 0.414942  0.127014 0.677993 1 0 1.000000
ConsolePanelLoadingBay
0  -22.802452 -3.139037 33.567657  0.000000 0.308640 0.951179  0.114682 0.689607 1 0 1.000000
0  -21.851645 -3.139037 33.567657  0.000000 0.308640 0.951179  0.127014 0.689607 1 0 1.000000
0  -21.674311 -2.840122 33.470665  0.000000 0.308640 0.951179  0.129314 0.691410 1 0 1.000000
ConsolePanelLoadingBay
0  -23.481651 -3.925652 32.883549  0.000000 -0.656231 0.754560  0.105873 0.677993 1 0 1.000000
0  -23.481651 -3.139037 33.567657  0.000000 -0.656231 0.754560  0.105873 0.689607 1 0 1.000000
0  -24.432459 -3.139037 33.567657  0.000000 -0.656231 0.754560  0.093541 0.689607 1 0 1.000000
ConsolePanelLoadingBay
0  -20.044304 -3.871063 32.574070  0.000000 -0.984797 -0.173710  0.150455 0.676190 1 0 1.000000
0  -20.221638 -3.925652 32.883549  0.000000 -0.984797 -0.173710  0.148155 0.677993 1 0 1.000000
0  -21.172445 -3.925652 32.883549  0.000000 -0.984797 -0.173710  0.135823 0.677993 1 0 1.000000
ConsolePanelLoadingBay
0  -21.172445 -3.925652 32.883549  -0.835229 -0.360863 0.414935  0.135823 0.677993 1 0 1.000000
0  -21.172445 -3.139037 33.567657  -0.835222 -0.360870 0.414943  0.135823 0.689607 1 0 1.000000
0  -21.349779 -2.840122 33.470665  -0.835224 -0.360868 0.414941  0.133523 0.691410 1 0 1.000000
ConsolePanelLoadingBay
0  -20.044304 -2.840122 33.470665  0.835222 -0.360869 0.414943  0.150455 0.691410 1 0 1.000000
0  -20.221638 -3.139037 33.567657  0.835222 -0.360869 0.414943  0.148155 0.689607 1 0 1.000000
0  -20.221638 -3.925652 32.883549  0.835222 -0.360869 0.414943  0.148155 0.677993 1 0 1.000000
ConsolePanelLoadingBay
0  -21.172445 -3.139037 33.567657  0.000000 0.308640 0.951179  0.135823 0.689607 1 0 1.000000
0  -20.221638 -3.139037 33.567657  0.000000 0.308641 0.951178  0.148155 0.689607 1 0 1.000000
0  -20.044304 -2.840122 33.470665  0.000000 0.308641 0.951179  0.150455 0.691410 1 0 1.000000
ConsolePanelLoadingBay
0  -18.591631 -3.925652 32.883549  0.000000 -0.656231 0.754560  0.169296 0.677993 1 0 1.000000
0  -18.591631 -3.139037 33.567657  0.000000 -0.656231 0.754560  0.169296 0.689607 1 0 1.000000
0  -19.542439 -3.139037 33.567657  0.000000 -0.656231 0.754560  0.156964 0.689607 1 0 1.000000
ConsolePanelLoadingBay
0  -18.414297 -3.871063 32.574070  0.000000 -0.984797 -0.173711  0.171596 0.676190 1 0 1.000000
0  -18.591631 -3.925652 32.883549  0.000000 -0.984797 -0.173711  0.169296 0.677993 1 0 1.000000
0  -19.542439 -3.925652 32.883549  0.000000 -0.984797 -0.173711  0.156964 0.677993 1 0 1.000000
ConsolePanelLoadingBay
0  -19.542439 -3.925652 32.883549  -0.835229 -0.360863 0.414935  0.156964 0.677993 1 0 1.000000
0  -19.542439 -3.139037 33.567657  -0.835222 -0.360869 0.414943  0.156964 0.689607 1 0 1.000000
0  -19.719772 -2.840122 33.470665  -0.835224 -0.360867 0.414941  0.154664 0.691410 1 0 1.000000
ConsolePanelLoadingBay
0  -18.414297 -2.840122 33.470665  0.835220 -0.360874 0.414942  0.171596 0.691410 1 0 1.000000
0  -18.591631 -3.139037 33.567657  0.835220 -0.360874 0.414942  0.169296 0.689607 1 0 1.000000
0  -18.591631 -3.925652 32.883549  0.835220 -0.360874 0.414942  0.169296 0.677993 1 0 1.000000
ConsolePanelLoadingBay
0  -19.542439 -3.139037 33.567657  0.000000 0.308641 0.951179  0.156964 0.689607 1 0 1.000000
0  -18.591631 -3.139037 33.567657  0.000000 0.308640 0.951179  0.169296 0.689607 1 0 1.000000
0  -18.414297 -2.840122 33.470665  0.000000 0.308640 0.951179  0.171596 0.691410 1 0 1.000000
ConsolePanelLoadingBay
0  -23.481651 -6.521006 30.626400  0.000000 -0.656232 0.754559  0.105873 0.638565 1 0 1.000000
0  -23.481651 -5.734392 31.310511  0.000000 -0.656234 0.754558  0.105873 0.650178 1 0 1.000000
0  -24.432459 -5.734392 31.310511  0.000000 -0.656232 0.754559  0.093541 0.650178 1 0 1.000000
ConsolePanelLoadingBay
0  -16.824047 -3.871063 32.574070  0.000000 -0.984797 -0.173710  0.192221 0.676190 1 0 1.000000
0  -17.001381 -3.925652 32.883549  0.000000 -0.984797 -0.173710  0.189921 0.677993 1 0 1.000000
0  -17.952188 -3.925652 32.883549  0.000000 -0.984797 -0.173710  0.177590 0.677993 1 0 1.000000
ConsolePanelLoadingBay
0  -17.952188 -3.925652 32.883549  -0.835229 -0.360863 0.414935  0.177590 0.677993 1 0 1.000000
0  -17.952188 -3.139037 33.567657  -0.835222 -0.360869 0.414943  0.177590 0.689607 1 0 1.000000
0  -18.129522 -2.840122 33.470665  -0.835224 -0.360868 0.414941  0.175290 0.691410 1 0 1.000000
ConsolePanelLoadingBay
0  -16.824047 -2.840122 33.470665  0.835222 -0.360869 0.414943  0.192221 0.691410 1 0 1.000000
0  -17.001381 -3.139037 33.567657  0.835222 -0.360869 0.414943  0.189921 0.689607 1 0 1.000000
0  -17.001381 -3.925652 32.883549  0.835222 -0.360869 0.414943  0.189921 0.677993 1 0 1.000000
ConsolePanelLoadingBay
0  -17.952188 -3.139037 33.567657  0.000000 0.308640 0.951179  0.177590 0.689607 1 0 1.000000
0  -17.001381 -3.139037 33.567657  0.000000 0.308641 0.951178  0.189921 0.689607 1 0 1.000000
0  -16.824047 -2.840122 33.470665  0.000000 0.308641 0.951179  0.192221 0.691410 1 0 1.000000
ConsolePanelLoadingBay
0  -17.001381 -6.521006 30.626400  0.000000 -0.656232 0.754559  0.189921 0.638565 1 0 1.000000
0  -17.001381 -5.734392 31.310511  0.000000 -0.656232 0.754560  0.189921 0.650178 1 0 1.000000
0  -17.952188 -5.734392 31.310511  0.000000 -0.656232 0.754559  0.177590 0.650178 1 0 1.000000
ConsolePanelLoadingBay
0  -15.293431 -3.871063 32.574070  0.000000 -0.984797 -0.173708  0.212073 0.676190 1 0 1.000000
0  -15.470764 -3.925652 32.883549  0.000000 -0.984797 -0.173708  0.209773 0.677993 1 0 1.000000
0  -16.421572 -3.925652 32.883549  0.000000 -0.984797 -0.173708  0.197441 0.677993 1 0 1.000000
ConsolePanelLoadingBay
0  -16.421572 -3.925652 32.883549  -0.835229 -0.360863 0.414935  0.197441 0.677993 1 0 1.000000
0  -16.421572 -3.139037 33.567657  -0.835222 -0.360870 0.414943  0.197441 0.689607 1 0 1.000000
0  -16.598906 -2.840122 33.470665  -0.835224 -0.360868 0.414941  0.195141 0.691410 1 0 1.000000
ConsolePanelLoadingBay
0  -15.293431 -2.840122 33.470665  0.835223 -0.360869 0.414941  0.212073 0.691410 1 0 1.000000
0  -15.470764 -3.139037 33.567657  0.835223 -0.360869 0.414941  0.209773 0.689607 1 0 1.000000
0  -15.470764 -3.925652 32.883549  0.835223 -0.360869 0.414941  0.209773 0.677993 1 0 1.000000
ConsolePanelLoadingBay
0  -16.421572 -3.139037 33.567657  0.000000 0.308640 0.951179  0.197441 0.689607 1 0 1.000000
0  -15.470764 -3.139037 33.567657  0.000000 0.308640 0.951179  0.209773 0.689607 1 0 1.000000
0  -15.293431 -2.840122 33.470665  0.000000 0.308640 0.951179  0.212073 0.691410 1 0 1.000000
ConsolePanelLoadingBay
0  -13.900392 -3.925652 32.883549  0.000000 -0.656231 0.754560  0.230141 0.677993 1 0 1.000000
0  -13.900392 -3.139037 33.567657  0.000000 -0.656230 0.754561  0.230141 0.689607 1 0 1.000000
0  -14.851200 -3.139037 33.567657  0.000000 -0.656231 0.754560  0.217809 0.689607 1 0 1.000000
ConsolePanelLoadingBay
0  -13.723059 -3.871063 32.574070  0.000000 -0.984797 -0.173712  0.232441 0.676190 1 0 1.000000
0  -13.900392 -3.925652 32.883549  0.000000 -0.984797 -0.173712  0.230141 0.677993 1 0 1.000000
0  -14.851200 -3.925652 32.883549  0.000000 -0.984797 -0.173712  0.217809 0.677993 1 0 1.000000
ConsolePanelLoadingBay
0  -14.851200 -3.925652 32.883549  -0.835230 -0.360860 0.414934  0.217809 0.677993 1 0 1.000000
0  -14.851200 -3.139037 33.567657  -0.835222 -0.360870 0.414941  0.217809 0.689607 1 0 1.000000
0  -15.028533 -2.840122 33.470665  -0.835225 -0.360867 0.414939  0.215509 0.691410 1 0 1.000000
ConsolePanelLoadingBay
0  -13.723059 -2.840122 33.470665  0.835225 -0.360864 0.414942  0.232441 0.691410 1 0 1.000000
0  -13.900392 -3.139037 33.567657  0.835225 -0.360864 0.414942  0.230141 0.689607 1 0 1.000000
0  -13.900392 -3.925652 32.883549  0.835225 -0.360864 0.414942  0.230141 0.677993 1 0 1.000000
ConsolePanelLoadingBay
0  -14.851200 -3.139037 33.567657  0.000000 0.308641 0.951179  0.217809 0.689607 1 0 1.000000
0  -13.900392 -3.139037 33.567657  0.000000 0.308640 0.951179  0.230141 0.689607 1 0 1.000000
0  -13.723059 -2.840122 33.470665  0.000000 0.308640 0.951179  0.232441 0.691410 1 0 1.000000
ConsolePanelLoadingBay
0  -15.470764 -6.521006 30.626400  0.000000 -0.656232 0.754559  0.209773 0.638565 1 0 1.000000
0  -15.470764 -5.734392 31.310511  0.000000 -0.656233 0.754559  0.209773 0.650178 1 0 1.000000
0  -16.421572 -5.734392 31.310511  0.000000 -0.656232 0.754559  0.197441 0.650178 1 0 1.000000
ConsolePanelLoadingBay
0  -12.152686 -2.840122 33.470665  0.835220 -0.360874 0.414942  0.252808 0.691410 1 0 1.000000
0  -12.330020 -3.139037 33.567657  0.835220 -0.360874 0.414942  0.250508 0.689607 1 0 1.000000
0  -12.330020 -3.925652 32.883549  0.835220 -0.360874 0.414942  0.250508 0.677993 1 0 1.000000
ConsolePanelLoadingBay
0  -13.280828 -4.444215 32.432564  0.000000 0.308650 0.951176  0.238176 0.669226 1 0 1.000000
0  -12.330020 -4.444215 32.432564  0.000000 0.308650 0.951176  0.250508 0.669226 1 0 1.000000
0  -12.152686 -4.145299 32.335567  0.000000 0.308650 0.951176  0.252808 0.671030 1 0 1.000000
ConsolePanelLoadingBay
0  -12.152686 -3.871063 32.574070  0.000000 -0.984797 -0.173710  0.252808 0.676190 1 0 1.000000
0  -12.330020 -3.925652 32.883549  0.000000 -0.984797 -0.173710  0.250508 0.677993 1 0 1.000000
0  -13.280828 -3.925652 32.883549  0.000000 -0.984797 -0.173710  0.238176 0.677993 1 0 1.000000
ConsolePanelLoadingBay
0  -13.280828 -3.139037 33.567657  0.000000 0.308641 0.951179  0.238176 0.689607 1 0 1.000000
0  -12.330020 -3.139037 33.567657  0.000000 0.308640 0.951179  0.250508 0.689607 1 0 1.000000
0  -12.152686 -2.840122 33.470665  0.000000 0.308640 0.951179  0.252808 0.691410 1 0 1.000000
ConsolePanelLoadingBay
0  -13.280828 -3.925652 32.883549  -0.835231 -0.360860 0.414932  0.238176 0.677993 1 0 1.000000
0  -13.280828 -3.139037 33.567657  -0.835224 -0.360869 0.414940  0.238176 0.689607 1 0 1.000000
0  -13.458160 -2.840122 33.470665  -0.835226 -0.360867 0.414937  0.235877 0.691410 1 0 1.000000
ConsolePanelLoadingBay
0  -12.152686 -4.145299 32.335567  0.835231 -0.360863 0.414930  0.252808 0.671030 1 0 1.000000
0  -12.330020 -4.444215 32.432564  0.835231 -0.360863 0.414930  0.250508 0.669226 1 0 1.000000
0  -12.330020 -5.230829 31.748451  0.835231 -0.360863 0.414930  0.250508 0.657613 1 0 1.000000
ConsolePanelLoadingBay
0  -13.280828 -5.734392 31.310511  0.000000 0.308644 0.951178  0.238176 0.650178 1 0 1.000000
0  -12.330020 -5.734392 31.310511  0.000000 0.308643 0.951178  0.250508 0.650178 1 0 1.000000
0  -12.152686 -5.435475 31.213516  0.000000 0.308643 0.951178  0.252808 0.651982 1 0 1.000000
ConsolePanelLoadingBay
0  -13.280828 -6.521006 30.626400  -0.835231 -0.360861 0.414933  0.238176 0.638565 1 0 1.000000
0  -13.280828 -5.734392 31.310511  -0.835236 -0.360856 0.414925  0.238176 0.650178 1 0 1.000000
0  -13.458160 -5.435475 31.213516  -0.835235 -0.360857 0.414927  0.235877 0.651982 1 0 1.000000
ConsolePanelLoadingBay
0  -12.152686 -5.176240 31.438972  0.000000 -0.984798 -0.173706  0.252808 0.655809 1 0 1.000000
0  -12.330020 -5.230829 31.748451  0.000000 -0.984798 -0.173706  0.250508 0.657613 1 0 1.000000
0  -13.280828 -5.230829 31.748451  0.000000 -0.984798 -0.173706  0.238176 0.657613 1 0 1.000000
ConsolePanelLoadingBay
0  -13.280828 -5.230829 31.748451  -0.835228 -0.360863 0.414936  0.238176 0.657613 1 0 1.000000
0  -13.280828 -4.444215 32.432564  -0.835233 -0.360858 0.414929  0.238176 0.669226 1 0 1.000000
0  -13.458160 -4.145299 32.335567  -0.835232 -0.360860 0.414931  0.235877 0.671030 1 0 1.000000
ConsolePanelLoadingBay
0  -13.723059 -4.145299 32.335567  0.835235 -0.360854 0.414929  0.232441 0.671030 1 0 1.000000
0  -13.900392 -4.444215 32.432564  0.835235 -0.360854 0.414929  0.230141 0.669226 1 0 1.000000
0  -13.900392 -5.230829 31.748451  0.835235 -0.360854 0.414929  0.230141 0.657613 1 0 1.000000
ConsolePanelLoadingBay
0  -15.470764 -5.230829 31.748451  0.000000 -0.656233 0.754558  0.209773 0.657613 1 0 1.000000
0  -15.470764 -4.444215 32.432564  0.000000 -0.656234 0.754558  0.209773 0.669226 1 0 1.000000
0  -16.421572 -4.444215 32.432564  0.000000 -0.656233 0.754558  0.197441 0.669226 1 0 1.000000
ConsolePanelLoadingBay
0  -14.851200 -4.444215 32.432564  0.000000 0.308650 0.951176  0.217809 0.669226 1 0 1.000000
0  -13.900392 -4.444215 32.432564  0.000000 0.308650 0.951176  0.230141 0.669226 1 0 1.000000
0  -13.723059 -4.145299 32.335567  0.000000 0.308650 0.951176  0.232441 0.671030 1 0 1.000000
ConsolePanelLoadingBay
0  -14.851200 -5.230829 31.748451  -0.835227 -0.360864 0.414938  0.217809 0.657613 1 0 1.000000
0  -14.851200 -4.444215 32.432564  -0.835230 -0.360865 0.414930  0.217809 0.669226 1 0 1.000000
0  -15.028533 -4.145299 32.335567  -0.835229 -0.360865 0.414932  0.215509 0.671030 1 0 1.000000
ConsolePanelLoadingBay
0  -15.293431 -4.145299 32.335567  0.835232 -0.360864 0.414928  0.212073 0.671030 1 0 1.000000
0  -15.470764 -4.444215 32.432564  0.835232 -0.360864 0.414928  0.209773 0.669226 1 0 1.000000
0  -15.470764 -5.230829 31.748451  0.835232 -0.360864 0.414928  0.209773 0.657613 1 0 1.000000
ConsolePanelLoadingBay
0  -16.421572 -5.230829 31.748451  -0.835225 -0.360867 0.414939  0.197441 0.657613 1 0 1.000000
0  -16.421572 -4.444215 32.432564  -0.835230 -0.360862 0.414932  0.197441 0.669226 1 0 1.000000
0  -16.598906 -4.145299 32.335567  -0.835229 -0.360863 0.414934  0.195141 0.671030 1 0 1.000000
ConsolePanelLoadingBay
0  -16.421572 -4.444215 32.432564  0.000000 0.308650 0.951176  0.197441 0.669226 1 0 1.000000
0  -15.470764 -4.444215 32.432564  0.000000 0.308650 0.951176  0.209773 0.669226 1 0 1.000000
0  -15.293431 -4.145299 32.335567  0.000000 0.308650 0.951176  0.212073 0.671030 1 0 1.000000
ConsolePanelLoadingBay
0  -15.293431 -5.176240 31.438972  0.000000 -0.984797 -0.173708  0.212073 0.655809 1 0 1.000000
0  -15.470764 -5.230829 31.748451  0.000000 -0.984797 -0.173708  0.209773 0.657613 1 0 1.000000
0  -16.421572 -5.230829 31.748451  0.000000 -0.984797 -0.173708  0.197441 0.657613 1 0 1.000000
ConsolePanelLoadingBay
0  -17.001381 -5.230829 31.748451  0.000000 -0.656233 0.754558  0.189921 0.657613 1 0 1.000000
0  -17.001381 -4.444215 32.432564  0.000000 -0.656233 0.754559  0.189921 0.669226 1 0 1.000000
0  -17.952188 -4.444215 32.432564  0.000000 -0.656233 0.754558  0.177590 0.669226 1 0 1.000000
ConsolePanelLoadingBay
0  -16.824047 -4.145299 32.335567  0.835231 -0.360863 0.414930  0.192221 0.671030 1 0 1.000000
0  -17.001381 -4.444215 32.432564  0.835231 -0.360863 0.414930  0.189921 0.669226 1 0 1.000000
0  -17.001381 -5.230829 31.748451  0.835231 -0.360863 0.414930  0.189921 0.657613 1 0 1.000000
ConsolePanelLoadingBay
0  -17.952188 -5.230829 31.748451  -0.835225 -0.360867 0.414939  0.177590 0.657613 1 0 1.000000
0  -17.952188 -4.444215 32.432564  -0.835230 -0.360862 0.414932  0.177590 0.669226 1 0 1.000000
0  -18.129522 -4.145299 32.335567  -0.835229 -0.360863 0.414934  0.175290 0.671030 1 0 1.000000
ConsolePanelLoadingBay
0  -17.952188 -4.444215 32.432564  0.000000 0.308650 0.951176  0.177590 0.669226 1 0 1.000000
0  -17.001381 -4.444215 32.432564  0.000000 0.308651 0.951175  0.189921 0.669226 1 0 1.000000
0  -16.824047 -4.145299 32.335567  0.000000 0.308651 0.951175  0.192221 0.671030 1 0 1.000000
ConsolePanelLoadingBay
0  -16.824047 -5.176240 31.438972  0.000000 -0.984797 -0.173712  0.192221 0.655809 1 0 1.000000
0  -17.001381 -5.230829 31.748451  0.000000 -0.984797 -0.173712  0.189921 0.657613 1 0 1.000000
0  -17.952188 -5.230829 31.748451  0.000000 -0.984797 -0.173712  0.177590 0.657613 1 0 1.000000
ConsolePanelLoadingBay
0  -18.591631 -5.230829 31.748451  0.000000 -0.656233 0.754558  0.169296 0.657613 1 0 1.000000
0  -18.591631 -4.444215 32.432564  0.000000 -0.656235 0.754557  0.169296 0.669226 1 0 1.000000
0  -19.542439 -4.444215 32.432564  0.000000 -0.656234 0.754558  0.156964 0.669226 1 0 1.000000
ConsolePanelLoadingBay
0  -18.414297 -5.176240 31.438972  0.000000 -0.984797 -0.173712  0.171596 0.655809 1 0 1.000000
0  -18.591631 -5.230829 31.748451  0.000000 -0.984797 -0.173712  0.169296 0.657613 1 0 1.000000
0  -19.542439 -5.230829 31.748451  0.000000 -0.984797 -0.173712  0.156964 0.657613 1 0 1.000000
ConsolePanelLoadingBay
0  -19.542439 -5.230829 31.748451  -0.835225 -0.360867 0.414939  0.156964 0.657613 1 0 1.000000
0  -19.542439 -4.444215 32.432564  -0.835230 -0.360863 0.414932  0.156964 0.669226 1 0 1.000000
0  -19.719772 -4.145299 32.335567  -0.835229 -0.360864 0.414934  0.154664 0.671030 1 0 1.000000
ConsolePanelLoadingBay
0  -18.414297 -4.145299 32.335567  0.835231 -0.360863 0.414930  0.171596 0.671030 1 0 1.000000
0  -18.591631 -4.444215 32.432564  0.835231 -0.360863 0.414930  0.169296 0.669226 1 0 1.000000
0  -18.591631 -5.230829 31.748451  0.835231 -0.360863 0.414930  0.169296 0.657613 1 0 1.000000
ConsolePanelLoadingBay
0  -19.542439 -4.444215 32.432564  0.000000 0.308651 0.951175  0.156964 0.669226 1 0 1.000000
0  -18.591631 -4.444215 32.432564  0.000000 0.308650 0.951176  0.169296 0.669226 1 0 1.000000
0  -18.414297 -4.145299 32.335567  0.000000 0.308650 0.951176  0.171596 0.671030 1 0 1.000000
ConsolePanelLoadingBay
0  -20.221638 -5.230829 31.748451  0.000000 -0.656234 0.754557  0.148155 0.657613 1 0 1.000000
0  -20.221638 -4.444215 32.432564  0.000000 -0.656234 0.754558  0.148155 0.669226 1 0 1.000000
0  -21.172445 -4.444215 32.432564  0.000000 -0.656234 0.754557  0.135823 0.669226 1 0 1.000000
ConsolePanelLoadingBay
0  -20.044304 -5.176240 31.438972  0.000000 -0.984797 -0.173712  0.150455 0.655809 1 0 1.000000
0  -20.221638 -5.230829 31.748451  0.000000 -0.984797 -0.173712  0.148155 0.657613 1 0 1.000000
0  -21.172445 -5.230829 31.748451  0.000000 -0.984797 -0.173712  0.135823 0.657613 1 0 1.000000
ConsolePanelLoadingBay
0  -21.172445 -5.230829 31.748451  -0.835225 -0.360867 0.414939  0.135823 0.657613 1 0 1.000000
0  -21.172445 -4.444215 32.432564  -0.835231 -0.360861 0.414932  0.135823 0.669226 1 0 1.000000
0  -21.349779 -4.145299 32.335567  -0.835229 -0.360863 0.414934  0.133523 0.671030 1 0 1.000000
ConsolePanelLoadingBay
0  -20.044304 -4.145299 32.335567  0.835233 -0.360858 0.414931  0.150455 0.671030 1 0 1.000000
0  -20.221638 -4.444215 32.432564  0.835233 -0.360858 0.414931  0.148155 0.669226 1 0 1.000000
0  -20.221638 -5.230829 31.748451  0.835233 -0.360858 0.414931  0.148155 0.657613 1 0 1.000000
ConsolePanelLoadingBay
0  -21.172445 -4.444215 32.432564  0.000000 0.308650 0.951176  0.135823 0.669226 1 0 1.000000
0  -20.221638 -4.444215 32.432564  0.000000 0.308651 0.951175  0.148155 0.669226 1 0 1.000000
0  -20.044304 -4.145299 32.335567  0.000000 0.308651 0.951175  0.150455 0.671030 1 0 1.000000
ConsolePanelLoadingBay
0  -21.851645 -5.230829 31.748451  0.000000 -0.656233 0.754558  0.127014 0.657613 1 0 1.000000
0  -21.851645 -4.444215 32.432564  0.000000 -0.656235 0.754557  0.127014 0.669226 1 0 1.000000
0  -22.802452 -4.444215 32.432564  0.000000 -0.656234 0.754558  0.114682 0.669226 1 0 1.000000
ConsolePanelLoadingBay
0  -21.674311 -5.176240 31.438972  0.000000 -0.984797 -0.173712  0.129314 0.655809 1 0 1.000000
0  -21.851645 -5.230829 31.748451  0.000000 -0.984797 -0.173712  0.127014 0.657613 1 0 1.000000
0  -22.802452 -5.230829 31.748451  0.000000 -0.984797 -0.173712  0.114682 0.657613 1 0 1.000000
ConsolePanelLoadingBay
0  -22.802452 -5.230829 31.748451  -0.835225 -0.360867 0.414939  0.114682 0.657613 1 0 1.000000
0  -22.802452 -4.444215 32.432564  -0.835229 -0.360865 0.414932  0.114682 0.669226 1 0 1.000000
0  -22.979786 -4.145299 32.335567  -0.835228 -0.360866 0.414934  0.112382 0.671030 1 0 1.000000
ConsolePanelLoadingBay
0  -21.674311 -4.145299 32.335567  0.835231 -0.360863 0.414930  0.129314 0.671030 1 0 1.000000
0  -21.851645 -4.444215 32.432564  0.835231 -0.360863 0.414930  0.127014 0.669226 1 0 1.000000
0  -21.851645 -5.230829 31.748451  0.835231 -0.360863 0.414930  0.127014 0.657613 1 0 1.000000
ConsolePanelLoadingBay
0  -22.802452 -4.444215 32.432564  0.000000 0.308651 0.951175  0.114682 0.669226 1 0 1.000000
0  -21.851645 -4.444215 32.432564  0.000000 0.308650 0.951176  0.127014 0.669226 1 0 1.000000
0  -21.674311 -4.145299 32.335567  0.000000 0.308650 0.951176  0.129314 0.671030 1 0 1.000000
ConsolePanelLoadingBay
0  -23.481651 -5.230829 31.748451  0.000000 -0.656233 0.754558  0.105873 0.657613 1 0 1.000000
0  -23.481651 -4.444215 32.432564  0.000000 -0.656234 0.754558  0.105873 0.669226 1 0 1.000000
0  -24.432459 -4.444215 32.432564  0.000000 -0.656233 0.754558  0.093541 0.669226 1 0 1.000000
ConsolePanelLoadingBay
0  -23.304317 -5.176240 31.438972  0.000000 -0.984797 -0.173712  0.108173 0.655809 1 0 1.000000
0  -23.481651 -5.230829 31.748451  0.000000 -0.984797 -0.173712  0.105873 0.657613 1 0 1.000000
0  -24.432459 -5.230829 31.748451  0.000000 -0.984797 -0.173712  0.093541 0.657613 1 0 1.000000
ConsolePanelLoadingBay
0  -24.432459 -5.230829 31.748451  -0.835225 -0.360867 0.414939  0.093541 0.657613 1 0 1.000000
0  -24.432459 -4.444215 32.432564  -0.835230 -0.360864 0.414932  0.093541 0.669226 1 0 1.000000
0  -24.609793 -4.145299 32.335567  -0.835228 -0.360865 0.414934  0.091241 0.671030 1 0 1.000000
ConsolePanelLoadingBay
0  -23.304317 -4.145299 32.335567  0.835229 -0.360868 0.414929  0.108173 0.671030 1 0 1.000000
0  -23.481651 -4.444215 32.432564  0.835229 -0.360868 0.414929  0.105873 0.669226 1 0 1.000000
0  -23.481651 -5.230829 31.748451  0.835229 -0.360868 0.414929  0.105873 0.657613 1 0 1.000000
ConsolePanelLoadingBay
0  -24.432459 -4.444215 32.432564  0.000000 0.308651 0.951175  0.093541 0.669226 1 0 1.000000
0  -23.481651 -4.444215 32.432564  0.000000 0.308650 0.951176  0.105873 0.669226 1 0 1.000000
0  -23.304317 -4.145299 32.335567  0.000000 0.308650 0.951176  0.108173 0.671030 1 0 1.000000
ConsolePanelLoadingBay
0  -21.851645 -3.925652 32.883549  0.000000 -0.656231 0.754560  0.127014 0.677993 1 0 1.000000
0  -21.851645 -3.139037 33.567657  0.000000 -0.656232 0.754559  0.127014 0.689607 1 0 1.000000
0  -22.802452 -3.139037 33.567657  0.000000 -0.656231 0.754560  0.114682 0.689607 1 0 1.000000
ConsolePanelLoadingBay
0  -23.304317 -6.466416 30.316921  0.000000 -0.984797 -0.173712  0.108173 0.636761 1 0 1.000000
0  -23.481651 -6.521006 30.626400  0.000000 -0.984797 -0.173712  0.105873 0.638565 1 0 1.000000
0  -24.432459 -6.521006 30.626400  0.000000 -0.984797 -0.173712  0.093541 0.638565 1 0 1.000000
ConsolePanelLoadingBay
0  -24.432459 -6.521006 30.626400  -0.835228 -0.360865 0.414936  0.093541 0.638565 1 0 1.000000
0  -24.432459 -5.734392 31.310511  -0.835232 -0.360864 0.414928  0.093541 0.650178 1 0 1.000000
0  -24.609793 -5.435475 31.213516  -0.835231 -0.360864 0.414930  0.091241 0.651982 1 0 1.000000
ConsolePanelLoadingBay
0  -23.304317 -5.435475 31.213516  0.835236 -0.360855 0.414927  0.108173 0.651982 1 0 1.000000
0  -23.481651 -5.734392 31.310511  0.835236 -0.360855 0.414927  0.105873 0.650178 1 0 1.000000
0  -23.481651 -6.521006 30.626400  0.835236 -0.360855 0.414927  0.105873 0.638565 1 0 1.000000
ConsolePanelLoadingBay
0  -24.432459 -5.734392 31.310511  0.000000 0.308643 0.951178  0.093541 0.650178 1 0 1.000000
0  -23.481651 -5.734392 31.310511  0.000000 0.308645 0.951177  0.105873 0.650178 1 0 1.000000
0  -23.304317 -5.435475 31.213516  0.000000 0.308644 0.951177  0.108173 0.651982 1 0 1.000000
ConsolePanelLoadingBay
0  -21.851645 -6.521006 30.626400  0.000000 -0.656233 0.754558  0.127014 0.638565 1 0 1.000000
0  -21.851645 -5.734392 31.310511  0.000000 -0.656234 0.754558  0.127014 0.650178 1 0 1.000000
0  -22.802452 -5.734392 31.310511  0.000000 -0.656233 0.754558  0.114682 0.650178 1 0 1.000000
ConsolePanelLoadingBay
0  -21.674311 -6.466416 30.316921  0.000000 -0.984797 -0.173712  0.129314 0.636761 1 0 1.000000
0  -21.851645 -6.521006 30.626400  0.000000 -0.984797 -0.173712  0.127014 0.638565 1 0 1.000000
0  -22.802452 -6.521006 30.626400  0.000000 -0.984797 -0.173712  0.114682 0.638565 1 0 1.000000
ConsolePanelLoadingBay
0  -22.802452 -6.521006 30.626400  -0.835228 -0.360864 0.414936  0.114682 0.638565 1 0 1.000000
0  -22.802452 -5.734392 31.310511  -0.835234 -0.360858 0.414929  0.114682 0.650178 1 0 1.000000
0  -22.979786 -5.435475 31.213516  -0.835232 -0.360860 0.414931  0.112382 0.651982 1 0 1.000000
ConsolePanelLoadingBay
0  -21.674311 -5.435475 31.213516  0.835236 -0.360855 0.414927  0.129314 0.651982 1 0 1.000000
0  -21.851645 -5.734392 31.310511  0.835236 -0.360855 0.414927  0.127014 0.650178 1 0 1.000000
0  -21.851645 -6.521006 30.626400  0.835236 -0.360855 0.414927  0.127014 0.638565 1 0 1.000000
ConsolePanelLoadingBay
0  -22.802452 -5.734392 31.310511  0.000000 0.308645 0.951177  0.114682 0.650178 1 0 1.000000
0  -21.851645 -5.734392 31.310511  0.000000 0.308642 0.951178  0.127014 0.650178 1 0 1.000000
0  -21.674311 -5.435475 31.213516  0.000000 0.308643 0.951178  0.129314 0.651982 1 0 1.000000
ConsolePanelLoadingBay
0  -20.221638 -6.521006 30.626400  0.000000 -0.656232 0.754559  0.148155 0.638565 1 0 1.000000
0  -20.221638 -5.734392 31.310511  0.000000 -0.656232 0.754560  0.148155 0.650178 1 0 1.000000
0  -21.172445 -5.734392 31.310511  0.000000 -0.656232 0.754559  0.135823 0.650178 1 0 1.000000
ConsolePanelLoadingBay
0  -20.044304 -6.466416 30.316921  0.000000 -0.984797 -0.173712  0.150455 0.636761 1 0 1.000000
0  -20.221638 -6.521006 30.626400  0.000000 -0.984797 -0.173712  0.148155 0.638565 1 0 1.000000
0  -21.172445 -6.521006 30.626400  0.000000 -0.984797 -0.173712  0.135823 0.638565 1 0 1.000000
ConsolePanelLoadingBay
0  -21.172445 -6.521006 30.626400  -0.835228 -0.360864 0.414936  0.135823 0.638565 1 0 1.000000
0  -21.172445 -5.734392 31.310511  -0.835233 -0.360860 0.414928  0.135823 0.650178 1 0 1.000000
0  -21.349779 -5.435475 31.213516  -0.835232 -0.360861 0.414930  0.133523 0.651982 1 0 1.000000
ConsolePanelLoadingBay
0  -20.044304 -5.435475 31.213516  0.835236 -0.360855 0.414927  0.150455 0.651982 1 0 1.000000
0  -20.221638 -5.734392 31.310511  0.835236 -0.360855 0.414927  0.148155 0.650178 1 0 1.000000
0  -20.221638 -6.521006 30.626400  0.835236 -0.360855 0.414927  0.148155 0.638565 1 0 1.000000
ConsolePanelLoadingBay
0  -21.172445 -5.734392 31.310511  0.000000 0.308644 0.951178  0.135823 0.650178 1 0 1.000000
0  -20.221638 -5.734392 31.310511  0.000000 0.308644 0.951178  0.148155 0.650178 1 0 1.000000
0  -20.044304 -5.435475 31.213516  0.000000 0.308644 0.951178  0.150455 0.651982 1 0 1.000000
ConsolePanelLoadingBay
0  -18.591631 -6.521006 30.626400  0.000000 -0.656232 0.754559  0.169296 0.638565 1 0 1.000000
0  -18.591631 -5.734392 31.310511  0.000000 -0.656234 0.754558  0.169296 0.650178 1 0 1.000000
0  -19.542439 -5.734392 31.310511  0.000000 -0.656232 0.754559  0.156964 0.650178 1 0 1.000000
ConsolePanelLoadingBay
0  -18.414297 -6.466416 30.316921  0.000000 -0.984797 -0.173712  0.171596 0.636761 1 0 1.000000
0  -18.591631 -6.521006 30.626400  0.000000 -0.984797 -0.173712  0.169296 0.638565 1 0 1.000000
0  -19.542439 -6.521006 30.626400  0.000000 -0.984797 -0.173712  0.156964 0.638565 1 0 1.000000
ConsolePanelLoadingBay
0  -19.542439 -6.521006 30.626400  -0.835228 -0.360864 0.414936  0.156964 0.638565 1 0 1.000000
0  -19.542439 -5.734392 31.310511  -0.835234 -0.360858 0.414929  0.156964 0.650178 1 0 1.000000
0  -19.719772 -5.435475 31.213516  -0.835232 -0.360860 0.414931  0.154664 0.651982 1 0 1.000000
ConsolePanelLoadingBay
0  -18.414297 -5.435475 31.213516  0.835236 -0.360855 0.414927  0.171596 0.651982 1 0 1.000000
0  -18.591631 -5.734392 31.310511  0.835236 -0.360855 0.414927  0.169296 0.650178 1 0 1.000000
0  -18.591631 -6.521006 30.626400  0.835236 -0.360855 0.414927  0.169296 0.638565 1 0 1.000000
ConsolePanelLoadingBay
0  -19.542439 -5.734392 31.310511  0.000000 0.308645 0.951177  0.156964 0.650178 1 0 1.000000
0  -18.591631 -5.734392 31.310511  0.000000 0.308642 0.951178  0.169296 0.650178 1 0 1.000000
0  -18.414297 -5.435475 31.213516  0.000000 0.308643 0.951178  0.171596 0.651982 1 0 1.000000
ConsolePanelLoadingBay
0  -17.001381 -3.925652 32.883549  0.000000 -0.656231 0.754560  0.189921 0.677993 1 0 1.000000
0  -17.001381 -3.139037 33.567657  0.000000 -0.656230 0.754561  0.189921 0.689607 1 0 1.000000
0  -17.952188 -3.139037 33.567657  0.000000 -0.656231 0.754560  0.177590 0.689607 1 0 1.000000
ConsolePanelLoadingBay
0  -16.824047 -6.466416 30.316921  0.000000 -0.984797 -0.173712  0.192221 0.636761 1 0 1.000000
0  -17.001381 -6.521006 30.626400  0.000000 -0.984797 -0.173712  0.189921 0.638565 1 0 1.000000
0  -17.952188 -6.521006 30.626400  0.000000 -0.984797 -0.173712  0.177590 0.638565 1 0 1.000000
ConsolePanelLoadingBay
0  -17.952188 -6.521006 30.626400  -0.835228 -0.360864 0.414936  0.177590 0.638565 1 0 1.000000
0  -17.952188 -5.734392 31.310511  -0.835234 -0.360858 0.414929  0.177590 0.650178 1 0 1.000000
0  -18.129522 -5.435475 31.213516  -0.835232 -0.360860 0.414931  0.175290 0.651982 1 0 1.000000
ConsolePanelLoadingBay
0  -16.824047 -5.435475 31.213516  0.835234 -0.360860 0.414926  0.192221 0.651982 1 0 1.000000
0  -17.001381 -5.734392 31.310511  0.835234 -0.360860 0.414926  0.189921 0.650178 1 0 1.000000
0  -17.001381 -6.521006 30.626400  0.835234 -0.360860 0.414926  0.189921 0.638565 1 0 1.000000
ConsolePanelLoadingBay
0  -17.952188 -5.734392 31.310511  0.000000 0.308644 0.951178  0.177590 0.650178 1 0 1.000000
0  -17.001381 -5.734392 31.310511  0.000000 0.308644 0.951178  0.189921 0.650178 1 0 1.000000
0  -16.824047 -5.435475 31.213516  0.000000 0.308644 0.951178  0.192221 0.651982 1 0 1.000000
ConsolePanelLoadingBay
0  -15.470764 -3.925652 32.883549  0.000000 -0.656231 0.754560  0.209773 0.677993 1 0 1.000000
0  -15.470764 -3.139037 33.567657  0.000000 -0.656231 0.754560  0.209773 0.689607 1 0 1.000000
0  -16.421572 -3.139037 33.567657  0.000000 -0.656231 0.754560  0.197441 0.689607 1 0 1.000000
ConsolePanelLoadingBay
0  -15.293431 -6.466416 30.316921  0.000000 -0.984797 -0.173712  0.212073 0.636761 1 0 1.000000
0  -15.470764 -6.521006 30.626400  0.000000 -0.984797 -0.173712  0.209773 0.638565 1 0 1.000000
0  -16.421572 -6.521006 30.626400  0.000000 -0.984797 -0.173712  0.197441 0.638565 1 0 1.000000
ConsolePanelLoadingBay
0  -16.421572 -6.521006 30.626400  -0.835228 -0.360864 0.414936  0.197441 0.638565 1 0 1.000000
0  -16.421572 -5.734392 31.310511  -0.835234 -0.360859 0.414929  0.197441 0.650178 1 0 1.000000
0  -16.598906 -5.435475 31.213516  -0.835232 -0.360860 0.414931  0.195141 0.651982 1 0 1.000000
ConsolePanelLoadingBay
0  -15.293431 -5.435475 31.213516  0.835237 -0.360855 0.414925  0.212073 0.651982 1 0 1.000000
0  -15.470764 -5.734392 31.310511  0.835237 -0.360855 0.414925  0.209773 0.650178 1 0 1.000000
0  -15.470764 -6.521006 30.626400  0.835237 -0.360855 0.414925  0.209773 0.638565 1 0 1.000000
ConsolePanelLoadingBay
0  -16.421572 -5.734392 31.310511  0.000000 0.308644 0.951178  0.197441 0.650178 1 0 1.000000
0  -15.470764 -5.734392 31.310511  0.000000 0.308644 0.951178  0.209773 0.650178 1 0 1.000000
0  -15.293431 -5.435475 31.213516  0.000000 0.308644 0.951178  0.212073 0.651982 1 0 1.000000
ConsolePanelLoadingBay
0  -13.900392 -6.521006 30.626400  0.000000 -0.656233 0.754559  0.230141 0.638565 1 0 1.000000
0  -13.900392 -5.734392 31.310511  0.000000 -0.656233 0.754559  0.230141 0.650178 1 0 1.000000
0  -14.851200 -5.734392 31.310511  0.000000 -0.656233 0.754559  0.217809 0.650178 1 0 1.000000
ConsolePanelLoadingBay
0  -13.723059 -6.466416 30.316921  0.000000 -0.984797 -0.173712  0.232441 0.636761 1 0 1.000000
0  -13.900392 -6.521006 30.626400  0.000000 -0.984797 -0.173712  0.230141 0.638565 1 0 1.000000
0  -14.851200 -6.521006 30.626400  0.000000 -0.984797 -0.173712  0.217809 0.638565 1 0 1.000000
ConsolePanelLoadingBay
0  -14.851200 -6.521006 30.626400  -0.835230 -0.360861 0.414935  0.217809 0.638565 1 0 1.000000
0  -14.851200 -5.734392 31.310511  -0.835235 -0.360858 0.414927  0.217809 0.650178 1 0 1.000000
0  -15.028533 -5.435475 31.213516  -0.835233 -0.360858 0.414929  0.215509 0.651982 1 0 1.000000
ConsolePanelLoadingBay
0  -13.723059 -5.435475 31.213516  0.835237 -0.360855 0.414925  0.232441 0.651982 1 0 1.000000
0  -13.900392 -5.734392 31.310511  0.835237 -0.360855 0.414925  0.230141 0.650178 1 0 1.000000
0  -13.900392 -6.521006 30.626400  0.835237 -0.360855 0.414925  0.230141 0.638565 1 0 1.000000
ConsolePanelLoadingBay
0  -14.851200 -5.734392 31.310511  0.000000 0.308645 0.951177  0.217809 0.650178 1 0 1.000000
0  -13.900392 -5.734392 31.310511  0.000000 0.308642 0.951178  0.230141 0.650178 1 0 1.000000
0  -13.723059 -5.435475 31.213516  0.000000 0.308643 0.951178  0.232441 0.651982 1 0 1.000000
ConsolePanelLoadingBay
0  -2.285111 2.986941 38.555119  0.000000 -0.656231 0.754560  0.379738 0.781337 1 0 1.000000
0  -26.749788 2.986941 38.555119  0.000000 -0.656231 0.754560  0.063780 0.781306 1 0 1.000000
0  -26.749788 -6.809865 30.034954  0.000000 -0.656231 0.754560  0.063799 0.630768 1 0 1.000000
ConsolePanelLoadingBay
0  -13.900392 -5.230829 31.748451  0.000000 -0.656234 0.754558  0.230141 0.657613 1 0 1.000000
0  -13.900392 -4.444215 32.432564  0.000000 -0.656234 0.754557  0.230141 0.669226 1 0 1.000000
0  -14.851200 -4.444215 32.432564  0.000000 -0.656234 0.754558  0.217809 0.669226 1 0 1.000000
ConsolePanelLoadingBay
0  -12.330020 -6.521006 30.626400  0.000000 -0.656233 0.754559  0.250508 0.638565 1 0 1.000000
0  -12.330020 -5.734392 31.310511  0.000000 -0.656233 0.754559  0.250508 0.650178 1 0 1.000000
0  -13.280828 -5.734392 31.310511  0.000000 -0.656233 0.754559  0.238176 0.650178 1 0 1.000000
ConsolePanelLoadingBay
0  -12.330020 -5.230829 31.748451  0.000000 -0.656234 0.754558  0.250508 0.657613 1 0 1.000000
0  -12.330020 -4.444215 32.432564  0.000000 -0.656233 0.754558  0.250508 0.669226 1 0 1.000000
0  -13.280828 -4.444215 32.432564  0.000000 -0.656234 0.754558  0.238176 0.669226 1 0 1.000000
ConsolePanelLoadingBay
0  -12.152686 -6.466416 30.316921  0.000000 -0.984797 -0.173712  0.252808 0.636761 1 0 1.000000
0  -12.330020 -6.521006 30.626400  0.000000 -0.984797 -0.173712  0.250508 0.638565 1 0 1.000000
0  -13.280828 -6.521006 30.626400  0.000000 -0.984797 -0.173712  0.238176 0.638565 1 0 1.000000
ConsolePanelLoadingBay
0  -12.152686 -5.435475 31.213516  0.835234 -0.360860 0.414926  0.252808 0.651982 1 0 1.000000
0  -12.330020 -5.734392 31.310511  0.835234 -0.360860 0.414926  0.250508 0.650178 1 0 1.000000
0  -12.330020 -6.521006 30.626400  0.835234 -0.360860 0.414926  0.250508 0.638565 1 0 1.000000
ConsolePanelLoadingBay
0  31.707117 -8.039357 29.278763  0.621289 -0.514918 0.590643  0.632614 0.240220 1 0 1.000000
0  31.951651 -7.868244 29.163874  0.621305 -0.514910 0.590633  0.631232 0.239292 1 0 1.000000
0  31.951651 4.222677 39.711563  0.621319 -0.514903 0.590624  0.534900 0.324501 1 0 1.000000
ConsolePanelLoadingBay
0  -31.815548 4.222677 39.711563  -0.586639 0.000000 0.809848  0.534900 0.324501 1 0 1.000000
0  -31.562456 4.145754 39.894897  -0.586639 0.000000 0.809848  0.535521 0.325981 1 0 1.000000
0  -31.562456 8.045531 39.894897  -0.586636 0.000000 0.809851  0.504019 0.325985 1 0 1.000000
ConsolePanelLoadingBay
0  31.707117 8.045533 0.001321  0.083852 0.149754 -0.985161  0.504019 0.003749 1 0 1.000000
0  31.951651 7.909288 0.001321  0.845510 0.496813 0.195678  0.505119 0.003748 1 0 1.000000
0  31.951651 -7.876825 0.001321  0.871491 -0.459048 0.172565  0.631300 0.003734 1 0 1.000000
ConsolePanelLoadingBay
0  31.707117 8.045531 39.894897  0.486708 0.873565 0.000000  0.504019 0.325985 1 0 1.000000
0  31.951651 7.909286 39.711563  0.486708 0.873564 0.000000  0.505120 0.324505 1 0 1.000000
0  31.951651 7.909288 0.001321  0.845510 0.496813 0.195678  0.505119 0.003748 1 0 1.000000
ConsolePanelLoadingBay
0  -31.791149 -7.876825 0.001321  -0.879776 -0.445670 0.165446  0.631300 0.003734 1 0 1.000000
0  -31.562456 -8.044419 0.001321  -0.123592 -0.175961 -0.976608  0.632655 0.003735 1 0 1.000000
0  -31.562456 -8.039357 29.278763  -0.575116 -0.818072 -0.000051  0.632614 0.240220 1 0 1.000000
ConsolePanelLoadingBay
0  -31.815548 -7.868244 29.163874  -0.608150 -0.521650 0.598361  0.631232 0.239292 1 0 1.000000
0  -31.562456 -8.039357 29.278763  -0.608150 -0.521648 0.598362  0.632614 0.240220 1 0 1.000000
0  -31.562456 4.145754 39.894897  -0.608132 -0.521659 0.598371  0.535521 0.325981 1 0 1.000000
ConsolePanelLoadingBay
0  -28.599920 -2.333831 35.746246  0.000000 -0.656232 0.754559  0.039408 0.713352 1 0 1.000000
0  -29.378263 -2.090561 35.957817  0.000000 -0.656233 0.754558  0.030381 0.717091 1 0 1.000000
0  -30.156605 -2.333831 35.746246  0.000000 -0.656233 0.754559  0.021355 0.713352 1 0 1.000000
ConsolePanelLoadingBay
0  -30.156605 -2.333831 35.746246  0.000000 -0.656233 0.754559  0.021355 0.713352 1 0 1.000000
0  -30.479006 -2.921136 35.235474  0.000000 -0.656234 0.754557  0.017617 0.704326 1 0 1.000000
0  -30.156605 -3.508442 34.724701  0.000000 -0.656231 0.754560  0.021355 0.695300 1 0 1.000000
ConsolePanelLoadingBay
0  -30.156605 -3.508442 34.724701  0.000000 -0.656231 0.754560  0.021355 0.695300 1 0 1.000000
0  -29.378263 -3.751712 34.513134  0.000000 -0.656228 0.754562  0.030381 0.691561 1 0 1.000000
0  -28.599920 -3.508442 34.724701  0.000000 -0.656231 0.754560  0.039408 0.695300 1 0 1.000000
ConsolePanelLoadingBay
0  -28.599920 -3.508442 34.724701  0.000000 -0.656231 0.754560  0.039408 0.695300 1 0 1.000000
0  -28.277521 -2.921136 35.235474  0.000000 -0.656232 0.754559  0.043146 0.704326 1 0 1.000000
0  -28.599920 -2.333831 35.746246  0.000000 -0.656232 0.754559  0.039408 0.713352 1 0 1.000000
ConsolePanelLoadingBay
0  -28.599920 -2.333831 35.746246  0.000000 -0.656232 0.754559  0.039408 0.713352 1 0 1.000000
0  -30.156605 -2.333831 35.746246  0.000000 -0.656233 0.754559  0.021355 0.713352 1 0 1.000000
0  -30.156605 -3.508442 34.724701  0.000000 -0.656231 0.754560  0.021355 0.695300 1 0 1.000000
ConsolePanelLoadingBay
0  -31.562456 -8.044419 0.001321  -0.123592 -0.175961 -0.976608  0.632655 0.003735 1 0 1.000000
0  -31.791149 -7.876825 0.001321  -0.879776 -0.445670 0.165446  0.631300 0.003734 1 0 1.000000
0  -31.791149 7.909288 0.001321  -0.848217 0.494757 0.189061  0.505119 0.003748 1 0 1.000000
ConsolePanelLoadingBay
0  6.693662 -8.039357 29.278763  -1.000000 -0.000396 -0.000345  0.430793 0.923533 1 0 1.000000
0  6.693662 -12.171866 34.022018  -0.724036 -0.637968 0.262237  0.430836 0.995160 1 0 1.000000
0  6.685173 0.013247 44.638157  -0.929123 -0.243282 0.278467  0.304538 0.995431 1 0 1.000000
ConsolePanelLoadingBay
0  31.707117 -8.044419 0.001321  0.116186 -0.167796 -0.978951  0.632655 0.003735 1 0 1.000000
0  31.951651 -7.876825 0.001321  0.871491 -0.459048 0.172565  0.631300 0.003734 1 0 1.000000
0  31.951651 -7.868244 29.163874  0.569390 -0.822067 0.000192  0.631232 0.239292 1 0 1.000000
ConsolePanelLoadingBay
0  31.707117 4.145754 39.894897  0.599858 0.000000 0.800107  0.535521 0.325981 1 0 1.000000
0  31.951651 4.222677 39.711563  0.599857 0.000000 0.800107  0.534900 0.324501 1 0 1.000000
0  31.951651 7.909286 39.711563  0.599866 0.000000 0.800100  0.505120 0.324505 1 0 1.000000
ConsolePanelLoadingBay
0  -31.562456 4.145754 39.894897  -0.000978 -0.659521 0.751686  0.001623 0.801636 1 0 1.000000
0  -31.562456 -8.039357 29.278763  -0.001041 -0.659512 0.751693  0.001647 0.614254 1 0 1.000000
0  -26.892857 -7.090186 30.123137  -0.000949 -0.659975 0.751287  0.061952 0.628989 1 0 1.000000
ConsolePanelLoadingBay
0  -3.232575 -6.611533 30.216599  0.000000 -0.792363 -0.610049  0.837075 0.073572 1 0 1.000000
0  -3.232575 -8.128223 32.186554  0.000000 -0.792363 -0.610049  0.837075 0.128161 1 0 1.000000
0  -9.490641 -8.128223 32.186554  0.000000 -0.792363 -0.610049  0.700520 0.128161 1 0 1.000000
ConsolePanelLoadingBay
0  -26.749788 2.986941 38.555119  0.000000 -0.986318 -0.164854  0.063780 0.781306 1 0 1.000000
0  -2.285111 2.986941 38.555119  0.000000 -0.986318 -0.164852  0.379738 0.781337 1 0 1.000000
0  -2.142043 2.938497 38.844963  0.000000 -0.986318 -0.164852  0.381586 0.783123 1 0 1.000000
ConsolePanelLoadingBay
0  -3.232575 -8.128223 32.186554  0.000000 -0.754145 0.656707  0.837075 0.128161 1 0 1.000000
0  -3.232575 -4.071084 36.845665  -0.000002 -0.440470 0.897768  0.837075 0.277809 1 0 1.000000
0  -9.490641 -4.071084 36.845665  -0.000002 -0.440489 0.897758  0.700520 0.277809 1 0 1.000000
ConsolePanelLoadingBay
0  -2.285111 -6.809865 30.034954  0.000000 0.300079 0.953914  0.379756 0.630799 1 0 1.000000
0  -26.749788 -6.809865 30.034954  0.000000 0.300079 0.953914  0.063799 0.630768 1 0 1.000000
0  -26.892857 -7.090186 30.123137  0.000000 0.300079 0.953914  0.061952 0.628989 1 0 1.000000
ConsolePanelLoadingBay
0  6.881717 -12.153599 34.287483  -0.270607 -0.811001 0.518700  0.007329 0.808145 1 0 1.000000
0  31.518963 -12.153599 34.287483  0.000000 -0.656897 0.753981  0.295072 0.808145 1 0 1.000000
0  31.518963 -0.252215 44.656425  0.000000 -0.656897 0.753981  0.295072 0.992497 1 0 1.000000
ConsolePanelLoadingBay
0  9.779420 -2.642141 42.516075  0.923960 -0.287007 -0.252833  0.908078 0.225290 1 0 1.000000
0  9.779420 -4.448181 44.566227  0.923961 -0.287006 -0.252832  0.977124 0.225290 1 0 1.000000
0  9.779420 -11.400393 38.441818  1.000000 -0.000000 0.000000  0.977124 0.006875 1 0 1.000000
ConsolePanelLoadingBay
0  21.195429 -1.280654 43.715450  0.384207 0.692774 0.610286  0.908078 0.508612 1 0 1.000000
0  21.195429 -3.086694 45.765602  0.384205 0.692775 0.610286  0.977124 0.508612 1 0 1.000000
0  22.792019 -4.292606 44.703278  0.924502 0.286023 0.251966  0.977124 0.555995 1 0 1.000000
ConsolePanelLoadingBay
0  21.195429 -3.086694 45.765602  0.000005 -0.661017 0.750371  0.854329 0.009430 1 0 1.000000
0  11.130994 -3.086694 45.765602  -0.000006 -0.661015 0.750372  0.684843 0.009430 1 0 1.000000
0  11.338402 -3.277335 45.597664  -0.000004 -0.661015 0.750373  0.688336 0.013708 1 0 1.000000
ConsolePanelLoadingBay
0  22.792019 -4.292606 44.703278  0.000001 -0.661022 0.750367  0.881216 0.036494 1 0 1.000000
0  21.195429 -3.086694 45.765602  0.000005 -0.661017 0.750371  0.854329 0.009430 1 0 1.000000
0  20.988022 -3.277335 45.597664  0.000003 -0.661017 0.750371  0.850836 0.013708 1 0 1.000000
ConsolePanelLoadingBay
0  22.558969 -11.400393 38.441818  0.000000 -0.661021 0.750368  0.877291 0.196010 1 0 1.000000
0  22.792019 -11.400393 38.441818  0.000000 -0.661021 0.750368  0.881216 0.196010 1 0 1.000000
0  22.792019 -4.292606 44.703278  0.000001 -0.661022 0.750367  0.881216 0.036494 1 0 1.000000
ConsolePanelLoadingBay
0  20.988022 -1.471295 43.547508  -0.381131 -0.693731 -0.611127  0.908078 0.509001 1 0 1.000000
0  20.988022 -3.277335 45.597664  -0.381129 -0.693731 -0.611128  0.977124 0.509001 1 0 1.000000
0  11.338402 -3.277335 45.597664  0.382897 -0.693183 -0.610645  0.977124 0.273501 1 0 1.000000
ConsolePanelLoadingBay
0  22.792019 -9.594355 36.391663  0.000000 -0.750365 -0.661023  0.908078 0.751876 1 0 1.000000
0  22.792019 -11.400393 38.441818  0.000000 -0.750365 -0.661023  0.977124 0.751876 1 0 1.000000
0  22.558969 -11.400393 38.441818  0.000000 -0.750365 -0.661023  0.977124 0.775134 1 0 1.000000
ConsolePanelLoadingBay
0  22.558969 -9.594355 36.391663  -1.000000 -0.000001 0.000000  0.908078 0.775134 1 0 1.000000
0  22.558969 -11.400393 38.441818  -1.000000 -0.000001 0.000000  0.977124 0.775134 1 0 1.000000
0  22.558969 -4.448181 44.566227  -0.923250 -0.288270 -0.253989  0.977124 0.557274 1 0 1.000000
ConsolePanelLoadingBay
0  11.338402 -1.471295 43.547508  0.382896 -0.693183 -0.610645  0.908078 0.273501 1 0 1.000000
0  11.338402 -3.277335 45.597664  0.382897 -0.693183 -0.610645  0.977124 0.273501 1 0 1.000000
0  9.779420 -4.448181 44.566227  0.923961 -0.287006 -0.252832  0.977124 0.225290 1 0 1.000000
ConsolePanelLoadingBay
0  9.522439 -2.486566 42.653126  -0.923789 0.287317 0.253106  0.908078 0.226310 1 0 1.000000
0  9.522439 -4.292606 44.703278  -0.923783 0.287328 0.253116  0.977124 0.226310 1 0 1.000000
0  11.130994 -3.086694 45.765602  -0.382483 0.693311 0.610759  0.977124 0.273881 1 0 1.000000
ConsolePanelLoadingBay
0  9.779420 -9.594355 36.391663  0.000000 -0.750369 -0.661019  0.908078 0.006875 1 0 1.000000
0  9.779420 -11.400393 38.441818  0.000000 -0.750369 -0.661019  0.977124 0.006875 1 0 1.000000
0  9.522439 -11.400393 38.441818  0.000000 -0.750369 -0.661019  0.977124 0.030429 1 0 1.000000
ConsolePanelLoadingBay
0  31.154903 -0.724554 44.233795  0.411865 -0.910349 -0.040389  0.521949 0.350948 1 0 1.000000
0  31.096233 -0.759765 44.429138  0.411882 -0.910342 -0.040385  0.521003 0.352587 1 0 1.000000
0  30.931196 -0.759765 44.429138  -0.411886 -0.910340 -0.040383  0.518340 0.352587 1 0 1.000000
ConsolePanelLoadingBay
0  31.707117 -8.039357 29.278763  0.000000 -0.753980 -0.656897  0.650389 0.923533 1 0 1.000000
0  31.707117 -12.171866 34.022018  0.000000 -0.753980 -0.656897  0.650346 0.995160 1 0 1.000000
0  6.693662 -12.171866 34.022018  0.000000 -0.753980 -0.656897  0.430836 0.995160 1 0 1.000000
ConsolePanelLoadingBay
0  31.707117 4.145754 39.894897  1.000000 0.000000 0.000000  0.776654 0.923804 1 0 1.000000
0  31.707117 0.013247 44.638157  1.000000 0.000000 0.000000  0.776610 0.995431 1 0 1.000000
0  31.707117 -12.171866 34.022018  1.000000 0.000000 0.000000  0.650346 0.995160 1 0 1.000000
ConsolePanelLoadingBay
0  6.685173 4.145754 39.894897  0.000000 0.753981 0.656897  0.996198 0.923804 1 0 1.000000
0  6.685173 0.013247 44.638157  0.000000 0.753981 0.656897  0.996241 0.995431 1 0 1.000000
0  31.707117 0.013247 44.638157  0.000000 0.753981 0.656897  0.776610 0.995431 1 0 1.000000
ConsolePanelLoadingBay
0  6.685173 4.145754 39.894897  0.000000 0.000000 1.000000  0.198895 0.606907 1 0 1.000000
0  31.707117 4.145754 39.894897  0.000000 0.000000 1.000000  0.003209 0.606907 1 0 1.000000
0  31.707117 8.045531 39.894897  0.000000 0.000000 1.000000  0.003209 0.560706 1 0 1.000000
ConsolePanelLoadingBay
0  31.707117 8.045531 39.894897  0.000000 0.000000 1.000000  0.003209 0.560706 1 0 1.000000
0  -31.562456 8.045531 39.894897  0.000000 0.000000 1.000000  0.498013 0.560706 1 0 1.000000
0  -31.562456 4.145754 39.894897  0.000000 0.000000 1.000000  0.498013 0.606907 1 0 1.000000
ConsolePanelLoadingBay
0  -4.896356 1.229013 39.966087  0.260663 0.223550 0.939191  0.756347 0.523855 1 0 1.000000
0  -5.524653 -0.016707 40.436977  0.260655 0.223554 0.939193  0.753537 0.547746 1 0 1.000000
0  -4.652468 -1.479310 40.058933  0.521314 -0.213554 0.826212  0.702866 0.547746 1 0 1.000000
ConsolePanelLoadingBay
0  -5.334540 0.699949 38.980164  0.342092 0.756182 -0.557819  0.754798 0.498267 1 0 1.000000
0  -4.896356 1.229013 39.966087  0.342131 0.756166 -0.557817  0.756347 0.523855 1 0 1.000000
0  -3.395873 -1.287206 39.315712  0.684192 0.182518 -0.706094  0.706847 0.523855 1 0 1.000000
ConsolePanelLoadingBay
0  -4.272241 -1.081462 38.519714  0.684191 0.182512 -0.706097  0.704553 0.498267 1 0 1.000000
0  -3.395873 -1.287206 39.315712  0.684192 0.182518 -0.706094  0.706847 0.523855 1 0 1.000000
0  -4.896356 -3.803425 38.665337  0.342105 -0.391161 -0.854375  0.678137 0.523497 1 0 1.000000
ConsolePanelLoadingBay
0  -5.334540 -2.862873 38.059265  0.342098 -0.391165 -0.854376  0.678137 0.498267 1 0 1.000000
0  -4.896356 -3.803425 38.665337  0.342105 -0.391161 -0.854375  0.678137 0.523497 1 0 1.000000
0  -7.897322 -3.803425 38.665337  -0.342089 -0.391171 -0.854377  0.623967 0.523855 1 0 1.000000
ConsolePanelLoadingBay
0  -8.141211 -1.479310 40.058933  -0.685365 0.182225 -0.705031  0.581070 0.547746 1 0 1.000000
0  -8.793708 -1.632993 40.653511  -0.685365 0.182223 -0.705031  0.578495 0.566859 1 0 1.000000
0  -7.595273 0.376709 41.172966  -0.354732 0.750071 -0.558174  0.528517 0.566859 1 0 1.000000
ConsolePanelLoadingBay
0  -7.897322 1.229013 39.966087  -0.248570 0.230279 0.940843  0.809762 0.523855 1 0 1.000000
0  -7.269025 -0.016707 40.436977  -0.248573 0.230286 0.940840  0.812571 0.547746 1 0 1.000000
0  -5.524653 -0.016707 40.436977  0.260655 0.223554 0.939193  0.753537 0.547746 1 0 1.000000
ConsolePanelLoadingBay
0  -7.595273 0.376709 41.172966  -0.190555 0.117796 0.974583  0.810690 0.566859 1 0 1.000000
0  -7.068242 -0.624031 41.396957  -0.190546 0.117780 0.974587  0.814904 0.581402 1 0 1.000000
0  -5.725436 -0.624031 41.396957  0.202643 0.111047 0.972936  0.751205 0.581402 1 0 1.000000
ConsolePanelLoadingBay
0  -5.198405 0.376709 41.172966  0.202647 0.111045 0.972935  0.755419 0.566859 1 0 1.000000
0  -5.725436 -0.624031 41.396957  0.202643 0.111047 0.972936  0.751205 0.581402 1 0 1.000000
0  -5.054033 -1.749934 41.105942  0.405286 -0.228776 0.885102  0.709768 0.580329 1 0 1.000000
ConsolePanelLoadingBay
0  -5.524653 -0.016707 40.436977  0.342679 0.756894 -0.556492  0.753537 0.547746 1 0 1.000000
0  -5.198405 0.376709 41.172966  0.342677 0.756894 -0.556492  0.755419 0.566859 1 0 1.000000
0  -3.999970 -1.632993 40.653511  0.685364 0.182240 -0.705028  0.705441 0.566859 1 0 1.000000
ConsolePanelLoadingBay
0  -4.652468 -1.479310 40.058933  0.685364 0.182239 -0.705029  0.702866 0.547746 1 0 1.000000
0  -3.999970 -1.632993 40.653511  0.685364 0.182240 -0.705028  0.705441 0.566859 1 0 1.000000
0  -5.198405 -3.642695 40.134056  0.342692 -0.392423 -0.853561  0.678137 0.566143 1 0 1.000000
ConsolePanelLoadingBay
0  -4.896356 -3.803425 38.665337  0.260649 -0.650665 0.713230  0.678137 0.523497 1 0 1.000000
0  -5.524653 -2.941912 39.680889  0.260657 -0.650661 0.713231  0.678137 0.546315 1 0 1.000000
0  -7.269025 -2.941912 39.680889  -0.260656 -0.650661 0.713231  0.623967 0.547746 1 0 1.000000
ConsolePanelLoadingBay
0  -7.269025 -2.941912 39.680889  -0.342679 -0.392431 -0.853563  0.623967 0.547746 1 0 1.000000
0  -7.595273 -3.642695 40.134056  -0.342677 -0.392432 -0.853563  0.623967 0.566859 1 0 1.000000
0  -8.793708 -1.632993 40.653511  -0.685365 0.182223 -0.705031  0.578495 0.566859 1 0 1.000000
ConsolePanelLoadingBay
0  -3.759856 -3.763286 37.786469  0.000000 -0.257956 0.966157  0.825587 0.289915 1 0 1.000000
0  -3.759856 1.674662 39.238358  0.000000 -0.257956 0.966157  0.825587 0.415779 1 0 1.000000
0  -8.963360 1.674662 39.238358  0.000000 -0.257956 0.966157  0.712005 0.415779 1 0 1.000000
ConsolePanelLoadingBay
0  -3.999970 -1.632993 40.653511  0.405287 -0.228780 0.885100  0.705441 0.566859 1 0 1.000000
0  -5.054033 -1.749934 41.105942  0.405286 -0.228776 0.885102  0.709768 0.580329 1 0 1.000000
0  -5.725436 -2.875836 40.814926  0.202644 -0.568598 0.797265  0.678137 0.577467 1 0 1.000000
ConsolePanelLoadingBay
0  -7.269025 -0.016707 40.436977  -0.330580 0.763576 -0.554679  0.812571 0.547746 1 0 1.000000
0  -7.595273 0.376709 41.172966  -0.330572 0.763566 -0.554698  0.810690 0.566859 1 0 1.000000
0  -5.198405 0.376709 41.172966  0.342677 0.756894 -0.556492  0.755419 0.566859 1 0 1.000000
ConsolePanelLoadingBay
0  -7.595273 -3.642695 40.134056  -0.202649 -0.568595 0.797266  0.623967 0.566859 1 0 1.000000
0  -7.068242 -2.875836 40.814926  -0.202646 -0.568597 0.797265  0.623967 0.581402 1 0 1.000000
0  -7.739645 -1.749934 41.105942  -0.405289 -0.228774 0.885100  0.583825 0.581402 1 0 1.000000
ConsolePanelLoadingBay
0  -8.793708 -1.632993 40.653511  -0.405288 -0.228770 0.885102  0.578495 0.566859 1 0 1.000000
0  -7.739645 -1.749934 41.105942  -0.405289 -0.228774 0.885100  0.583825 0.581402 1 0 1.000000
0  -7.068242 -0.624031 41.396957  -0.214697 0.104287 0.971097  0.532731 0.581402 1 0 1.000000
ConsolePanelLoadingBay
0  -7.739645 -1.749934 41.105942  -0.900715 0.108706 -0.420589  0.583825 0.581402 1 0 1.000000
0  -8.015638 -1.893138 41.659981  -0.999789 -0.005134 0.019863  0.581792 0.599211 1 0 1.000000
0  -7.206238 -0.535824 42.010811  -0.499887 0.833128 0.236665  0.530975 0.599211 1 0 1.000000
ConsolePanelLoadingBay
0  -9.490641 2.410442 38.576180  0.000005 -0.257955 0.966157  0.700520 0.427874 1 0 1.000000
0  -8.963360 1.888653 38.436867  0.000005 -0.257955 0.966157  0.712005 0.415779 1 0 1.000000
0  -3.759856 1.888653 38.436867  0.000005 -0.257955 0.966157  0.825587 0.415779 1 0 1.000000
ConsolePanelLoadingBay
0  -9.397805 -1.287206 39.315712  -0.521314 -0.213546 0.826214  0.577089 0.523855 1 0 1.000000
0  -8.141211 -1.479310 40.058933  -0.521316 -0.213554 0.826211  0.581070 0.547746 1 0 1.000000
0  -7.269025 -0.016707 40.436977  -0.272686 0.216777 0.937363  0.530399 0.547746 1 0 1.000000
ConsolePanelLoadingBay
0  -7.068242 -0.624031 41.396957  -0.450361 0.863931 -0.225384  0.814904 0.581402 1 0 1.000000
0  -7.206238 -0.535824 42.010811  -0.499887 0.833128 0.236665  0.813148 0.599211 1 0 1.000000
0  -5.587440 -0.535824 42.010811  0.499895 0.833177 0.236478  0.752961 0.599211 1 0 1.000000
ConsolePanelLoadingBay
0  -5.725436 -0.624031 41.396957  0.450355 0.863934 -0.225383  0.751205 0.581402 1 0 1.000000
0  -5.587440 -0.535824 42.010811  0.499895 0.833177 0.236478  0.752961 0.599211 1 0 1.000000
0  -4.778040 -1.893138 41.659981  0.999801 -0.004990 0.019301  0.719311 0.596350 1 0 1.000000
ConsolePanelLoadingBay
0  -5.054033 -1.749934 41.105942  0.900716 0.108711 -0.420586  0.709768 0.580329 1 0 1.000000
0  -4.778040 -1.893138 41.659981  0.999801 -0.004990 0.019301  0.719311 0.596350 1 0 1.000000
0  -5.587440 -3.250452 41.309151  0.499895 -0.843412 -0.196878  0.678137 0.597065 1 0 1.000000
ConsolePanelLoadingBay
0  -5.725436 -2.875836 40.814926  0.450360 -0.646509 -0.615794  0.678137 0.577467 1 0 1.000000
0  -5.587440 -3.250452 41.309151  0.499895 -0.843412 -0.196878  0.678137 0.597065 1 0 1.000000
0  -7.206238 -3.250452 41.309151  -0.499895 -0.843412 -0.196878  0.623967 0.599211 1 0 1.000000
ConsolePanelLoadingBay
0  -7.068242 -2.875836 40.814926  -0.450355 -0.646512 -0.615794  0.623967 0.581402 1 0 1.000000
0  -7.206238 -3.250452 41.309151  -0.499895 -0.843412 -0.196878  0.623967 0.599211 1 0 1.000000
0  -8.015638 -1.893138 41.659981  -0.999789 -0.005134 0.019863  0.581792 0.599211 1 0 1.000000
ConsolePanelLoadingBay
0  -8.015638 -1.893138 41.659981  -0.999789 -0.005134 0.019863  0.581792 0.599211 1 0 1.000000
0  -7.739645 -2.023052 42.162598  -0.882972 -0.117471 0.454490  0.583825 0.615368 1 0 1.000000
0  -7.068242 -0.897150 42.453613  -0.441484 0.622873 0.645849  0.532731 0.615368 1 0 1.000000
ConsolePanelLoadingBay
0  -7.206238 -0.535824 42.010811  -0.499887 0.833128 0.236665  0.813148 0.599211 1 0 1.000000
0  -7.068242 -0.897150 42.453613  -0.441484 0.622873 0.645849  0.814904 0.615368 1 0 1.000000
0  -5.725436 -0.897150 42.453613  0.441486 0.622871 0.645849  0.751205 0.615368 1 0 1.000000
ConsolePanelLoadingBay
0  -5.587440 -0.535824 42.010811  0.499895 0.833177 0.236478  0.752961 0.599211 1 0 1.000000
0  -5.725436 -0.897150 42.453613  0.441486 0.622871 0.645849  0.751205 0.615368 1 0 1.000000
0  -5.054033 -2.023052 42.162598  0.882971 -0.117476 0.454490  0.721928 0.614653 1 0 1.000000
ConsolePanelLoadingBay
0  -4.778040 -1.893138 41.659981  0.999801 -0.004990 0.019301  0.719311 0.596350 1 0 1.000000
0  -5.054033 -2.023052 42.162598  0.882971 -0.117476 0.454490  0.721928 0.614653 1 0 1.000000
0  -5.725436 -3.148954 41.871582  0.441484 -0.857821 0.263127  0.678137 0.614653 1 0 1.000000
ConsolePanelLoadingBay
0  -5.587440 -3.250452 41.309151  0.499895 -0.843412 -0.196878  0.678137 0.597065 1 0 1.000000
0  -5.725436 -3.148954 41.871582  0.441484 -0.857821 0.263127  0.678137 0.614653 1 0 1.000000
0  -7.068242 -3.148954 41.871582  -0.441487 -0.857819 0.263127  0.623967 0.615368 1 0 1.000000
ConsolePanelLoadingBay
0  -7.206238 -3.250452 41.309151  -0.499895 -0.843412 -0.196878  0.623967 0.599211 1 0 1.000000
0  -7.068242 -3.148954 41.871582  -0.441487 -0.857819 0.263127  0.623967 0.615368 1 0 1.000000
0  -7.739645 -2.023052 42.162598  -0.882972 -0.117471 0.454490  0.583825 0.615368 1 0 1.000000
ConsolePanelLoadingBay
0  -7.068242 -3.148954 41.871582  -0.000012 -0.250257 0.968179  0.623967 0.615368 1 0 1.000000
0  -6.814286 -2.963721 41.919464  -0.000010 -0.250262 0.968178  0.623967 0.626317 1 0 1.000000
0  -7.231732 -2.023052 42.162598  -0.000002 -0.250251 0.968181  0.590629 0.626317 1 0 1.000000
ConsolePanelLoadingBay
0  -9.490641 -4.071084 36.845665  -0.000002 -0.440489 0.897758  0.700520 0.277809 1 0 1.000000
0  -8.963360 -3.549295 36.984978  -0.000005 -0.257956 0.966157  0.712005 0.289915 1 0 1.000000
0  -8.963360 1.888653 38.436867  0.000005 -0.257955 0.966157  0.712005 0.415779 1 0 1.000000
ConsolePanelLoadingBay
0  -3.232575 2.410442 38.576180  0.000004 -0.257955 0.966157  0.837075 0.427874 1 0 1.000000
0  -3.759856 1.888653 38.436867  0.000005 -0.257955 0.966157  0.825587 0.415779 1 0 1.000000
0  -3.759856 -3.549295 36.984978  -0.000003 -0.257955 0.966157  0.825587 0.289915 1 0 1.000000
ConsolePanelLoadingBay
0  -8.963360 1.888653 38.436867  0.000000 0.966157 0.257955  0.880982 0.647469 1 0 1.000000
0  -8.963360 1.674662 39.238358  0.000000 0.966157 0.257955  0.862958 0.647469 1 0 1.000000
0  -3.759856 1.674662 39.238358  0.000000 0.966157 0.257956  0.862958 0.533925 1 0 1.000000
ConsolePanelLoadingBay
0  -9.490641 2.410442 38.576180  0.000000 0.776091 0.630621  0.700520 0.427874 1 0 1.000000
0  -3.232575 2.410442 38.576180  0.000000 0.776091 0.630621  0.837075 0.427874 1 0 1.000000
0  -3.232575 2.669593 38.257248  0.000000 0.776091 0.630621  0.837075 0.449188 1 0 1.000000
ConsolePanelLoadingBay
0  -3.759856 -3.549295 36.984978  0.000000 -0.966157 -0.257956  0.863286 0.286433 1 0 1.000000
0  -3.759856 -3.763286 37.786469  0.000000 -0.966157 -0.257956  0.881311 0.286433 1 0 1.000000
0  -8.963360 -3.763286 37.786469  0.000000 -0.966157 -0.257955  0.881311 0.399977 1 0 1.000000
ConsolePanelLoadingBay
0  -2.285111 2.986941 38.555119  -0.868348 -0.325462 0.374228  0.379738 0.781337 1 0 1.000000
0  -2.285111 -6.809865 30.034954  -0.868349 -0.325460 0.374227  0.379756 0.630799 1 0 1.000000
0  -2.142043 -7.090186 30.123137  -0.868349 -0.325460 0.374227  0.381605 0.629021 1 0 1.000000
ConsolePanelLoadingBay
0  -5.198405 -3.642695 40.134056  0.202641 -0.568600 0.797265  0.678137 0.566143 1 0 1.000000
0  -5.725436 -2.875836 40.814926  0.202644 -0.568598 0.797265  0.678137 0.577467 1 0 1.000000
0  -7.068242 -2.875836 40.814926  -0.202646 -0.568597 0.797265  0.623967 0.581402 1 0 1.000000
ConsolePanelLoadingBay
0  -3.759856 1.888653 38.436867  1.000000 0.000000 0.000000  0.880982 0.533925 1 0 1.000000
0  -3.759856 1.674662 39.238358  1.000000 0.000000 0.000000  0.862958 0.533925 1 0 1.000000
0  -3.759856 -3.763286 37.786469  1.000000 0.000000 0.000000  0.863213 0.399951 1 0 1.000000
ConsolePanelLoadingBay
0  -3.759856 -3.549295 36.984978  -0.000003 -0.257955 0.966157  0.825587 0.289915 1 0 1.000000
0  -8.963360 -3.549295 36.984978  -0.000005 -0.257956 0.966157  0.712005 0.289915 1 0 1.000000
0  -9.490641 -4.071084 36.845665  -0.000002 -0.440489 0.897758  0.700520 0.277809 1 0 1.000000
ConsolePanelLoadingBay
0  -8.963360 -3.549295 36.984978  -1.000000 -0.000001 0.000000  0.881237 0.781443 1 0 1.000000
0  -8.963360 -3.763286 37.786469  -1.000000 -0.000001 0.000000  0.863213 0.781443 1 0 1.000000
0  -8.963360 1.674662 39.238358  -1.000000 0.000000 0.000000  0.862958 0.647469 1 0 1.000000
ConsolePanelLoadingBay
0  -8.521437 -1.081462 38.519714  -0.684191 0.182504 -0.706099  0.579383 0.498267 1 0 1.000000
0  -9.397805 -1.287206 39.315712  -0.684192 0.182497 -0.706099  0.577089 0.523855 1 0 1.000000
0  -7.897322 1.229013 39.966087  -0.354135 0.749372 -0.559491  0.527589 0.523855 1 0 1.000000
ConsolePanelLoadingBay
0  -3.395873 -1.287206 39.315712  0.521314 -0.213562 0.826210  0.706847 0.523855 1 0 1.000000
0  -4.652468 -1.479310 40.058933  0.521314 -0.213554 0.826212  0.702866 0.547746 1 0 1.000000
0  -5.524653 -2.941912 39.680889  0.260657 -0.650661 0.713231  0.678137 0.546315 1 0 1.000000
ConsolePanelLoadingBay
0  -7.459138 0.699949 38.980164  -0.329998 0.762854 -0.556017  0.811311 0.498267 1 0 1.000000
0  -7.897322 1.229013 39.966087  -0.329998 0.762854 -0.556018  0.809762 0.523855 1 0 1.000000
0  -4.896356 1.229013 39.966087  0.342032 0.756225 -0.557797  0.756347 0.523855 1 0 1.000000
ConsolePanelLoadingBay
0  -7.459138 -2.862873 38.059265  -0.342093 -0.391168 -0.854377  0.623967 0.498267 1 0 1.000000
0  -7.897322 -3.803425 38.665337  -0.342089 -0.391171 -0.854377  0.623967 0.523855 1 0 1.000000
0  -9.397805 -1.287206 39.315712  -0.684192 0.182497 -0.706099  0.577089 0.523855 1 0 1.000000
ConsolePanelLoadingBay
0  -5.524653 -2.941912 39.680889  0.342691 -0.392424 -0.853561  0.678137 0.546315 1 0 1.000000
0  -5.198405 -3.642695 40.134056  0.342692 -0.392423 -0.853561  0.678137 0.566143 1 0 1.000000
0  -7.595273 -3.642695 40.134056  -0.342677 -0.392432 -0.853563  0.623967 0.566859 1 0 1.000000
ConsolePanelLoadingBay
0  -7.897322 -3.803425 38.665337  -0.260664 -0.650657 0.713232  0.623967 0.523855 1 0 1.000000
0  -7.269025 -2.941912 39.680889  -0.260656 -0.650661 0.713231  0.623967 0.547746 1 0 1.000000
0  -8.141211 -1.479310 40.058933  -0.521316 -0.213554 0.826211  0.581070 0.547746 1 0 1.000000
ConsolePanelLoadingBay
0  -3.232575 2.410442 38.576180  1.000000 -0.000000 0.000000  0.688723 0.839005 1 0 1.000000
0  -3.232575 -4.071084 36.845665  1.000000 0.000000 0.000000  0.837200 0.907484 1 0 1.000000
0  -3.232575 -8.128223 32.186554  1.000000 0.000000 0.000000  0.978938 0.888450 1 0 1.000000
ConsolePanelLoadingBay
0  -3.232575 -8.128223 32.186554  1.000000 0.000000 0.000000  0.978938 0.888450 1 0 1.000000
0  -3.232575 -6.611533 30.216599  1.000000 0.000000 0.000000  0.976602 0.831316 1 0 1.000000
0  -3.232575 -1.957830 34.281216  1.000000 -0.000000 0.000000  0.831485 0.831000 1 0 1.000000
ConsolePanelLoadingBay
0  -3.232575 -1.957830 34.281216  1.000000 -0.000000 0.000000  0.831485 0.831000 1 0 1.000000
0  -3.232575 2.669593 38.257248  1.000000 -0.000000 0.000000  0.688083 0.829549 1 0 1.000000
0  -3.232575 2.410442 38.576180  1.000000 -0.000000 0.000000  0.688723 0.839005 1 0 1.000000
ConsolePanelLoadingBay
0  -28.646776 1.464850 39.064774  0.000000 -0.656232 0.754559  0.039408 0.713262 1 0 1.000000
0  -29.378263 1.693475 39.263607  0.000000 -0.656233 0.754558  0.030381 0.717000 1 0 1.000000
0  -30.109749 1.464850 39.064774  0.000000 -0.656232 0.754559  0.021355 0.713262 1 0 1.000000
ConsolePanelLoadingBay
0  -30.109749 1.464850 39.064774  0.000000 -0.656232 0.754559  0.021355 0.713262 1 0 1.000000
0  -30.412741 0.912900 38.584747  0.000000 -0.656233 0.754559  0.017617 0.704235 1 0 1.000000
0  -30.109749 0.360950 38.104725  0.000000 -0.656232 0.754559  0.021355 0.695209 1 0 1.000000
ConsolePanelLoadingBay
0  -30.109749 0.360950 38.104725  0.000000 -0.656232 0.754559  0.021355 0.695209 1 0 1.000000
0  -29.378263 0.132325 37.905891  0.000000 -0.656233 0.754558  0.030381 0.691471 1 0 1.000000
0  -28.646776 0.360950 38.104725  0.000000 -0.656231 0.754560  0.039408 0.695209 1 0 1.000000
ConsolePanelLoadingBay
0  -28.646776 0.360950 38.104725  0.000000 -0.656231 0.754560  0.039408 0.695209 1 0 1.000000
0  -28.343786 0.912900 38.584747  0.000000 -0.656233 0.754559  0.043146 0.704235 1 0 1.000000
0  -28.646776 1.464850 39.064774  0.000000 -0.656232 0.754559  0.039408 0.713262 1 0 1.000000
ConsolePanelLoadingBay
0  -28.646776 1.464850 39.064774  0.000000 -0.656232 0.754559  0.039408 0.713262 1 0 1.000000
0  -30.109749 1.464850 39.064774  0.000000 -0.656232 0.754559  0.021355 0.713262 1 0 1.000000
0  -30.109749 0.360950 38.104725  0.000000 -0.656232 0.754559  0.021355 0.695209 1 0 1.000000
ConsolePanelLoadingBay
0  -31.658623 -2.173477 34.375786  -0.250966 -0.635230 0.730410  0.005663 0.704326 1 0 1.000000
0  -30.479006 -2.374172 34.606556  -0.250964 -0.635229 0.730412  0.017617 0.704326 1 0 1.000000
0  -30.156605 -1.786867 35.117329  -0.177459 -0.501325 0.846866  0.021355 0.713352 1 0 1.000000
ConsolePanelLoadingBay
0  -30.990721 -0.956781 35.433933  -0.177457 -0.501324 0.846867  0.012903 0.721805 1 0 1.000000
0  -30.156605 -1.786867 35.117329  -0.177459 -0.501325 0.846866  0.021355 0.713352 1 0 1.000000
0  -29.378263 -1.543597 35.328896  -0.000002 -0.445860 0.895103  0.030381 0.717091 1 0 1.000000
ConsolePanelLoadingBay
0  -27.097902 -2.173477 34.375786  0.250966 -0.635231 0.730409  0.055100 0.704326 1 0 1.000000
0  -28.277521 -2.374172 34.606556  0.250963 -0.635230 0.730411  0.043146 0.704326 1 0 1.000000
0  -28.599920 -2.961478 34.095783  0.177459 -0.769134 0.613956  0.039408 0.695300 1 0 1.000000
ConsolePanelLoadingBay
0  -29.378263 2.240438 38.634689  0.000011 0.754561 0.656230  0.030381 0.717000 1 0 1.000000
0  -29.378263 1.693475 39.263607  -0.000013 0.754559 0.656232  0.030381 0.717000 1 0 1.000000
0  -28.646776 1.464850 39.064774  0.707102 0.533557 0.464030  0.039408 0.713262 1 0 1.000000
ConsolePanelLoadingBay
0  -28.277521 -2.374172 34.606556  1.000000 -0.000007 -0.000006  0.043146 0.704326 1 0 1.000000
0  -28.277521 -2.921136 35.235474  1.000000 0.000009 0.000008  0.043146 0.704326 1 0 1.000000
0  -28.599920 -3.508442 34.724701  0.707113 -0.533549 -0.464022  0.039408 0.695300 1 0 1.000000
ConsolePanelLoadingBay
0  -27.765804 -0.956781 35.433933  0.177463 -0.501327 0.846863  0.047860 0.721805 1 0 1.000000
0  -28.599920 -1.786867 35.117329  0.177459 -0.501326 0.846865  0.039408 0.713352 1 0 1.000000
0  -28.277521 -2.374172 34.606556  0.250963 -0.635230 0.730411  0.043146 0.704326 1 0 1.000000
ConsolePanelLoadingBay
0  -30.156605 -2.961478 34.095783  -0.177459 -0.769134 0.613956  0.021355 0.695300 1 0 1.000000
0  -30.479006 -2.374172 34.606556  -0.250964 -0.635229 0.730412  0.017617 0.704326 1 0 1.000000
0  -31.658623 -2.173477 34.375786  -0.250966 -0.635230 0.730410  0.005663 0.704326 1 0 1.000000
ConsolePanelLoadingBay
0  -7.231732 -2.023052 42.162598  -0.996664 0.024065 0.077982  0.590629 0.626317 1 0 1.000000
0  -7.060112 -1.522634 44.500885  -0.999742 0.003429 -0.022466  0.581515 0.681928 1 0 1.000000
0  -6.654623 -0.943756 44.340263  -0.899257 0.429730 -0.081663  0.527123 0.672580 1 0 1.000000
ConsolePanelLoadingBay
0  -6.814286 -1.082383 42.405739  0.000000 0.997442 -0.071476  0.810669 0.626317 1 0 1.000000
0  -6.654623 -0.943756 44.340263  -0.000000 0.932811 -0.360366  0.811799 0.672580 1 0 1.000000
0  -6.139055 -0.943756 44.340263  0.000000 0.932831 -0.360314  0.790433 0.672580 1 0 1.000000
ConsolePanelLoadingBay
0  -5.575403 -1.571496 46.067795  0.996905 -0.066478 -0.041977  0.742529 0.729712 1 0 1.000000
0  -5.575403 -0.036358 47.902557  0.998428 -0.045040 0.033351  0.787783 0.772851 1 0 1.000000
0  -5.737854 -0.350259 48.073277  0.907193 -0.322668 0.269975  0.678137 0.786481 1 0 1.000000
ConsolePanelLoadingBay
0  -5.979393 -1.082383 42.405739  0.882023 0.471207 0.000238  0.755440 0.626317 1 0 1.000000
0  -6.139055 -0.943756 44.340263  0.895706 0.434909 -0.092545  0.790433 0.672580 1 0 1.000000
0  -5.733566 -1.522634 44.500885  0.999634 -0.008430 -0.025697  0.736042 0.681928 1 0 1.000000
ConsolePanelLoadingBay
0  -7.218276 -1.571496 46.067795  -0.996661 -0.066934 -0.046756  0.578596 0.729523 1 0 1.000000
0  -7.218276 -0.036358 47.902557  -0.998431 -0.045006 0.033328  0.529773 0.772851 1 0 1.000000
0  -6.911884 0.124413 46.619682  -0.948442 0.239069 -0.208094  0.525821 0.732944 1 0 1.000000
ConsolePanelLoadingBay
0  -31.791149 7.909288 0.001321  -0.848217 0.494757 0.189061  0.505119 0.003748 1 0 1.000000
0  -31.791149 -7.876825 0.001321  -0.879776 -0.445670 0.165446  0.631300 0.003734 1 0 1.000000
0  -31.815548 -7.868244 29.163874  -1.000000 0.000617 -0.000523  0.631232 0.239292 1 0 1.000000
ConsolePanelLoadingBay
0  -31.815548 -7.868244 29.163874  -1.000000 0.000617 -0.000523  0.631232 0.239292 1 0 1.000000
0  -31.815548 4.222677 39.711563  -1.000000 0.000213 -0.000636  0.534900 0.324501 1 0 1.000000
0  -31.815548 7.909286 39.711563  -1.000000 -0.000691 -0.000531  0.505120 0.324505 1 0 1.000000
ConsolePanelLoadingBay
0  -30.156605 -1.786867 35.117329  -0.707096 0.533563 0.464032  0.021355 0.713352 1 0 1.000000
0  -30.156605 -2.333831 35.746246  -0.707116 0.533547 0.464020  0.021355 0.713352 1 0 1.000000
0  -29.378263 -2.090561 35.957817  -0.000012 0.754561 0.656230  0.030381 0.717091 1 0 1.000000
ConsolePanelLoadingBay
0  -29.378263 -3.204748 33.884212  -0.000009 -0.754560 -0.656231  0.030381 0.691561 1 0 1.000000
0  -29.378263 -3.751712 34.513134  0.000010 -0.754560 -0.656231  0.030381 0.691561 1 0 1.000000
0  -30.156605 -3.508442 34.724701  -0.707098 -0.533562 -0.464031  0.021355 0.695300 1 0 1.000000
ConsolePanelLoadingBay
0  -29.378263 0.043475 36.318703  -0.000003 -0.833266 0.552872  0.030381 0.679320 1 0 1.000000
0  -29.378263 0.679289 37.276974  0.000001 -0.833266 0.552872  0.030381 0.691471 1 0 1.000000
0  -30.109749 0.907914 37.475807  -0.188047 -0.774492 0.603987  0.021355 0.695209 1 0 1.000000
ConsolePanelLoadingBay
0  9.522439 -9.594355 36.391663  -1.000000 -0.000000 0.000000  0.908078 0.030429 1 0 1.000000
0  9.522439 -11.400393 38.441818  -1.000000 -0.000000 0.000000  0.977124 0.030429 1 0 1.000000
0  9.522439 -4.292606 44.703278  -0.923820 0.287256 0.253062  0.977124 0.226310 1 0 1.000000
ConsolePanelLoadingBay
0  -7.055824 -0.350259 48.073277  -0.907191 -0.322672 0.269977  0.623967 0.780440 1 0 1.000000
0  -7.218276 -0.036358 47.902557  -0.998431 -0.045006 0.033328  0.529773 0.772851 1 0 1.000000
0  -7.218276 -1.571496 46.067795  -0.996661 -0.066934 -0.046756  0.578596 0.729523 1 0 1.000000
ConsolePanelLoadingBay
0  -12.330020 -3.925652 32.883549  0.000000 -0.656230 0.754561  0.250508 0.677993 1 0 1.000000
0  -12.330020 -3.139037 33.567657  0.000000 -0.656230 0.754561  0.250508 0.689607 1 0 1.000000
0  -13.280828 -3.139037 33.567657  0.000000 -0.656230 0.754561  0.238176 0.689607 1 0 1.000000
ConsolePanelLoadingBay
0  -13.723059 -5.176240 31.438972  0.000000 -0.984797 -0.173708  0.232441 0.655809 1 0 1.000000
0  -13.900392 -5.230829 31.748451  0.000000 -0.984797 -0.173708  0.230141 0.657613 1 0 1.000000
0  -14.851200 -5.230829 31.748451  0.000000 -0.984797 -0.173708  0.217809 0.657613 1 0 1.000000
ConsolePanelLoadingBay
0  -31.222820 -7.705965 29.791555  0.000003 -0.656228 0.754563  0.517009 0.354893 1 0 1.000000
0  -31.140303 -7.813811 29.697762  0.000000 -0.656228 0.754562  0.518340 0.352587 1 0 1.000000
0  -30.975264 -7.813811 29.697762  -0.000002 -0.656233 0.754558  0.521003 0.352587 1 0 1.000000
ConsolePanelLoadingBay
0  -30.975264 -7.813811 29.697762  -0.000002 -0.656233 0.754558  0.521003 0.352587 1 0 1.000000
0  -30.892744 -7.705965 29.791555  -0.000020 -0.656242 0.754550  0.522334 0.354893 1 0 1.000000
0  -30.975264 -7.598116 29.885349  -0.000002 -0.656231 0.754560  0.521003 0.357198 1 0 1.000000
ConsolePanelLoadingBay
0  -30.975264 -7.598116 29.885349  -0.000002 -0.656231 0.754560  0.521003 0.357198 1 0 1.000000
0  -31.140303 -7.598116 29.885349  0.000000 -0.656221 0.754569  0.518340 0.357198 1 0 1.000000
0  -31.222820 -7.705965 29.791555  0.000003 -0.656228 0.754563  0.517009 0.354893 1 0 1.000000
ConsolePanelLoadingBay
0  -31.198973 3.866180 39.648636  -0.411871 0.166289 0.895941  0.517394 0.358838 1 0 1.000000
0  -31.140303 3.677612 39.710606  -0.411884 0.166278 0.895937  0.518340 0.357198 1 0 1.000000
0  -30.975264 3.677612 39.710606  0.411886 0.166280 0.895936  0.521003 0.357198 1 0 1.000000
ConsolePanelLoadingBay
0  -9.490641 -1.957830 34.281216  -1.000000 -0.000000 0.000000  0.513263 0.829356 1 0 1.000000
0  -9.490641 -6.611533 30.216599  -1.000000 -0.000000 0.000000  0.658380 0.829672 1 0 1.000000
0  -9.490641 -8.128223 32.186554  -1.000000 -0.000000 0.000000  0.660716 0.886806 1 0 1.000000
ConsolePanelLoadingBay
0  -9.490641 -8.128223 32.186554  -1.000000 -0.000000 0.000000  0.660716 0.886806 1 0 1.000000
0  -9.490641 -4.071084 36.845665  -1.000000 0.000000 0.000000  0.518979 0.905840 1 0 1.000000
0  -9.490641 2.410442 38.576180  -1.000000 0.000000 0.000000  0.370501 0.837361 1 0 1.000000
ConsolePanelLoadingBay
0  -9.490641 2.410442 38.576180  -1.000000 0.000000 0.000000  0.370501 0.837361 1 0 1.000000
0  -9.490641 2.669593 38.257248  -1.000000 0.000000 0.000000  0.369861 0.827905 1 0 1.000000
0  -9.490641 -1.957830 34.281216  -1.000000 -0.000000 0.000000  0.513263 0.829356 1 0 1.000000
ConsolePanelLoadingBay
0  -6.112804 -0.373864 45.065742  0.932646 0.310126 -0.184375  0.793345 0.690001 1 0 1.000000
0  -5.881793 0.124413 46.619682  0.948445 0.239043 -0.208113  0.791735 0.732944 1 0 1.000000
0  -5.575403 -0.036358 47.902557  0.998428 -0.045040 0.033351  0.787783 0.772851 1 0 1.000000
ConsolePanelLoadingBay
0  5.768137 3.461918 39.523018  -0.411882 -0.910342 -0.040383  0.518340 0.352587 1 0 1.000000
0  5.685617 3.569765 39.616814  -0.823768 -0.372034 0.427781  0.517009 0.354893 1 0 1.000000
0  5.568277 3.681654 39.488159  -0.823769 -0.372034 0.427780  0.515116 0.354893 1 0 1.000000
ConsolePanelLoadingBay
0  -6.654623 -0.943756 44.340263  -0.000000 0.932811 -0.360366  0.811799 0.672580 1 0 1.000000
0  -6.680874 -0.373864 45.065742  0.000001 0.883241 -0.468919  0.808888 0.690001 1 0 1.000000
0  -6.112804 -0.373864 45.065742  -0.000000 0.883235 -0.468930  0.793345 0.690001 1 0 1.000000
end
